days_to_departure,search_date,departure_date,flight_id,origin,destination,distance_km,origin_type,destination_type,airline,travel_class,passengers_total,trip_type,stops,duration_minutes,price,depart_hour,departure_time,arrival_time,depart_dow,depart_month,depart_is_weekend,depart_season,is_holiday_depart,search_dow,search_month,search_is_weekend,search_season
0,2026-05-24,2026-05-24,e407e2a4facfb4f03aeb5e9a31e05bab9863f5458118f8e1df024b9dad9cf99e,WAW,ORY,1366.4198179189048,large_airport,large_airport,LOT,Economy,1,One_way,1.0,1245.0,723.0,22.0,Night,Evening,1,5,0,1,0,1,5,0,1
0,2026-05-24,2026-05-24,98fbfbd136685fa9b3e82cdb6df0e6e6124ecc5609c88a78044a3dd37ef58350,WAW,ORY,1366.4198179189048,large_airport,large_airport,LOT,Business,1,One_way,1.0,1245.0,1378.0,22.0,Night,Evening,1,5,0,1,0,1,5,0,1
1,2026-05-24,2026-05-25,7fc614fae3e960673588246106bfcc6e57eb487d2f7dd7007814d1fc3b5cd02c,KRK,CDG,1246.0836651616955,large_airport,large_airport,"Scandinavian Airlines, Lufthansa",Premium economy,1,One_way,2.0,470.0,5573.0,10.0,Morning,Evening,2,5,0,1,0,1,5,0,1
1,2026-05-24,2026-05-25,1849630099072b110548b5d9dc0a5d0ef766f042dda3a741d67f22ae3b3a6c8c,KRK,CDG,1246.0836651616955,large_airport,large_airport,"Scandinavian Airlines, Lufthansa",Premium economy,1,One_way,2.0,525.0,5573.0,10.0,Morning,Evening,2,5,0,1,0,1,5,0,1
1,2026-05-24,2026-05-25,3d77eb43bf8aee8ae2d77c11fa318ac7e437143120b2c60e2a6a210d39780bd2,KRK,CDG,1246.0836651616955,large_airport,large_airport,"Scandinavian Airlines, British Airways",Premium economy,1,One_way,2.0,610.0,5808.0,10.0,Morning,Evening,2,5,0,1,0,1,5,0,1
1,2026-05-24,2026-05-25,4568a3209341d5f152c9bf6e573b696ae8aa0786e76ce41e97540dbdab06c99e,KRK,CDG,1246.0836651616955,large_airport,large_airport,,Premium economy,1,One_way,,,0.0,,,,2,5,0,1,0,1,5,0,1
1,2026-05-24,2026-05-25,bde03bf9ad370a7767c3f8c16afd46c70ddb3129753c6f6442dd95fbcfc99936,KRK,CDG,1246.0836651616955,large_airport,large_airport,easyJet,Economy,1,One_way,0.0,140.0,121.0,14.0,Afternoon,Afternoon,2,5,0,1,0,1,5,0,1
1,2026-05-24,2026-05-25,233841fe313d31e5293ca62f725c10db09d19e010af6b69de961ad0ee88303c5,KRK,CDG,1246.0836651616955,large_airport,large_airport,easyJet,Economy,1,One_way,0.0,140.0,153.0,9.0,Morning,Afternoon,2,5,0,1,0,1,5,0,1
1,2026-05-24,2026-05-25,6d97a400a734a6f709d99036ac8eb007a729988788531727b42e97adf2023ecb,KRK,CDG,1246.0836651616955,large_airport,large_airport,Air France,Economy,1,One_way,0.0,140.0,319.0,14.0,Afternoon,Afternoon,2,5,0,1,0,1,5,0,1
1,2026-05-24,2026-05-25,4e183d2e8212ed9fd2ff2400c8f78a4ec113a8daebbdb0487a2ecebba32ff8f0,KRK,CDG,1246.0836651616955,large_airport,large_airport,Norwegian,Economy,1,One_way,1.0,440.0,207.0,10.0,Morning,Evening,2,5,0,1,0,1,5,0,1
1,2026-05-24,2026-05-25,b81962b420beaf30b0640364beaf40e6bb8eefe0955c5fca35b5eb6efad8ae55,KRK,CDG,1246.0836651616955,large_airport,large_airport,LOT,Economy,1,One_way,1.0,250.0,244.0,5.0,Morning,Morning,2,5,0,1,0,1,5,0,1
1,2026-05-24,2026-05-25,dacb17c20b34f8f58f301c84a2066cf09f6a13f42cb0077b70b40be1614877a3,KRK,CDG,1246.0836651616955,large_airport,large_airport,LOT,Economy,1,One_way,1.0,395.0,244.0,12.0,Afternoon,Evening,2,5,0,1,0,1,5,0,1
1,2026-05-24,2026-05-25,7db842317d795ae89006bea413dbeed55591503532af1d7b12ae43a547c15a51,KRK,CDG,1246.0836651616955,large_airport,large_airport,LOT,Economy,1,One_way,1.0,310.0,244.0,13.0,Afternoon,Evening,2,5,0,1,0,1,5,0,1
1,2026-05-24,2026-05-25,82f3db04360c23209d03b05c4d5ccf900bde93368f2a9e2a4275e119d1e1885b,KRK,CDG,1246.0836651616955,large_airport,large_airport,LOT,Economy,1,One_way,1.0,235.0,244.0,14.0,Afternoon,Evening,2,5,0,1,0,1,5,0,1
1,2026-05-24,2026-05-25,4e3c6c418e78bf7823fb9624b50ee24622ed91e943cc99739e243842a0847d84,KRK,CDG,1246.0836651616955,large_airport,large_airport,Austrian,Economy,1,One_way,1.0,270.0,247.0,14.0,Afternoon,Evening,2,5,0,1,0,1,5,0,1
1,2026-05-24,2026-05-25,72cec4fa58d228cb3376bff9f94cd2cca5360afb05ea68e53db929979daffcb9,KRK,CDG,1246.0836651616955,large_airport,large_airport,SWISS,Economy,1,One_way,1.0,240.0,249.0,19.0,Evening,Night,2,5,0,1,0,1,5,0,1
1,2026-05-24,2026-05-25,9c41f4c0f988a408dff011171dea8828db353cb9c210b8f2efe5c937c6950741,KRK,CDG,1246.0836651616955,large_airport,large_airport,Lufthansa,Economy,1,One_way,1.0,230.0,249.0,13.0,Afternoon,Evening,2,5,0,1,0,1,5,0,1
1,2026-05-24,2026-05-25,61f204800ada424a939a010dbbe8af007f350e102f925ba3815086513664ffd5,KRK,CDG,1246.0836651616955,large_airport,large_airport,Lufthansa,Economy,1,One_way,1.0,305.0,259.0,12.0,Afternoon,Evening,2,5,0,1,0,1,5,0,1
1,2026-05-24,2026-05-25,123bc9ea3b4ef32e47b8eb30f8d5250fbad1bdf3b3bc312c8a3a3cf646fde570,KRK,CDG,1246.0836651616955,large_airport,large_airport,Lufthansa,Economy,1,One_way,1.0,280.0,259.0,14.0,Afternoon,Evening,2,5,0,1,0,1,5,0,1
1,2026-05-24,2026-05-25,32ddcfb8d825b029275aff912765e8d4431b57db535c2823d9782e0274cd2b79,KRK,CDG,1246.0836651616955,large_airport,large_airport,KLM,Economy,1,One_way,1.0,430.0,296.0,6.0,Morning,Afternoon,2,5,0,1,0,1,5,0,1
1,2026-05-24,2026-05-25,a1e791e1150c205a80d5e1a9a4e9c7ec5acd9c0a2e66ddb25cc5dd5cdc724fb8,KRK,CDG,1246.0836651616955,large_airport,large_airport,KLM,Economy,1,One_way,1.0,435.0,296.0,11.0,Morning,Evening,2,5,0,1,0,1,5,0,1
1,2026-05-24,2026-05-25,82ba08bbd816b089fe2c59fba8bfdb84b13487dfb104789e73800c9161161ac3,KRK,CDG,1246.0836651616955,large_airport,large_airport,KLM,Economy,1,One_way,1.0,300.0,296.0,14.0,Afternoon,Evening,2,5,0,1,0,1,5,0,1
1,2026-05-24,2026-05-25,92325fd0e2e054288e34d129c41535553a0c92302222f3356f0cfac1f0a2aed4,KRK,CDG,1246.0836651616955,large_airport,large_airport,"KLM, Air France",Economy,1,One_way,1.0,330.0,305.0,6.0,Morning,Afternoon,2,5,0,1,0,1,5,0,1
1,2026-05-24,2026-05-25,5f1f58870830e1e08405465eb3368ffcd9fad9ca635a0a7dd7905f82453ea7f0,KRK,CDG,1246.0836651616955,large_airport,large_airport,"KLM, Air France",Economy,1,One_way,1.0,250.0,305.0,11.0,Morning,Afternoon,2,5,0,1,0,1,5,0,1
1,2026-05-24,2026-05-25,a17054c845951605fe55a68bf82dc3dbc9e5c76f09ebc1dd2b87335e75d47391,KRK,CDG,1246.0836651616955,large_airport,large_airport,"KLM, Air France",Economy,1,One_way,1.0,360.0,305.0,14.0,Afternoon,Evening,2,5,0,1,0,1,5,0,1
1,2026-05-24,2026-05-25,0fbc0cd4946ff394d277421aa3436cd88cd1ed184659bae48d68b145fa1ec977,KRK,CDG,1246.0836651616955,large_airport,large_airport,"KLM, Air France",Economy,1,One_way,1.0,465.0,305.0,14.0,Afternoon,Night,2,5,0,1,0,1,5,0,1
1,2026-05-24,2026-05-25,6f75d6aa7c9fa364c6e09df1cd837385d5d29d4aea54eb3edc0114c09477ad11,KRK,CDG,1246.0836651616955,large_airport,large_airport,"KLM, Air France",Economy,1,One_way,1.0,265.0,330.0,6.0,Morning,Morning,2,5,0,1,0,1,5,0,1
1,2026-05-24,2026-05-25,bf90ed867398f547477f2d9dfc66442788d7e05c63a7c1c982c46eb9cdf9f7b2,KRK,CDG,1246.0836651616955,large_airport,large_airport,KLM,Economy,1,One_way,1.0,355.0,362.0,11.0,Morning,Evening,2,5,0,1,0,1,5,0,1
1,2026-05-24,2026-05-25,f9d7e693bf4611b03026d633a12028051d5d728cbf1f8607fdc2ff94b79a263d,KRK,CDG,1246.0836651616955,large_airport,large_airport,SWISS,Economy,1,One_way,1.0,270.0,538.0,9.0,Morning,Afternoon,2,5,0,1,0,1,5,0,1
1,2026-05-24,2026-05-25,8d61d0f68988b96152d2662a610a4ea1f5ba5df2b93d1b735e5537b5d73a67a3,KRK,CDG,1246.0836651616955,large_airport,large_airport,Norwegian,Economy,1,One_way,1.0,495.0,680.0,12.0,Afternoon,Evening,2,5,0,1,0,1,5,0,1
1,2026-05-24,2026-05-25,f039c4e77bb22470fcae3f464f29e6287c02b3ebe4d0acea92e3757d5e95e1e2,KRK,ORY,1265.5297301624755,large_airport,large_airport,LOT,Business,1,One_way,0.0,150.0,734.0,17.0,Evening,Evening,2,5,0,1,0,1,5,0,1
1,2026-05-24,2026-05-25,477a229dcbd566d92982ccf65b81906bfb2b4090e386054efaea0ec5f771aa1a,KRK,ORY,1265.5297301624755,large_airport,large_airport,"British Airways, Vueling",Business,1,One_way,1.0,1300.0,737.0,19.0,Evening,Evening,2,5,0,1,0,1,5,0,1
1,2026-05-24,2026-05-25,f0331001e1b673c71c8f258757b642ebd26cf2e1bf6a8b5a0a881854ff250a6f,KRK,ORY,1265.5297301624755,large_airport,large_airport,"Lufthansa, ITA",Business,1,One_way,2.0,1365.0,1741.0,11.0,Morning,Morning,2,5,0,1,0,1,5,0,1
1,2026-05-24,2026-05-25,027aee4c50b2bdb77d9053baab8c9e8db8081943294d4353856fe33ab31b9336,KRK,ORY,1265.5297301624755,large_airport,large_airport,"Lufthansa, ITA",Business,1,One_way,2.0,1265.0,1741.0,12.0,Afternoon,Morning,2,5,0,1,0,1,5,0,1
1,2026-05-24,2026-05-25,26fe000d625c97e1025a3d7283481d59a404fae11f44e2c071326649e5e173ae,KRK,ORY,1265.5297301624755,large_airport,large_airport,"Lufthansa, ITA",Business,1,One_way,2.0,1185.0,1741.0,14.0,Afternoon,Morning,2,5,0,1,0,1,5,0,1
1,2026-05-24,2026-05-25,e0e8cca327a145289e02252b04d3208a17b387a454955b444e39274857a14fef,KRK,ORY,1265.5297301624755,large_airport,large_airport,"Lufthansa, Air Dolomiti, ITA",Business,1,One_way,2.0,895.0,1741.0,19.0,Evening,Morning,2,5,0,1,0,1,5,0,1
1,2026-05-24,2026-05-25,1c181dc7f26c17757078eb72d7c16baeeb77df87fd5a5cf5c46b96f24794c833,KRK,ORY,1265.5297301624755,large_airport,large_airport,"Brussels Airlines, ITA",Business,1,One_way,2.0,1460.0,2133.0,18.0,Evening,Evening,2,5,0,1,0,1,5,0,1
1,2026-05-24,2026-05-25,d2a2bd7528fd913fa0ce1ab92a0c6a85d48701fb38040a1dee5d2b0655efe721,KRK,ORY,1265.5297301624755,large_airport,large_airport,"British Airways, Iberia",Business,1,One_way,2.0,1050.0,2401.0,19.0,Evening,Afternoon,2,5,0,1,0,1,5,0,1
1,2026-05-24,2026-05-25,18c27917bcdea71a46d7b4dc616ae3660b998a4002cc52c4241921ac80556577,KRK,ORY,1265.5297301624755,large_airport,large_airport,,Business,1,One_way,,,0.0,,,,2,5,0,1,0,1,5,0,1
1,2026-05-24,2026-05-25,ed45632f6936510868c0ffc244b065bf2c85f55c0962010847e19cbcb57e37db,KRK,ORY,1265.5297301624755,large_airport,large_airport,LOT,Economy,1,One_way,0.0,150.0,199.0,17.0,Evening,Evening,2,5,0,1,0,1,5,0,1
1,2026-05-24,2026-05-25,6a7a5e00054e5f3ee05cfbaa2af6ece28f8b49ff02531499f1673cef683ac400,KRK,ORY,1265.5297301624755,large_airport,large_airport,"British Airways, Vueling",Economy,1,One_way,1.0,1300.0,511.0,19.0,Evening,Evening,2,5,0,1,0,1,5,0,1
1,2026-05-24,2026-05-25,323e20ee7efda7b167f17403136d66ff64071f9c38aafcc9bc610fe1164a41e7,KRK,ORY,1265.5297301624755,large_airport,large_airport,"LOT, Tap Air Portugal",Economy,1,One_way,2.0,1105.0,804.0,14.0,Afternoon,Morning,2,5,0,1,0,1,5,0,1
1,2026-05-24,2026-05-25,2b1d40b34d5acfd19e0c0503bf831e89596771186f95bb18d2c298e5db0305d0,KRK,ORY,1265.5297301624755,large_airport,large_airport,"LOT, Tap Air Portugal",Economy,1,One_way,2.0,1205.0,850.0,14.0,Afternoon,Morning,2,5,0,1,0,1,5,0,1
1,2026-05-24,2026-05-25,634b115e94e86f11998d6ff5261512b7a2b9aa6ea9e4231c551c4a34cf7e3507,KRK,ORY,1265.5297301624755,large_airport,large_airport,"LOT, Tap Air Portugal",Economy,1,One_way,2.0,1365.0,962.0,14.0,Afternoon,Afternoon,2,5,0,1,0,1,5,0,1
1,2026-05-24,2026-05-25,264ee3fd0beb4ff63938ff31c6323486e019aea6b6849fbfaa0b6154252431fd,KRK,ORY,1265.5297301624755,large_airport,large_airport,"Lufthansa, ITA",Economy,1,One_way,2.0,700.0,963.0,6.0,Morning,Evening,2,5,0,1,0,1,5,0,1
1,2026-05-24,2026-05-25,30776d5625d96e33949f65f648dd14dc1215bfab8856aecff543cc333b7aae15,KRK,ORY,1265.5297301624755,large_airport,large_airport,"Lufthansa, ITA",Economy,1,One_way,2.0,1185.0,963.0,14.0,Afternoon,Morning,2,5,0,1,0,1,5,0,1
1,2026-05-24,2026-05-25,ac94543bb803891b5c709108ded8417c6cbfec8e1e552093399d35a3594413b9,KRK,ORY,1265.5297301624755,large_airport,large_airport,"Lufthansa, Air Dolomiti, ITA",Economy,1,One_way,2.0,895.0,980.0,19.0,Evening,Morning,2,5,0,1,0,1,5,0,1
1,2026-05-24,2026-05-25,f05454e4fd24a011c6d81dd64ccc458075462698484a5bfae4cee99d409d47ca,KRK,ORY,1265.5297301624755,large_airport,large_airport,"Lufthansa, Air Dolomiti, ITA",Economy,1,One_way,2.0,700.0,1075.0,6.0,Morning,Evening,2,5,0,1,0,1,5,0,1
1,2026-05-24,2026-05-25,cd73c1acc849ba2f2061482ba0a61ba1c9326bb0b92ebec34033c8a96288d274,KRK,ORY,1265.5297301624755,large_airport,large_airport,"Lufthansa, ITA",Economy,1,One_way,2.0,1265.0,1075.0,12.0,Afternoon,Morning,2,5,0,1,0,1,5,0,1
1,2026-05-24,2026-05-25,2f09a25fab2f84a639a44938813e5aedf52cd499031ed11f9335152fc4e31dcd,KRK,MRS,1329.5761584710265,large_airport,large_airport,"Scandinavian Airlines, Lufthansa",Premium economy,1,One_way,2.0,840.0,4380.0,20.0,Evening,Morning,2,5,0,1,0,1,5,0,1
1,2026-05-24,2026-05-25,c5aae09c787dac7e8db82836a67d40ad33893ff97f66f680b00f3612585f30a1,KRK,MRS,1329.5761584710265,large_airport,large_airport,"Scandinavian Airlines, Lufthansa",Premium economy,1,One_way,2.0,770.0,4391.0,10.0,Morning,Night,2,5,0,1,0,1,5,0,1
1,2026-05-24,2026-05-25,d2a75694d88df2248ea27a5a449a46bf1d2d4049dade6c2c3d037e12052ddbf0,KRK,MRS,1329.5761584710265,large_airport,large_airport,"Scandinavian Airlines, Lufthansa",Premium economy,1,One_way,2.0,480.0,5308.0,10.0,Morning,Evening,2,5,0,1,0,1,5,0,1
1,2026-05-24,2026-05-25,686268c4f6181c400618e40857653fb68f2fd067ad7378f46683b378a2d24d3c,KRK,MRS,1329.5761584710265,large_airport,large_airport,Ryanair,Economy,1,One_way,0.0,145.0,122.0,8.0,Morning,Morning,2,5,0,1,0,1,5,0,1
1,2026-05-24,2026-05-25,043a11fbf14ae8d6a52d39f1603d389f1bfe085df1ea27af9cb4fd6338fcc424,KRK,MRS,1329.5761584710265,large_airport,large_airport,KLM,Economy,1,One_way,1.0,290.0,270.0,17.0,Evening,Night,2,5,0,1,0,1,5,0,1
1,2026-05-24,2026-05-25,7fce71a41d72173c65d5d1bc8dc408b92e1145189789bb9a87f8ff0f7283df4c,KRK,MRS,1329.5761584710265,large_airport,large_airport,Austrian,Economy,1,One_way,1.0,270.0,334.0,14.0,Afternoon,Evening,2,5,0,1,0,1,5,0,1
1,2026-05-24,2026-05-25,2df4426f9958679a0e65b4fa4bc9ec2bf0d5ff0ebc01be5cc0baf89eba6e43eb,KRK,MRS,1329.5761584710265,large_airport,large_airport,Air France,Economy,1,One_way,1.0,515.0,216.0,14.0,Afternoon,Night,2,5,0,1,0,1,5,0,1
1,2026-05-24,2026-05-25,1cd8f88ea4b2b394811a17dd80bb6c3d0c9a621c5df4c3ca5d0ce458b1f1623b,KRK,MRS,1329.5761584710265,large_airport,large_airport,Air France,Economy,1,One_way,1.0,460.0,246.0,14.0,Afternoon,Night,2,5,0,1,0,1,5,0,1
1,2026-05-24,2026-05-25,74a62298930a476d4b4bf7ab503ff65ad08928eae6f1e8566283e9aee7f236f9,KRK,MRS,1329.5761584710265,large_airport,large_airport,"KLM, Air France",Economy,1,One_way,2.0,525.0,247.0,14.0,Afternoon,Night,2,5,0,1,0,1,5,0,1
1,2026-05-24,2026-05-25,d1dccf341df3b564a5150e562c75d075fbee9e88c1c1bf807901748b337cb11d,KRK,MRS,1329.5761584710265,large_airport,large_airport,Turkish Airlines,Economy,1,One_way,1.0,505.0,261.0,9.0,Morning,Evening,2,5,0,1,0,1,5,0,1
1,2026-05-24,2026-05-25,95528b25ac95882c56bef9d02e7b3a1bb07cfbb6cb47077ba00bf601591d8563,KRK,MRS,1329.5761584710265,large_airport,large_airport,KLM,Economy,1,One_way,1.0,300.0,270.0,6.0,Morning,Morning,2,5,0,1,0,1,5,0,1
1,2026-05-24,2026-05-25,493e5c3ab3b5b59ca8008da64cf1dc63d2b7e1288d7843f724a4fe1e98093885,KRK,MRS,1329.5761584710265,large_airport,large_airport,KLM,Economy,1,One_way,1.0,975.0,270.0,6.0,Morning,Night,2,5,0,1,0,1,5,0,1
1,2026-05-24,2026-05-25,d4a4f3131de1a4ff29d487ddf8cd7fac903a3a58db4740fc966e254cb10e50f9,KRK,MRS,1329.5761584710265,large_airport,large_airport,KLM,Economy,1,One_way,1.0,655.0,270.0,11.0,Morning,Night,2,5,0,1,0,1,5,0,1
1,2026-05-24,2026-05-25,02e90f890b87e151496bfcfc9edbbfb0d1e18a2730ce1fdddfce3c817e16e33d,KRK,MRS,1329.5761584710265,large_airport,large_airport,KLM,Economy,1,One_way,1.0,520.0,270.0,14.0,Afternoon,Night,2,5,0,1,0,1,5,0,1
1,2026-05-24,2026-05-25,2c13bf279ccd6a30d41fa2f835a909b45079a9f0493a4c93307e1d368bd06c2d,KRK,MRS,1329.5761584710265,large_airport,large_airport,"KLM, Air France",Economy,1,One_way,2.0,470.0,277.0,14.0,Afternoon,Night,2,5,0,1,0,1,5,0,1
1,2026-05-24,2026-05-25,343cf2f7097809f589b113c61e4135e73fafd7eed15a1d83a607d76d6bc9cb60,KRK,MRS,1329.5761584710265,large_airport,large_airport,KLM,Economy,1,One_way,1.0,610.0,300.0,6.0,Morning,Afternoon,2,5,0,1,0,1,5,0,1
1,2026-05-24,2026-05-25,81b8868c6a1f76d8be79b289bc82a2d488945785a285ebe99a51cd2c6b75eac8,KRK,MRS,1329.5761584710265,large_airport,large_airport,KLM,Economy,1,One_way,1.0,290.0,300.0,11.0,Morning,Afternoon,2,5,0,1,0,1,5,0,1
1,2026-05-24,2026-05-25,146e67786306d29bdf5510934263c8c11345673ebb4cf335a7cac6dafd51b55e,KRK,MRS,1329.5761584710265,large_airport,large_airport,KLM,Economy,1,One_way,1.0,990.0,300.0,19.0,Evening,Morning,2,5,0,1,0,1,5,0,1
1,2026-05-24,2026-05-25,ff1187b42113ff93745ccfdc9e9b05830e1fb03997bdf9b754b2f53c4e0868a5,KRK,MRS,1329.5761584710265,large_airport,large_airport,Brussels Airlines,Economy,1,One_way,1.0,285.0,334.0,18.0,Evening,Night,2,5,0,1,0,1,5,0,1
1,2026-05-24,2026-05-25,f2d6f4888db50d748ca5a392183b8a12b5c7856c5c41a212ce5c8b73d1bc9355,KRK,MRS,1329.5761584710265,large_airport,large_airport,Brussels Airlines,Economy,1,One_way,1.0,1115.0,375.0,18.0,Evening,Afternoon,2,5,0,1,0,1,5,0,1
1,2026-05-24,2026-05-25,0f32e74a9d3e32b607bd2a096825da6c367c47cff8f491e3f0eddf8de2ae8e41,KRK,MRS,1329.5761584710265,large_airport,large_airport,SWISS,Economy,1,One_way,1.0,520.0,387.0,9.0,Morning,Evening,2,5,0,1,0,1,5,0,1
1,2026-05-24,2026-05-25,a3040cf26cf592d8edf189b58b6bce995d9d0bf43618a14ba40d6c8bbe9c804a,KRK,MRS,1329.5761584710265,large_airport,large_airport,"Lufthansa, Brussels Airlines",Economy,1,One_way,2.0,1015.0,403.0,6.0,Morning,Night,2,5,0,1,0,1,5,0,1
1,2026-05-24,2026-05-25,0246f2c9a1e7f547b5af7d9e1cb70bcf7aa9e0495281bf21be885445960ded04,KRK,MRS,1329.5761584710265,large_airport,large_airport,"Lufthansa, Brussels Airlines",Economy,1,One_way,2.0,570.0,403.0,13.0,Afternoon,Night,2,5,0,1,0,1,5,0,1
1,2026-05-24,2026-05-25,ab4474575686d10ce49a27ed9fb81c0f89d6b4095b07e464d701db98a5460950,KRK,MRS,1329.5761584710265,large_airport,large_airport,"Lufthansa, Brussels Airlines",Economy,1,One_way,2.0,965.0,412.0,6.0,Morning,Night,2,5,0,1,0,1,5,0,1
1,2026-05-24,2026-05-25,4442fec62eca8753462c397a79ad81d88cdf0ef473253c05c7b73a2fd27b80b1,KRK,MRS,1329.5761584710265,large_airport,large_airport,"Lufthansa, Brussels Airlines",Economy,1,One_way,2.0,605.0,412.0,12.0,Afternoon,Night,2,5,0,1,0,1,5,0,1
1,2026-05-24,2026-05-25,553f29bac52121798c35855cfa12f0f95da60dd06a28891ac4a783103fb20ad0,KRK,MRS,1329.5761584710265,large_airport,large_airport,"Lufthansa, Brussels Airlines",Economy,1,One_way,2.0,405.0,463.0,6.0,Morning,Afternoon,2,5,0,1,0,1,5,0,1
1,2026-05-24,2026-05-25,ea1958bb2d6c030ff3086a235db946ce276a5e6a5bdf4b6b84985536e8096848,KRK,MRS,1329.5761584710265,large_airport,large_airport,Lufthansa,Economy,1,One_way,1.0,315.0,703.0,12.0,Afternoon,Evening,2,5,0,1,0,1,5,0,1
1,2026-05-24,2026-05-25,e2c236ee76beabec9b1a9fcb98f4b8d1ac4e6b476a1149d4a340ef84a43a5156,KRK,CDG,1246.0836651616955,large_airport,large_airport,LOT,Business,1,One_way,1.0,250.0,812.0,5.0,Morning,Morning,2,5,0,1,0,1,5,0,1
1,2026-05-24,2026-05-25,0ba5260c7158f09c0f960375eca5ca2bd0d5a74747f49924d1697a47b1f8c1c7,KRK,CDG,1246.0836651616955,large_airport,large_airport,LOT,Business,1,One_way,1.0,235.0,812.0,14.0,Afternoon,Evening,2,5,0,1,0,1,5,0,1
1,2026-05-24,2026-05-25,7a86250c16729dc31408095f08ffc90c09fb95701f8154e8ae64e1f6490d6dcf,KRK,CDG,1246.0836651616955,large_airport,large_airport,Air France,Business,1,One_way,0.0,140.0,1300.0,14.0,Afternoon,Afternoon,2,5,0,1,0,1,5,0,1
1,2026-05-24,2026-05-25,82d0c4623f342e25b5cbdba2566d5b95cae778cb0410d7abc358f31567745e24,KRK,CDG,1246.0836651616955,large_airport,large_airport,Scandinavian Airlines,Business,1,One_way,1.0,560.0,626.0,10.0,Morning,Evening,2,5,0,1,0,1,5,0,1
1,2026-05-24,2026-05-25,573c3fd606143147b83b2b988ca5a7bdaa0e20c3523aaf7ef0de4ae346d00bda,KRK,CDG,1246.0836651616955,large_airport,large_airport,Scandinavian Airlines,Business,1,One_way,1.0,770.0,629.0,20.0,Evening,Morning,2,5,0,1,0,1,5,0,1
1,2026-05-24,2026-05-25,33240c34870ffa682e4007138fb48e36f02b6e68a3b56e7d549655023f7a40b4,KRK,CDG,1246.0836651616955,large_airport,large_airport,"Air Dolomiti, ITA",Business,1,One_way,2.0,415.0,743.0,16.0,Afternoon,Night,2,5,0,1,0,1,5,0,1
1,2026-05-24,2026-05-25,df88b725f55c7ee44ffa19aa7e13c640eeb535c22a5f17cda64cdec80ecd32c2,KRK,CDG,1246.0836651616955,large_airport,large_airport,KLM,Business,1,One_way,1.0,430.0,810.0,6.0,Morning,Afternoon,2,5,0,1,0,1,5,0,1
1,2026-05-24,2026-05-25,b1fd9cb12db49ea435239158ee213bbe6590ca81cca041aacd9eb51185285c5c,KRK,CDG,1246.0836651616955,large_airport,large_airport,"KLM, Air France",Business,1,One_way,1.0,545.0,810.0,6.0,Morning,Afternoon,2,5,0,1,0,1,5,0,1
1,2026-05-24,2026-05-25,68ae4a066366bd7316fc887772468cc7d6d418901178d6de0a05fcc687ce0c7f,KRK,CDG,1246.0836651616955,large_airport,large_airport,LOT,Business,1,One_way,1.0,600.0,812.0,8.0,Morning,Evening,2,5,0,1,0,1,5,0,1
1,2026-05-24,2026-05-25,4cf7c88199dc76d6a93dae569674bde50e15a1c00cf148c94609f9482c138ce5,KRK,CDG,1246.0836651616955,large_airport,large_airport,LOT,Business,1,One_way,1.0,395.0,812.0,12.0,Afternoon,Evening,2,5,0,1,0,1,5,0,1
1,2026-05-24,2026-05-25,7ad887cfefc40b36993e21a71c2d5f8d94c48c267439c9c489b9a4b689218880,KRK,CDG,1246.0836651616955,large_airport,large_airport,LOT,Business,1,One_way,1.0,310.0,812.0,13.0,Afternoon,Evening,2,5,0,1,0,1,5,0,1
1,2026-05-24,2026-05-25,a5a180b64a6d3549e496f87a450a804200185ef603e544d112e6a398afbe8915,KRK,CDG,1246.0836651616955,large_airport,large_airport,Scandinavian Airlines,Business,1,One_way,1.0,855.0,822.0,20.0,Evening,Morning,2,5,0,1,0,1,5,0,1
1,2026-05-24,2026-05-25,8cf965b8302665ddce86d3a15d54a765c4ba654d3e566308fc8a12bbe26492d7,KRK,CDG,1246.0836651616955,large_airport,large_airport,British Airways,Business,1,One_way,1.0,820.0,882.0,19.0,Evening,Morning,2,5,0,1,0,1,5,0,1
1,2026-05-24,2026-05-25,e1a5bcb0cc09625ccb4b7df53f93d2f599839fa686ff1fcad628e75687408ee7,KRK,CDG,1246.0836651616955,large_airport,large_airport,British Airways,Business,1,One_way,1.0,885.0,882.0,19.0,Evening,Morning,2,5,0,1,0,1,5,0,1
1,2026-05-24,2026-05-25,99e9665a2b6409ec874ac29acfcc68e912018370383f0a6a1b4a088476df2761,KRK,CDG,1246.0836651616955,large_airport,large_airport,"Lufthansa, Austrian",Business,1,One_way,2.0,495.0,904.0,6.0,Morning,Afternoon,2,5,0,1,0,1,5,0,1
1,2026-05-24,2026-05-25,0d2af5f53bdf081a3e56218f8aba1f77afb2fee0ab99de5bb59125ea943a5c26,KRK,CDG,1246.0836651616955,large_airport,large_airport,"KLM, Air France",Business,1,One_way,2.0,440.0,979.0,6.0,Morning,Afternoon,2,5,0,1,0,1,5,0,1
1,2026-05-24,2026-05-25,a93e5a4e1ea3731a8055803dbdbf7f713c7bd830eb9101ab0601c2e3b621e87c,KRK,CDG,1246.0836651616955,large_airport,large_airport,"KLM, Air France",Business,1,One_way,2.0,535.0,979.0,6.0,Morning,Afternoon,2,5,0,1,0,1,5,0,1
1,2026-05-24,2026-05-25,03fdd02efc97bbe833cdecf5db6a2af433138896a228c2114be041ebab58aa24,KRK,CDG,1246.0836651616955,large_airport,large_airport,Turkish Airlines,Business,1,One_way,1.0,450.0,1071.0,9.0,Morning,Evening,2,5,0,1,0,1,5,0,1
1,2026-05-24,2026-05-25,56f3fd2c7364944e426442a7f001409c5b0b0ea0f527298100ab9cfc1b38f4ac,KRK,CDG,1246.0836651616955,large_airport,large_airport,Turkish Airlines,Business,1,One_way,1.0,515.0,1071.0,9.0,Morning,Evening,2,5,0,1,0,1,5,0,1
1,2026-05-24,2026-05-25,5e3b1eb1da106b00cf1a6ae8e0371eed7a129845648c47d796dee1104cabbdec,KRK,CDG,1246.0836651616955,large_airport,large_airport,Turkish Airlines,Business,1,One_way,1.0,780.0,1071.0,9.0,Morning,Night,2,5,0,1,0,1,5,0,1
1,2026-05-24,2026-05-25,a2ab6f4a885610fedb44c0a9998bcf115eb46169045dac12f6ee17cdf20b8d47,KRK,CDG,1246.0836651616955,large_airport,large_airport,British Airways,Business,1,One_way,1.0,1050.0,1125.0,19.0,Evening,Afternoon,2,5,0,1,0,1,5,0,1
1,2026-05-24,2026-05-25,0a2870ee10ca86fdbfa6eb86c7cfdb63dede94f825dc4b5e8544c9fe12cc77d4,KRK,CDG,1246.0836651616955,large_airport,large_airport,"LOT, Air Baltic",Business,1,One_way,2.0,575.0,1169.0,8.0,Morning,Evening,2,5,0,1,0,1,5,0,1
1,2026-05-24,2026-05-25,2f98fd3733982f387f8d5152934e23ce5b87e2bc8484cf92f9a6a598ba4db8f1,KRK,CDG,1246.0836651616955,large_airport,large_airport,"Lufthansa, Eurowings",Business,1,One_way,2.0,400.0,1209.0,13.0,Afternoon,Evening,2,5,0,1,0,1,5,0,1
1,2026-05-24,2026-05-25,273097d091aae66514dfab3ef5381bee18d0936c774c70bd45073b735f796de3,KRK,CDG,1246.0836651616955,large_airport,large_airport,"KLM, Air France",Business,1,One_way,1.0,265.0,1331.0,6.0,Morning,Morning,2,5,0,1,0,1,5,0,1
1,2026-05-24,2026-05-25,222bda7fba189a64597d54969d965e59c0e7eea72d2889071ce1ad75d2e2f509,KRK,CDG,1246.0836651616955,large_airport,large_airport,"KLM, Air France",Business,1,One_way,1.0,330.0,1331.0,6.0,Morning,Afternoon,2,5,0,1,0,1,5,0,1
1,2026-05-24,2026-05-25,6ac14b39572e9d19ac843a3ed297efc2a43665a2b08245f1a355afaa48b99480,KRK,CDG,1246.0836651616955,large_airport,large_airport,"KLM, Air France",Business,1,One_way,1.0,250.0,1331.0,11.0,Morning,Afternoon,2,5,0,1,0,1,5,0,1
1,2026-05-24,2026-05-25,bce70631107ffd38ec9ecb54c3ac1f03b6d6c2373da21fc90eb366fcf6422150,KRK,CDG,1246.0836651616955,large_airport,large_airport,KLM,Business,1,One_way,1.0,355.0,1331.0,11.0,Morning,Evening,2,5,0,1,0,1,5,0,1
1,2026-05-24,2026-05-25,eac7e70df0f1728eb8a51c8ca55afecb118eab9d6ffbd28e06da14efafa9d98a,KRK,CDG,1246.0836651616955,large_airport,large_airport,"KLM, Air France",Business,1,One_way,1.0,495.0,1331.0,11.0,Morning,Evening,2,5,0,1,0,1,5,0,1
1,2026-05-24,2026-05-25,03ec536d49b5859960a1ff907f89537eafbcb7aa407aee1e7e94a7d6a7b1be25,KRK,CDG,1246.0836651616955,large_airport,large_airport,"KLM, Air France",Business,1,One_way,1.0,600.0,1331.0,11.0,Morning,Night,2,5,0,1,0,1,5,0,1
1,2026-05-24,2026-05-25,6b31f801b39224fa212e3b2306cc34e8aac18a238ef659a2bf0af5f016abaa93,KRK,CDG,1246.0836651616955,large_airport,large_airport,"KLM, Air France",Business,1,One_way,1.0,360.0,1331.0,14.0,Afternoon,Evening,2,5,0,1,0,1,5,0,1
1,2026-05-24,2026-05-25,3bdd77fe5bde0bc285bbe64f5d412d0f6c8c27fbcc99174d94c40de3dd776c06,KRK,CDG,1246.0836651616955,large_airport,large_airport,"KLM, Air France",Business,1,One_way,1.0,465.0,1331.0,14.0,Afternoon,Night,2,5,0,1,0,1,5,0,1
1,2026-05-24,2026-05-25,7d34ed2ae02ce99e1e776a1365bb17a9563d6241d6ca41b80009b974db4ebf6b,KRK,CDG,1246.0836651616955,large_airport,large_airport,"KLM, Air France",Business,1,One_way,1.0,570.0,1370.0,6.0,Morning,Afternoon,2,5,0,1,0,1,5,0,1
1,2026-05-24,2026-05-25,0da390b1c1805154d97a367f87612623ada8a9727d8472f41f209c8ab98a0238,KRK,CDG,1246.0836651616955,large_airport,large_airport,"KLM, Air France",Business,1,One_way,1.0,815.0,1370.0,6.0,Morning,Evening,2,5,0,1,0,1,5,0,1
1,2026-05-24,2026-05-25,fb2cf5c3babb557c46aa25b91c7a3b03d5e187daf24a2afbae544828d5bdfd9c,KRK,CDG,1246.0836651616955,large_airport,large_airport,Austrian,Business,1,One_way,1.0,270.0,1426.0,14.0,Afternoon,Evening,2,5,0,1,0,1,5,0,1
1,2026-05-24,2026-05-25,7bc1eedff82c7aa9edfc373d3609747c1647b141f4bf1eac827f9d79c7c87078,KRK,CDG,1246.0836651616955,large_airport,large_airport,Austrian,Business,1,One_way,1.0,455.0,1426.0,14.0,Afternoon,Night,2,5,0,1,0,1,5,0,1
1,2026-05-24,2026-05-25,112d5da9557612755dd6bbb7c22bd5bdee25693785329a571b967c708fba55f4,KRK,CDG,1246.0836651616955,large_airport,large_airport,SWISS,Business,1,One_way,1.0,560.0,1430.0,9.0,Morning,Evening,2,5,0,1,0,1,5,0,1
1,2026-05-24,2026-05-25,e38ed5e928ee47439165ddbbe4118bd31358aeeb377fd0e9e65f170d0964f459,KRK,CDG,1246.0836651616955,large_airport,large_airport,SWISS,Business,1,One_way,1.0,840.0,1430.0,9.0,Morning,Night,2,5,0,1,0,1,5,0,1
1,2026-05-24,2026-05-25,8b0d891a6012d01f12416f299df1eff0dd110eadc4deab31b33b40e0002092dc,KRK,CDG,1246.0836651616955,large_airport,large_airport,SWISS,Business,1,One_way,1.0,240.0,1430.0,19.0,Evening,Night,2,5,0,1,0,1,5,0,1
1,2026-05-24,2026-05-25,dc16e0619b17f8bab6f9b9dca06049b01e5ef7ccf552c111939d81cc904ad0c8,KRK,CDG,1246.0836651616955,large_airport,large_airport,SWISS,Business,1,One_way,1.0,805.0,1430.0,19.0,Evening,Morning,2,5,0,1,0,1,5,0,1
1,2026-05-24,2026-05-25,5deab88846c58eb8d8e9e26264a9059904926743227c3d201c54a388b86cb8e6,KRK,CDG,1246.0836651616955,large_airport,large_airport,Lufthansa,Business,1,One_way,1.0,315.0,1430.0,6.0,Morning,Morning,2,5,0,1,0,1,5,0,1
1,2026-05-24,2026-05-25,2e008f44d6da64aaa7fca40e02334f81f9085e60adbec1532cd524ae53629902,KRK,CDG,1246.0836651616955,large_airport,large_airport,"Lufthansa, Lufthansa City Airlines",Business,1,One_way,1.0,450.0,1430.0,6.0,Morning,Afternoon,2,5,0,1,0,1,5,0,1
1,2026-05-24,2026-05-25,68dd96bee5f3d5a73629de695910a3a4e5d1e5046392d0fc43e7a51f07933096,KRK,CDG,1246.0836651616955,large_airport,large_airport,Lufthansa,Business,1,One_way,1.0,230.0,1430.0,13.0,Afternoon,Evening,2,5,0,1,0,1,5,0,1
1,2026-05-24,2026-05-25,ac87105c7d558568638bcce95e015c68bbd32e42a4b6f99269fa0af4795b368e,KRK,CDG,1246.0836651616955,large_airport,large_airport,Lufthansa,Business,1,One_way,1.0,410.0,1430.0,13.0,Afternoon,Evening,2,5,0,1,0,1,5,0,1
1,2026-05-24,2026-05-25,7802ebb5383223244e8365a4091eb0a37ed2b9a2d9206f08df22f84aca46925d,KRK,CDG,1246.0836651616955,large_airport,large_airport,"Lufthansa, Lufthansa City Airlines",Business,1,One_way,1.0,610.0,1430.0,13.0,Afternoon,Night,2,5,0,1,0,1,5,0,1
1,2026-05-24,2026-05-25,67ee3b32a248b551abb41ed6c95fc6371955d2cdf0f039ac348bc170d4e40587,KRK,CDG,1246.0836651616955,large_airport,large_airport,Lufthansa,Business,1,One_way,1.0,405.0,1439.0,11.0,Morning,Evening,2,5,0,1,0,1,5,0,1
1,2026-05-24,2026-05-25,c23c52b1792134308c7547ecc90debf07d551622d0a7d663509441deab3e153c,KRK,CDG,1246.0836651616955,large_airport,large_airport,Lufthansa,Business,1,One_way,1.0,460.0,1439.0,11.0,Morning,Evening,2,5,0,1,0,1,5,0,1
1,2026-05-24,2026-05-25,c484ae7c155b3317be6c1eebc44155c1ebbebbf5c5f45f774dc7bdf5e93e8991,KRK,CDG,1246.0836651616955,large_airport,large_airport,Lufthansa,Business,1,One_way,1.0,665.0,1439.0,11.0,Morning,Night,2,5,0,1,0,1,5,0,1
1,2026-05-24,2026-05-25,9b110d6c03701439fdf90cfe6f471f95a173e9bc900ef7dfa07e2d34dc0eed9f,KRK,CDG,1246.0836651616955,large_airport,large_airport,Lufthansa,Business,1,One_way,1.0,305.0,1439.0,12.0,Afternoon,Evening,2,5,0,1,0,1,5,0,1
1,2026-05-24,2026-05-25,c5b3314330ab1a18187e5889f0f702d4df9c7340f1ca1006c906300257befc21,KRK,CDG,1246.0836651616955,large_airport,large_airport,Lufthansa,Business,1,One_way,1.0,360.0,1439.0,12.0,Afternoon,Evening,2,5,0,1,0,1,5,0,1
1,2026-05-24,2026-05-25,cbb7950b2be08f14c71deb62a80906ad73c8f604f7394055c98bcc3df3bb4e89,KRK,CDG,1246.0836651616955,large_airport,large_airport,Lufthansa,Business,1,One_way,1.0,565.0,1439.0,12.0,Afternoon,Night,2,5,0,1,0,1,5,0,1
1,2026-05-24,2026-05-25,b43fbfe87accd1721b74be372ae5fd4ae6e9ff1e38586ee0b60d08dfebaf51e8,KRK,CDG,1246.0836651616955,large_airport,large_airport,Lufthansa,Business,1,One_way,1.0,280.0,1439.0,14.0,Afternoon,Evening,2,5,0,1,0,1,5,0,1
1,2026-05-24,2026-05-25,23bf8df831290c6a96081e7af26de010db9b3e26682097583e3de260c5843c45,KRK,CDG,1246.0836651616955,large_airport,large_airport,Lufthansa,Business,1,One_way,1.0,485.0,1439.0,14.0,Afternoon,Night,2,5,0,1,0,1,5,0,1
1,2026-05-24,2026-05-25,d0b9523afa82096a3e43b06f6154511eae0973fb9eaa297a8a7938cf54e81fc3,KRK,CDG,1246.0836651616955,large_airport,large_airport,Brussels Airlines,Business,1,One_way,1.0,800.0,1440.0,18.0,Evening,Morning,2,5,0,1,0,1,5,0,1
1,2026-05-24,2026-05-25,d643487e96ab14d180db86867556e618cb0f1f48b198cdf5eb723e99085ddd26,KRK,CDG,1246.0836651616955,large_airport,large_airport,Lufthansa,Business,1,One_way,2.0,465.0,1519.0,6.0,Morning,Afternoon,2,5,0,1,0,1,5,0,1
1,2026-05-24,2026-05-25,482e6d0065b106136f0dfd0fccc2e479f2c46b30d9846bc15a558394f9904328,KRK,CDG,1246.0836651616955,large_airport,large_airport,Lufthansa,Business,1,One_way,2.0,545.0,1519.0,11.0,Morning,Evening,2,5,0,1,0,1,5,0,1
1,2026-05-24,2026-05-25,e574407f64ff0ec923bd0179c8b5823c547f58541976eef5097705321092a99d,KRK,CDG,1246.0836651616955,large_airport,large_airport,"LOT, Turkish Airlines",Business,1,One_way,1.0,485.0,1598.0,7.0,Morning,Afternoon,2,5,0,1,0,1,5,0,1
1,2026-05-24,2026-05-25,089fc5b9e4fffa840b86408c1b8ecf812a33c5ef5da1e4e0e23ee6ded87b8081,KRK,CDG,1246.0836651616955,large_airport,large_airport,"LOT, Turkish Airlines",Business,1,One_way,1.0,600.0,1598.0,7.0,Morning,Evening,2,5,0,1,0,1,5,0,1
1,2026-05-24,2026-05-25,d9f1475c0374ad53715ee3724eb517b45c92b1646679ea07c64f639d22932e8a,KRK,CDG,1246.0836651616955,large_airport,large_airport,"LOT, Turkish Airlines",Business,1,One_way,1.0,665.0,1598.0,7.0,Morning,Evening,2,5,0,1,0,1,5,0,1
1,2026-05-24,2026-05-25,ce5432bb9fc388b4c7117c2f51187f4aecd8fbdf70dcb269f755a8cc4e57a825,KRK,CDG,1246.0836651616955,large_airport,large_airport,"Scandinavian Airlines, Air France",Business,1,One_way,1.0,725.0,1718.0,20.0,Evening,Morning,2,5,0,1,0,1,5,0,1
1,2026-05-24,2026-05-25,8bfa28d0afca4c0e6638ca6c47f66643779d932846fff37eaedd3eb2f0be38dc,KRK,NCE,1190.0981196938565,large_airport,large_airport,Scandinavian Airlines,Premium economy,1,One_way,1.0,745.0,553.0,20.0,Evening,Morning,2,5,0,1,0,1,5,0,1
1,2026-05-24,2026-05-25,0551c6bec366c4843d5946796d60e0998cc7a8f54230a1ac5b412b8a7ba572f5,KRK,NCE,1190.0981196938565,large_airport,large_airport,Scandinavian Airlines,Premium economy,1,One_way,2.0,975.0,2882.0,20.0,Evening,Afternoon,2,5,0,1,0,1,5,0,1
1,2026-05-24,2026-05-25,628772c2fda03be0ab16cfc61c78f2ed0869187eae1e49a90485cbf122dd6e48,KRK,NCE,1190.0981196938565,large_airport,large_airport,"Scandinavian Airlines, Lufthansa",Premium economy,1,One_way,2.0,490.0,3886.0,10.0,Morning,Evening,2,5,0,1,0,1,5,0,1
1,2026-05-24,2026-05-25,5493cf57a4aa760497b68ceecdd17312fd67b9c5e1795b281c1da0517374e3e6,KRK,NCE,1190.0981196938565,large_airport,large_airport,"Scandinavian Airlines, Lufthansa",Premium economy,1,One_way,2.0,790.0,3886.0,10.0,Morning,Night,2,5,0,1,0,1,5,0,1
1,2026-05-24,2026-05-25,5071480652a1bf4887e4b34753510dd4f766405d3e4c35288741844549ded925,KRK,NCE,1190.0981196938565,large_airport,large_airport,,Premium economy,1,One_way,,,0.0,,,,2,5,0,1,0,1,5,0,1
1,2026-05-24,2026-05-25,1df2af40c57625b9f1577ac04e42954c6b8df74ec8a42ac4dd4a6baf10ee5ef7,KRK,MRS,1329.5761584710265,large_airport,large_airport,Brussels Airlines,Business,1,One_way,1.0,285.0,882.0,18.0,Evening,Night,2,5,0,1,0,1,5,0,1
1,2026-05-24,2026-05-25,43b0b1f1847695c4f351a0aff25699f2642872ed37f136f47caa56390dc5993f,KRK,MRS,1329.5761584710265,large_airport,large_airport,Austrian,Business,1,One_way,1.0,270.0,882.0,14.0,Afternoon,Evening,2,5,0,1,0,1,5,0,1
1,2026-05-24,2026-05-25,adc950ed13ff14b5a20756dfe85a10101c410a8ed279165acd673f7381cf121e,KRK,MRS,1329.5761584710265,large_airport,large_airport,KLM,Business,1,One_way,1.0,290.0,934.0,17.0,Evening,Night,2,5,0,1,0,1,5,0,1
1,2026-05-24,2026-05-25,1b7e3aced9efd4f9c246c4e2faa42f5b61807ed51fc5c62fc63f6ceddd0d4605,KRK,MRS,1329.5761584710265,large_airport,large_airport,Air France,Business,1,One_way,1.0,460.0,807.0,14.0,Afternoon,Night,2,5,0,1,0,1,5,0,1
1,2026-05-24,2026-05-25,8a9d6459546f9e6ab2f69a8a315f2f4f22c547e3a9dc37770a388a95c717fb06,KRK,MRS,1329.5761584710265,large_airport,large_airport,Air France,Business,1,One_way,1.0,515.0,807.0,14.0,Afternoon,Night,2,5,0,1,0,1,5,0,1
1,2026-05-24,2026-05-25,650d586a3d686e6bb7600419dbaf75a393e84854d699c23c70664167cd396ebd,KRK,MRS,1329.5761584710265,large_airport,large_airport,"KLM, Air France",Business,1,One_way,2.0,465.0,838.0,6.0,Morning,Afternoon,2,5,0,1,0,1,5,0,1
1,2026-05-24,2026-05-25,3eb2ec0a7cb4343081bc62fc1422f4fa8f833433fe8746aa078c20f7d4e614e5,KRK,MRS,1329.5761584710265,large_airport,large_airport,"KLM, Air France",Business,1,One_way,2.0,595.0,838.0,6.0,Morning,Afternoon,2,5,0,1,0,1,5,0,1
1,2026-05-24,2026-05-25,cd49a05199b524faa6b67a469e6a36d4adbb84abb206dec55623755f42f9c892,KRK,MRS,1329.5761584710265,large_airport,large_airport,"KLM, Air France",Business,1,One_way,2.0,685.0,838.0,6.0,Morning,Evening,2,5,0,1,0,1,5,0,1
1,2026-05-24,2026-05-25,7266adf4f64dd598bf69718c640e222d2fc8277aa6f49822f011bb14230c4bbb,KRK,MRS,1329.5761584710265,large_airport,large_airport,"KLM, Air France",Business,1,One_way,2.0,925.0,838.0,6.0,Morning,Night,2,5,0,1,0,1,5,0,1
1,2026-05-24,2026-05-25,6f2ec060e998c5fae0b40666eda61a5a519685be6ca2238e8dbc6620c46951b3,KRK,MRS,1329.5761584710265,large_airport,large_airport,"KLM, Air France",Business,1,One_way,2.0,980.0,838.0,6.0,Morning,Night,2,5,0,1,0,1,5,0,1
1,2026-05-24,2026-05-25,cb7757bf570fcd3109ac3b3cc4f4119ea91407d45f470ae660457f8c61374bc4,KRK,MRS,1329.5761584710265,large_airport,large_airport,"KLM, Air France",Business,1,One_way,2.0,525.0,838.0,14.0,Afternoon,Night,2,5,0,1,0,1,5,0,1
1,2026-05-24,2026-05-25,632e8d57c37ab10fa34a51cf688baffc43399fc64ceff035e4fcd9aea80bce0a,KRK,MRS,1329.5761584710265,large_airport,large_airport,SWISS,Business,1,One_way,1.0,520.0,882.0,9.0,Morning,Evening,2,5,0,1,0,1,5,0,1
1,2026-05-24,2026-05-25,767d288a0d100effc65b90780ee26be831aaeb1346faa458fe33b9bdde31688c,KRK,MRS,1329.5761584710265,large_airport,large_airport,SWISS,Business,1,One_way,1.0,810.0,882.0,19.0,Evening,Morning,2,5,0,1,0,1,5,0,1
1,2026-05-24,2026-05-25,a7aa9dc767c6b47933ea700a89b04523a2bffefb7db5d271816855ecabde1401,KRK,MRS,1329.5761584710265,large_airport,large_airport,Lufthansa,Business,1,One_way,1.0,705.0,891.0,11.0,Morning,Night,2,5,0,1,0,1,5,0,1
1,2026-05-24,2026-05-25,6649413e4623f14f598964d1d5e1f4b4cedc4dad3e0de1ccc0854ba76f40ca26,KRK,MRS,1329.5761584710265,large_airport,large_airport,Lufthansa,Business,1,One_way,1.0,605.0,891.0,12.0,Afternoon,Night,2,5,0,1,0,1,5,0,1
1,2026-05-24,2026-05-25,757c88ae72d1dadce4b4360bc78ebd5fd9ee6e32fbead4816a929d602181fd13,KRK,MRS,1329.5761584710265,large_airport,large_airport,Lufthansa,Business,1,One_way,1.0,525.0,891.0,14.0,Afternoon,Night,2,5,0,1,0,1,5,0,1
1,2026-05-24,2026-05-25,1e6ae1b6523d90ac48cae33c5761a760263d4737fc6166a388835f930b23445b,KRK,MRS,1329.5761584710265,large_airport,large_airport,Brussels Airlines,Business,1,One_way,1.0,1115.0,895.0,18.0,Evening,Afternoon,2,5,0,1,0,1,5,0,1
1,2026-05-24,2026-05-25,b6acf20e00558db40da443e7cd6f2e87fef0f1b77b3235ad71520b4e5227b848,KRK,MRS,1329.5761584710265,large_airport,large_airport,KLM,Business,1,One_way,1.0,300.0,934.0,6.0,Morning,Morning,2,5,0,1,0,1,5,0,1
1,2026-05-24,2026-05-25,97d699cb84bcf933e795b68cf9239a09d18bad1b511396fa1ac4455b138b8bc7,KRK,MRS,1329.5761584710265,large_airport,large_airport,KLM,Business,1,One_way,1.0,655.0,934.0,11.0,Morning,Night,2,5,0,1,0,1,5,0,1
1,2026-05-24,2026-05-25,72fdf3a8cb9378fec3ab329999c528143753ae417aa97da85911354560f3c7a9,KRK,MRS,1329.5761584710265,large_airport,large_airport,KLM,Business,1,One_way,1.0,520.0,934.0,14.0,Afternoon,Night,2,5,0,1,0,1,5,0,1
1,2026-05-24,2026-05-25,8d399296dc7df4d0cc707625119d4a86cd5090ed9586b59bfed55a76b4be8e2c,KRK,MRS,1329.5761584710265,large_airport,large_airport,KLM,Business,1,One_way,1.0,975.0,934.0,6.0,Morning,Night,2,5,0,1,0,1,5,0,1
1,2026-05-24,2026-05-25,99d159ed6ad1489896225e07b6157578e85bc9a37342e5f41ef418d19fd52cce,KRK,MRS,1329.5761584710265,large_airport,large_airport,KLM,Business,1,One_way,1.0,990.0,934.0,19.0,Evening,Morning,2,5,0,1,0,1,5,0,1
1,2026-05-24,2026-05-25,8c2fe94f863efb01192f62ab6e558abac4b74005f1ff7400d4fd4d4afc3580dd,KRK,MRS,1329.5761584710265,large_airport,large_airport,"Lufthansa, Brussels Airlines",Business,1,One_way,2.0,405.0,961.0,6.0,Morning,Afternoon,2,5,0,1,0,1,5,0,1
1,2026-05-24,2026-05-25,63fc7ecfd479c8ce2689c3d6f03a643aedbb9a21fc3d520b11e337a3e05d56e0,KRK,MRS,1329.5761584710265,large_airport,large_airport,"Lufthansa, Brussels Airlines",Business,1,One_way,2.0,570.0,961.0,13.0,Afternoon,Night,2,5,0,1,0,1,5,0,1
1,2026-05-24,2026-05-25,6bf83abfd2635128c191205b6ed18de7330bbece8e862a7919f872db3ad16197,KRK,MRS,1329.5761584710265,large_airport,large_airport,"Lufthansa, Brussels Airlines",Business,1,One_way,2.0,605.0,971.0,12.0,Afternoon,Night,2,5,0,1,0,1,5,0,1
1,2026-05-24,2026-05-25,3980193d2f1193098e84568f625f2ac376580597f63866274dcfcdc22b9dd5ed,KRK,MRS,1329.5761584710265,large_airport,large_airport,Lufthansa,Business,1,One_way,2.0,570.0,971.0,13.0,Afternoon,Night,2,5,0,1,0,1,5,0,1
1,2026-05-24,2026-05-25,eb8457a920bbd57cfef692de314d1c2a2a0dc908ed86b8a6b92a2070076e62fd,KRK,MRS,1329.5761584710265,large_airport,large_airport,Lufthansa,Business,1,One_way,1.0,910.0,1019.0,19.0,Evening,Morning,2,5,0,1,0,1,5,0,1
1,2026-05-24,2026-05-25,bff80d5cc3c0493cc58140fcd25a769828d9d228285324bfde3b3e129baf351e,KRK,MRS,1329.5761584710265,large_airport,large_airport,Lufthansa,Business,1,One_way,1.0,1380.0,1037.0,11.0,Morning,Morning,2,5,0,1,0,1,5,0,1
1,2026-05-24,2026-05-25,76f1f536d0cd674e1b8b7bf13efffdd8a907e8f2b0ea1acd95b87e4182a38260,KRK,MRS,1329.5761584710265,large_airport,large_airport,Lufthansa,Business,1,One_way,1.0,1280.0,1037.0,12.0,Afternoon,Morning,2,5,0,1,0,1,5,0,1
1,2026-05-24,2026-05-25,8cc8f5baaf56b1504850d5df74e6c28903e01bcbeb168dceb095917f5007d43a,KRK,MRS,1329.5761584710265,large_airport,large_airport,Lufthansa,Business,1,One_way,1.0,1200.0,1037.0,14.0,Afternoon,Morning,2,5,0,1,0,1,5,0,1
1,2026-05-24,2026-05-25,55e81e1845a9e30af10085a5e32b61d0c47b0c1aa728b7a3341d8569e90a683e,KRK,MRS,1329.5761584710265,large_airport,large_airport,Lufthansa,Business,1,One_way,1.0,1375.0,1037.0,19.0,Evening,Evening,2,5,0,1,0,1,5,0,1
1,2026-05-24,2026-05-25,9f8079e8e1ce023878f6eb04f12100a360ae425a456f7b792481df2f529dae47,KRK,MRS,1329.5761584710265,large_airport,large_airport,"KLM, Air France",Business,1,One_way,2.0,585.0,1044.0,11.0,Morning,Night,2,5,0,1,0,1,5,0,1
1,2026-05-24,2026-05-25,ff4c2295a9ff3df8572bd95299730e35ca050cdd789642244875e67b2ac63f9c,KRK,MRS,1329.5761584710265,large_airport,large_airport,"KLM, Air France",Business,1,One_way,2.0,605.0,1054.0,11.0,Morning,Night,2,5,0,1,0,1,5,0,1
1,2026-05-24,2026-05-25,10cbc18c3cba5db9015dae5e0a216960254807c18ce83c85fe6892f414547921,KRK,MRS,1329.5761584710265,large_airport,large_airport,"KLM, Air France",Business,1,One_way,2.0,660.0,1054.0,11.0,Morning,Night,2,5,0,1,0,1,5,0,1
1,2026-05-24,2026-05-25,38db32fbde2c9b6eec57a9e98e5e6f8399e5f02fde18ec15c8021729950929c4,KRK,MRS,1329.5761584710265,large_airport,large_airport,Turkish Airlines,Business,1,One_way,1.0,505.0,1071.0,9.0,Morning,Evening,2,5,0,1,0,1,5,0,1
1,2026-05-24,2026-05-25,e429b56d139b19c912ad4930e6fed6454b28b6adcc5834a0588e2cd2928ab75d,KRK,MRS,1329.5761584710265,large_airport,large_airport,Turkish Airlines,Business,1,One_way,1.0,1430.0,1071.0,9.0,Morning,Morning,2,5,0,1,0,1,5,0,1
1,2026-05-24,2026-05-25,181a5c5fcb47fe2c366e7818bbe3f2972b5bfa1d39d3c87bc367343ef8473737,KRK,MRS,1329.5761584710265,large_airport,large_airport,British Airways,Business,1,One_way,1.0,830.0,1157.0,19.0,Evening,Morning,2,5,0,1,0,1,5,0,1
1,2026-05-24,2026-05-25,517ef90c74f4c9d8242d54d7780291c63fa182170cf26bc4e9ba79550ede7b2a,KRK,MRS,1329.5761584710265,large_airport,large_airport,British Airways,Business,1,One_way,1.0,1095.0,1157.0,19.0,Evening,Afternoon,2,5,0,1,0,1,5,0,1
1,2026-05-24,2026-05-25,263d0d29ef07f6601fd727ea451edbc92c7396b21c4410f665fcc4ccef74c9c7,KRK,MRS,1329.5761584710265,large_airport,large_airport,"Austrian, Brussels Airlines",Business,1,One_way,2.0,485.0,1179.0,14.0,Afternoon,Night,2,5,0,1,0,1,5,0,1
1,2026-05-24,2026-05-25,a48130d841ef60fabf05ca7556bed8d984348c4068421d169ac9f468559e1dcf,KRK,MRS,1329.5761584710265,large_airport,large_airport,KLM,Business,1,One_way,1.0,610.0,1229.0,6.0,Morning,Afternoon,2,5,0,1,0,1,5,0,1
1,2026-05-24,2026-05-25,3ef5a7440fbe5b3113c432d94e519b945bfea6f29cf18a0e0e1110b6df984838,KRK,MRS,1329.5761584710265,large_airport,large_airport,KLM,Business,1,One_way,1.0,290.0,1229.0,11.0,Morning,Afternoon,2,5,0,1,0,1,5,0,1
1,2026-05-24,2026-05-25,54929997bf78238fbd1f9557b511113c63ee0a9a4268c157ca601cf718c29c74,KRK,MRS,1329.5761584710265,large_airport,large_airport,"LOT, Turkish Airlines",Business,1,One_way,1.0,655.0,1598.0,7.0,Morning,Evening,2,5,0,1,0,1,5,0,1
1,2026-05-24,2026-05-25,17e43e0ec506a64b472f0433409d91cb75cd5e5c704170aa0b887e2c49c9ffb4,KRK,MRS,1329.5761584710265,large_airport,large_airport,Lufthansa,Business,1,One_way,1.0,415.0,1659.0,11.0,Morning,Evening,2,5,0,1,0,1,5,0,1
1,2026-05-24,2026-05-25,3bde460dedf19f8f94c8c55175d6b43b7175ab504b1f5e89abc8e125e494ea34,KRK,MRS,1329.5761584710265,large_airport,large_airport,Lufthansa,Business,1,One_way,1.0,315.0,1659.0,12.0,Afternoon,Evening,2,5,0,1,0,1,5,0,1
1,2026-05-24,2026-05-25,c3ef3cd52d50b82279ae83a57918aab665595b1cab97d92794ac29abc0a5e4ed,KRK,MRS,1329.5761584710265,large_airport,large_airport,"LOT, Brussels Airlines",Business,1,One_way,2.0,425.0,2198.0,5.0,Morning,Afternoon,2,5,0,1,0,1,5,0,1
1,2026-05-24,2026-05-25,3e0e0f2efce7299a1b5e7fec34e4c629b793783eb293d4320ab5f37d6a500dff,KRK,MRS,1329.5761584710265,large_airport,large_airport,"LOT, Brussels Airlines",Business,1,One_way,2.0,640.0,2198.0,12.0,Afternoon,Night,2,5,0,1,0,1,5,0,1
1,2026-05-24,2026-05-25,18ec551965e1e6c160a35c692813b5697bb2ad57b18cb2693076114c9e438c9f,KRK,MRS,1329.5761584710265,large_airport,large_airport,"LOT, Brussels Airlines",Business,1,One_way,2.0,555.0,2198.0,13.0,Afternoon,Night,2,5,0,1,0,1,5,0,1
1,2026-05-24,2026-05-25,6fcf0fa5abdfa15b4f4c07ad8636a0fda44773965b8b6b7feadcaa00b5c35315,KRK,MRS,1329.5761584710265,large_airport,large_airport,"LOT, Brussels Airlines",Business,1,One_way,2.0,480.0,2198.0,14.0,Afternoon,Night,2,5,0,1,0,1,5,0,1
1,2026-05-24,2026-05-25,de6af0c503cc7ce73dc9d753090c3a62c334e4cddeae9cd842f5a60921235f45,KRK,NCE,1190.0981196938565,large_airport,large_airport,LOT,Economy,1,One_way,1.0,435.0,222.0,8.0,Morning,Afternoon,2,5,0,1,0,1,5,0,1
1,2026-05-24,2026-05-25,6e028ac91205c4e9cd1fbe8bf09a8822273a1a3b5c0b006dec934ec87967e770,KRK,NCE,1190.0981196938565,large_airport,large_airport,Air France,Economy,1,One_way,1.0,505.0,232.0,14.0,Afternoon,Night,2,5,0,1,0,1,5,0,1
1,2026-05-24,2026-05-25,157fed198783154d8ed42176dab4f9f8f37c21895cf3307dde50220e91704325,KRK,NCE,1190.0981196938565,large_airport,large_airport,Turkish Airlines,Economy,1,One_way,1.0,535.0,261.0,9.0,Morning,Evening,2,5,0,1,0,1,5,0,1
1,2026-05-24,2026-05-25,b22f92b21e848dfbd9daf7e59115930c7e47363b001646bd0bb8a75730dbab68,KRK,NCE,1190.0981196938565,large_airport,large_airport,KLM,Economy,1,One_way,1.0,400.0,280.0,11.0,Morning,Evening,2,5,0,1,0,1,5,0,1
1,2026-05-24,2026-05-25,8945771a1bbb5d7a1e71cd12fd0cb0f39552d474c6de60384d9193d78f72528f,KRK,NCE,1190.0981196938565,large_airport,large_airport,LOT,Economy,1,One_way,1.0,625.0,222.0,5.0,Morning,Afternoon,2,5,0,1,0,1,5,0,1
1,2026-05-24,2026-05-25,d4e68adcae90278633ba71cf0dea62f54a0c4540de00c39b8c3f5281a5c15ae2,KRK,NCE,1190.0981196938565,large_airport,large_airport,Turkish Airlines,Economy,1,One_way,1.0,1405.0,261.0,9.0,Morning,Morning,2,5,0,1,0,1,5,0,1
1,2026-05-24,2026-05-25,76a058e86d886866f6177bda6f446fd1e26cfeb5f44b4084736659def7995af4,KRK,NCE,1190.0981196938565,large_airport,large_airport,KLM,Economy,1,One_way,1.0,720.0,280.0,6.0,Morning,Evening,2,5,0,1,0,1,5,0,1
1,2026-05-24,2026-05-25,d35ed7f1393276f02e766cd289548728eafb19862f423373dc0360733c5b3404,KRK,NCE,1190.0981196938565,large_airport,large_airport,KLM,Economy,1,One_way,1.0,955.0,280.0,6.0,Morning,Night,2,5,0,1,0,1,5,0,1
1,2026-05-24,2026-05-25,b37272be5d1396d650a9885bd2cfa28955a56aeca8eeb015a17a7ed4ed1d77e4,KRK,NCE,1190.0981196938565,large_airport,large_airport,KLM,Economy,1,One_way,1.0,635.0,280.0,11.0,Morning,Night,2,5,0,1,0,1,5,0,1
1,2026-05-24,2026-05-25,399c4f524f4bc503b47143f4d4de98bfecac9ec6fa80d28a6b87bf011543168a,KRK,NCE,1190.0981196938565,large_airport,large_airport,KLM,Economy,1,One_way,1.0,500.0,280.0,14.0,Afternoon,Night,2,5,0,1,0,1,5,0,1
1,2026-05-24,2026-05-25,fa0956798c8d0f87823fc59df7130204ffa895f890abff25bd4def6cb8c055d8,KRK,NCE,1190.0981196938565,large_airport,large_airport,Norwegian,Economy,1,One_way,1.0,805.0,299.0,21.0,Night,Morning,2,5,0,1,0,1,5,0,1
1,2026-05-24,2026-05-25,204d2bdb8a8ea71708e09c0d617db8d7813056d8628d8d83f119071838881e6a,KRK,NCE,1190.0981196938565,large_airport,large_airport,"KLM, Air France",Economy,1,One_way,2.0,585.0,299.0,11.0,Morning,Night,2,5,0,1,0,1,5,0,1
1,2026-05-24,2026-05-25,098e210219d589855e7bffd1e435dc7989dc5ff2636a5eececface69d00488a1,KRK,NCE,1190.0981196938565,large_airport,large_airport,"KLM, Air France",Economy,1,One_way,2.0,560.0,310.0,6.0,Morning,Afternoon,2,5,0,1,0,1,5,0,1
1,2026-05-24,2026-05-25,9ca3422c28a001b80b7ef55fe9f5e71f039bba168cec19f27592e267ba3f6bdf,KRK,NCE,1190.0981196938565,large_airport,large_airport,"KLM, Air France",Economy,1,One_way,2.0,635.0,310.0,6.0,Morning,Evening,2,5,0,1,0,1,5,0,1
1,2026-05-24,2026-05-25,4e707250e8470a68efd3db74e0de0779cf11105b681b77d906e96e8e854e0bad,KRK,NCE,1190.0981196938565,large_airport,large_airport,"KLM, Air France",Economy,1,One_way,2.0,400.0,310.0,11.0,Morning,Evening,2,5,0,1,0,1,5,0,1
1,2026-05-24,2026-05-25,fc8b7c55b16ec012c603bac4c7718faf66b38a55a4dcb7e5f0efbc2bc95f4874,KRK,NCE,1190.0981196938565,large_airport,large_airport,"KLM, Air France",Economy,1,One_way,2.0,515.0,310.0,14.0,Afternoon,Night,2,5,0,1,0,1,5,0,1
1,2026-05-24,2026-05-25,b393f89ddcd66afc063750cb4d28fbe986d4d3f54dc34e6602e96fe00d188a11,KRK,NCE,1190.0981196938565,large_airport,large_airport,Norwegian,Economy,1,One_way,1.0,600.0,319.0,10.0,Morning,Evening,2,5,0,1,0,1,5,0,1
1,2026-05-24,2026-05-25,77ce9601c524cbdb701b40cb3692a074cd3d26f00e0828384563d2a0641f16a4,KRK,NCE,1190.0981196938565,large_airport,large_airport,Air France,Economy,1,One_way,1.0,435.0,326.0,14.0,Afternoon,Night,2,5,0,1,0,1,5,0,1
1,2026-05-24,2026-05-25,d0da357b4f3ea1a882a00b5635bf7f44a5687ad6ef215872d5c37991a0743206,KRK,NCE,1190.0981196938565,large_airport,large_airport,KLM,Economy,1,One_way,1.0,300.0,342.0,6.0,Morning,Morning,2,5,0,1,0,1,5,0,1
1,2026-05-24,2026-05-25,f2dabe57c6cf2c089933ee913125ac47626cf4e28a6ac659a067e0bc7c012a33,KRK,NCE,1190.0981196938565,large_airport,large_airport,KLM,Economy,1,One_way,1.0,595.0,342.0,6.0,Morning,Afternoon,2,5,0,1,0,1,5,0,1
1,2026-05-24,2026-05-25,293a1697f1110d8e68afd8a45d4e56f54ba408e54f91dd5101020c3ee98a6899,KRK,NCE,1190.0981196938565,large_airport,large_airport,"KLM, Air France",Economy,1,One_way,2.0,580.0,356.0,11.0,Morning,Night,2,5,0,1,0,1,5,0,1
1,2026-05-24,2026-05-25,84ede98b63a1f58f62820bd089921ddd3d1def666ee24e251f44a12e6f6fc054,KRK,NCE,1190.0981196938565,large_airport,large_airport,"KLM, Air France",Economy,1,One_way,2.0,650.0,356.0,11.0,Morning,Night,2,5,0,1,0,1,5,0,1
1,2026-05-24,2026-05-25,309ee6e6e2b1253bd63e15aa9b9dca7737e0d50f042a8cc910f09e1621c2e1b2,KRK,NCE,1190.0981196938565,large_airport,large_airport,"KLM, Air France",Economy,1,One_way,2.0,445.0,356.0,14.0,Afternoon,Night,2,5,0,1,0,1,5,0,1
1,2026-05-24,2026-05-25,ba713d67126d3c6e3d2cc26bc7a942196cf3913f82e4135372b1ae4cfec63304,KRK,NCE,1190.0981196938565,large_airport,large_airport,"Lufthansa, ITA",Economy,1,One_way,2.0,460.0,379.0,6.0,Morning,Afternoon,2,5,0,1,0,1,5,0,1
1,2026-05-24,2026-05-25,52e3f4b265ae9bbebf47d1c47eb92e5f56c3413d9c4a42ca2b1b3230da431dfe,KRK,NCE,1190.0981196938565,large_airport,large_airport,Air France,Economy,1,One_way,1.0,330.0,392.0,14.0,Afternoon,Evening,2,5,0,1,0,1,5,0,1
1,2026-05-24,2026-05-25,8aef4090a98d47f35715eadf65a52c71d7d1cb0f62e2754da62fd3e11e62a27d,KRK,NCE,1190.0981196938565,large_airport,large_airport,"KLM, Air France",Economy,1,One_way,2.0,720.0,423.0,6.0,Morning,Evening,2,5,0,1,0,1,5,0,1
1,2026-05-24,2026-05-25,46d103ce801a8eb16b4ba246d8e9f2376068de824174bae07b132b37023abba7,KRK,NCE,1190.0981196938565,large_airport,large_airport,LOT,Economy,1,One_way,1.0,925.0,447.0,18.0,Evening,Morning,2,5,0,1,0,1,5,0,1
1,2026-05-24,2026-05-25,7bfc99824418ecc092ae8039163109d80d8757572d6297e234b12177be285294,KRK,NCE,1190.0981196938565,large_airport,large_airport,"LOT, Iberia",Economy,1,One_way,1.0,545.0,486.0,15.0,Afternoon,Night,2,5,0,1,0,1,5,0,1
1,2026-05-24,2026-05-25,1ca25203c25e2a12c95c5b0a38ffb00c64dd59f8c61609a9aa1dd18642025a75,KRK,NCE,1190.0981196938565,large_airport,large_airport,Austrian,Economy,1,One_way,1.0,350.0,614.0,14.0,Afternoon,Evening,2,5,0,1,0,1,5,0,1
1,2026-05-24,2026-05-25,d1cad53694cd2a47055a241b1d7890c61b840d91e87f2794fc1e667fdf4745e2,KRK,NCE,1190.0981196938565,large_airport,large_airport,SWISS,Economy,1,One_way,1.0,530.0,617.0,9.0,Morning,Evening,2,5,0,1,0,1,5,0,1
1,2026-05-24,2026-05-25,94abcd3a94af94e376a84bae911af75801d3f19f5f21c7235cc8dde4e5cca8e3,KRK,NCE,1190.0981196938565,large_airport,large_airport,Lufthansa,Economy,1,One_way,1.0,425.0,627.0,11.0,Morning,Evening,2,5,0,1,0,1,5,0,1
1,2026-05-24,2026-05-25,0760043c747da78808f67f24242288059c8816c9925e6f4fbaa835f3ef1f5e3a,KRK,NCE,1190.0981196938565,large_airport,large_airport,Lufthansa,Economy,1,One_way,1.0,325.0,627.0,12.0,Afternoon,Evening,2,5,0,1,0,1,5,0,1
1,2026-05-24,2026-05-25,d9dfa9c68b07a816f73a0fc6c2eee0801f525a2b73ca987c44270e69c4dcbad4,KRK,NCE,1190.0981196938565,large_airport,large_airport,Lufthansa,Economy,1,One_way,1.0,255.0,627.0,19.0,Evening,Night,2,5,0,1,0,1,5,0,1
1,2026-05-24,2026-05-25,57c55f77a5d1b8b233f7744f4e83ce2defbdf1bb0a4919071ce0f3ba36da1be9,KRK,NCE,1190.0981196938565,large_airport,large_airport,Lufthansa,Economy,1,One_way,1.0,415.0,627.0,6.0,Morning,Afternoon,2,5,0,1,0,1,5,0,1
1,2026-05-24,2026-05-25,082f6a6810a1d6fd44564054c9940881839694ddf6d0be98d716f0e1f33cfa20,KRK,NCE,1190.0981196938565,large_airport,large_airport,Lufthansa,Economy,1,One_way,1.0,685.0,627.0,6.0,Morning,Evening,2,5,0,1,0,1,5,0,1
1,2026-05-24,2026-05-25,e8b5b89f68c2864c4a7f55e476f35a4a3dc7fc533c5428c4d4e575e199deaa31,KRK,NCE,1190.0981196938565,large_airport,large_airport,Lufthansa,Economy,1,One_way,1.0,625.0,627.0,12.0,Afternoon,Night,2,5,0,1,0,1,5,0,1
1,2026-05-24,2026-05-25,b38915c3715f70b93ba9940ed4ea738c9346e849d0595d38a9ddaa4cfa51075b,KRK,NCE,1190.0981196938565,large_airport,large_airport,Lufthansa,Economy,1,One_way,1.0,545.0,627.0,14.0,Afternoon,Night,2,5,0,1,0,1,5,0,1
1,2026-05-24,2026-05-25,b44b4f4ea0eefe24757bd9d7e25a952d98b6076b0de93552b68958071cd43554,KRK,NCE,1190.0981196938565,large_airport,large_airport,SWISS,Economy,1,One_way,2.0,630.0,761.0,9.0,Morning,Evening,2,5,0,1,0,1,5,0,1
1,2026-05-24,2026-05-25,432ea731abafa5ebccd1f2a3f7cf407afc5f47d7584eae91df2b3c439dd30419,KRK,NCE,1190.0981196938565,large_airport,large_airport,SWISS,Economy,1,One_way,1.0,255.0,897.0,9.0,Morning,Afternoon,2,5,0,1,0,1,5,0,1
1,2026-05-24,2026-05-25,eb27861dd3b9b8502039a7f068f5d0cb9bbdcdfd4f57fdefde6f6731f1da80e2,KRK,NCE,1190.0981196938565,large_airport,large_airport,Lufthansa,Economy,1,One_way,1.0,605.0,898.0,13.0,Afternoon,Night,2,5,0,1,0,1,5,0,1
1,2026-05-24,2026-05-25,46854cc5ae35ce8d7b055f6806db20ca07e023351807aca71c9ef1afe8dd4763,KRK,NCE,1190.0981196938565,large_airport,large_airport,"Air Dolomiti, Lufthansa",Economy,1,One_way,1.0,405.0,898.0,16.0,Afternoon,Night,2,5,0,1,0,1,5,0,1
1,2026-05-24,2026-05-25,ee71a4f381ce80238bd5d4942804e910642c877f840ef75f30944fc5e2ededf2,KRK,NCE,1190.0981196938565,large_airport,large_airport,Air France,Business,1,One_way,1.0,330.0,760.0,14.0,Afternoon,Evening,2,5,0,1,0,1,5,0,1
1,2026-05-24,2026-05-25,cf41c4e56c3431a527676caf9493fbdde770cb0869443b4e3d9756d1fbdcedae,KRK,NCE,1190.0981196938565,large_airport,large_airport,KLM,Business,1,One_way,1.0,400.0,1152.0,11.0,Morning,Evening,2,5,0,1,0,1,5,0,1
1,2026-05-24,2026-05-25,8ce8ab37bb0a6e8e8af654c297ab9cee057b020ab8290246b4350a3f9f2ee8c2,KRK,NCE,1190.0981196938565,large_airport,large_airport,SWISS,Business,1,One_way,1.0,255.0,1771.0,9.0,Morning,Afternoon,2,5,0,1,0,1,5,0,1
1,2026-05-24,2026-05-25,79d3be9838bc7c1e88044a0e967310689a891f4e97a53127ff5b3d497afafb33,KRK,NCE,1190.0981196938565,large_airport,large_airport,Scandinavian Airlines,Business,1,One_way,1.0,745.0,629.0,20.0,Evening,Morning,2,5,0,1,0,1,5,0,1
1,2026-05-24,2026-05-25,29e287c0a2aa186ac7538db8118d1337c513ae0f24cc99db30b2fa78d9599e2b,KRK,NCE,1190.0981196938565,large_airport,large_airport,Air France,Business,1,One_way,1.0,435.0,760.0,14.0,Afternoon,Night,2,5,0,1,0,1,5,0,1
1,2026-05-24,2026-05-25,54c917687ca199ba683d59e96b9588ee5f066b13683cc4c461c88d3279d47e87,KRK,NCE,1190.0981196938565,large_airport,large_airport,Air France,Business,1,One_way,1.0,505.0,760.0,14.0,Afternoon,Night,2,5,0,1,0,1,5,0,1
1,2026-05-24,2026-05-25,c290dc3e6cb97014bf2018104343a9fb2f7939eb55157b2e7822876efdd19777,KRK,NCE,1190.0981196938565,large_airport,large_airport,"KLM, Air France",Business,1,One_way,2.0,560.0,791.0,6.0,Morning,Afternoon,2,5,0,1,0,1,5,0,1
1,2026-05-24,2026-05-25,06b483bcf53c11dfb890bf2cb4ef13f22048d92f2a225ea91af1ef2466c7ecf7,KRK,NCE,1190.0981196938565,large_airport,large_airport,"KLM, Air France",Business,1,One_way,2.0,635.0,791.0,6.0,Morning,Evening,2,5,0,1,0,1,5,0,1
1,2026-05-24,2026-05-25,34a7074e835470d5a804c19c74d71145e6d06517edcc12a3949d8c7722b4f248,KRK,NCE,1190.0981196938565,large_airport,large_airport,"KLM, Air France",Business,1,One_way,2.0,720.0,791.0,6.0,Morning,Evening,2,5,0,1,0,1,5,0,1
1,2026-05-24,2026-05-25,9d6ce46ba3d4388fce6f7870caccf98d7cca1bdc570f0c454ca736b41c31c516,KRK,NCE,1190.0981196938565,large_airport,large_airport,"SWISS, Austrian",Business,1,One_way,2.0,670.0,948.0,9.0,Morning,Evening,2,5,0,1,0,1,5,0,1
1,2026-05-24,2026-05-25,68d11c57fe9117d54977d93d7216c81dbcac1969cc365987b7d433085ca2a0f1,KRK,NCE,1190.0981196938565,large_airport,large_airport,"KLM, Air France",Business,1,One_way,2.0,585.0,983.0,11.0,Morning,Night,2,5,0,1,0,1,5,0,1
1,2026-05-24,2026-05-25,3e31a5788eea8614dd1e9562b8401f6544b628d65514f3840d4586e4f0325ccc,KRK,NCE,1190.0981196938565,large_airport,large_airport,"KLM, Air France",Business,1,One_way,2.0,470.0,994.0,6.0,Morning,Afternoon,2,5,0,1,0,1,5,0,1
1,2026-05-24,2026-05-25,78b4444d8588fdd66c138b3663357bae19b740536b15f16d2da62b5d100ecde6,KRK,NCE,1190.0981196938565,large_airport,large_airport,"KLM, Air France",Business,1,One_way,2.0,400.0,994.0,11.0,Morning,Evening,2,5,0,1,0,1,5,0,1
1,2026-05-24,2026-05-25,dd43e12bc941e91ab7ba115415c960ddc09bdd27cee197e15737dac6e8217552,KRK,NCE,1190.0981196938565,large_airport,large_airport,"KLM, Air France",Business,1,One_way,2.0,475.0,994.0,11.0,Morning,Evening,2,5,0,1,0,1,5,0,1
1,2026-05-24,2026-05-25,0cccae5b3a003cb26634b0b4cc12ddaf7563fb6e5924fcd9bfbf965dbe1853cb,KRK,NCE,1190.0981196938565,large_airport,large_airport,"KLM, Air France",Business,1,One_way,2.0,580.0,994.0,11.0,Morning,Night,2,5,0,1,0,1,5,0,1
1,2026-05-24,2026-05-25,fc89c25e2ffc9e6d0fdd75c89a2db8adb023eb449623cd21026b2a05481498e1,KRK,NCE,1190.0981196938565,large_airport,large_airport,"KLM, Air France",Business,1,One_way,2.0,650.0,994.0,11.0,Morning,Night,2,5,0,1,0,1,5,0,1
1,2026-05-24,2026-05-25,2a358c0b40c81a1993171f85a4eca2d71845a0f37db6a638f66bcd1ccb59b61d,KRK,NCE,1190.0981196938565,large_airport,large_airport,"Lufthansa, Austrian",Business,1,One_way,2.0,570.0,1107.0,11.0,Morning,Evening,2,5,0,1,0,1,5,0,1
1,2026-05-24,2026-05-25,31e87b07d9099958fe8e8ce5ff1838ca8caf8c6ebdc6c1b753ae86ce992229bc,KRK,NCE,1190.0981196938565,large_airport,large_airport,"Lufthansa, Austrian",Business,1,One_way,2.0,470.0,1107.0,12.0,Afternoon,Evening,2,5,0,1,0,1,5,0,1
1,2026-05-24,2026-05-25,9602dbf0936f4a039ebdcce3d602a202bb9e96b49b66359431d6341367d71c86,KRK,NCE,1190.0981196938565,large_airport,large_airport,KLM,Business,1,One_way,1.0,300.0,1152.0,6.0,Morning,Morning,2,5,0,1,0,1,5,0,1
1,2026-05-24,2026-05-25,9563ea6b85167911eae1d19924c2b4c09b4adde42d0202190182d9d4c844fbea,KRK,NCE,1190.0981196938565,large_airport,large_airport,KLM,Business,1,One_way,1.0,595.0,1152.0,6.0,Morning,Afternoon,2,5,0,1,0,1,5,0,1
1,2026-05-24,2026-05-25,6c00e9a0380e85ab72994d1141a875545ba9a8d4d11f1ddce7775660a482b210,KRK,NCE,1190.0981196938565,large_airport,large_airport,KLM,Business,1,One_way,1.0,720.0,1152.0,6.0,Morning,Evening,2,5,0,1,0,1,5,0,1
1,2026-05-24,2026-05-25,66a87f9cba4969a0492eb50fa1521c9d171b5f6b076335cc0094617b2b6ddfbe,KRK,NCE,1190.0981196938565,large_airport,large_airport,KLM,Business,1,One_way,1.0,635.0,1152.0,11.0,Morning,Night,2,5,0,1,0,1,5,0,1
1,2026-05-24,2026-05-25,aae3739997f78a43324ea449afdb7be359661baf93b4e67c557be7b48559fb70,KRK,NCE,1190.0981196938565,large_airport,large_airport,KLM,Business,1,One_way,1.0,500.0,1152.0,14.0,Afternoon,Night,2,5,0,1,0,1,5,0,1
1,2026-05-24,2026-05-25,80c50bd71d6080b5026bc3b26f5cf283ed888ad7d03fb7e1ef9dec51847cf978,KRK,NCE,1190.0981196938565,large_airport,large_airport,KLM,Business,1,One_way,1.0,955.0,1152.0,6.0,Morning,Night,2,5,0,1,0,1,5,0,1
1,2026-05-24,2026-05-25,d1e36ce796e773cdd74664e0fdba899acec5ef12f728c212400f1cf6ed66753f,KRK,NCE,1190.0981196938565,large_airport,large_airport,LOT,Business,1,One_way,1.0,925.0,1193.0,18.0,Evening,Morning,2,5,0,1,0,1,5,0,1
1,2026-05-24,2026-05-25,998d54c2d2e7b56a15a4719817fd07a09b2a78c42363971f891ad6926b40372c,KRK,NCE,1190.0981196938565,large_airport,large_airport,"Lufthansa, Eurowings",Business,1,One_way,2.0,445.0,1244.0,6.0,Morning,Afternoon,2,5,0,1,0,1,5,0,1
1,2026-05-24,2026-05-25,6b9861ad7b5e9089f13ec070db36c5299f426d7c0a070a8029a809c08753d77d,KRK,NCE,1190.0981196938565,large_airport,large_airport,"KLM, Air France",Business,1,One_way,2.0,515.0,1283.0,14.0,Afternoon,Night,2,5,0,1,0,1,5,0,1
1,2026-05-24,2026-05-25,fea06dc663cb82c0f2ec0a0d5c863e3ba993452fdd4c1b22874119a8e60d37a9,KRK,NCE,1190.0981196938565,large_airport,large_airport,British Airways,Business,1,One_way,1.0,1055.0,1322.0,19.0,Evening,Afternoon,2,5,0,1,0,1,5,0,1
1,2026-05-24,2026-05-25,85de810dfcba25a6cb7cf8d5ab1b382f8f688612faa6946a5794d3cab46cd9df,KRK,NCE,1190.0981196938565,large_airport,large_airport,Turkish Airlines,Business,1,One_way,1.0,535.0,1387.0,9.0,Morning,Evening,2,5,0,1,0,1,5,0,1
1,2026-05-24,2026-05-25,b1c445aad6375ef28417f1ac62fd98102bcfffb9c18ea802fe8a06d02833846e,KRK,NCE,1190.0981196938565,large_airport,large_airport,"Austrian, Lufthansa",Business,1,One_way,2.0,505.0,1435.0,14.0,Afternoon,Night,2,5,0,1,0,1,5,0,1
1,2026-05-24,2026-05-25,ff2519d88bf5fe7c4bf2100528972c7c589ceac44541dc8ff04b6e92d548f152,KRK,NCE,1190.0981196938565,large_airport,large_airport,"LOT, Turkish Airlines",Business,1,One_way,1.0,685.0,1598.0,7.0,Morning,Evening,2,5,0,1,0,1,5,0,1
1,2026-05-24,2026-05-25,bd2f66b1b7919433627dc3f6e19363121e2b71da3ad0bd3fc31caf087472b095,KRK,NCE,1190.0981196938565,large_airport,large_airport,Austrian,Business,1,One_way,1.0,350.0,1768.0,14.0,Afternoon,Evening,2,5,0,1,0,1,5,0,1
1,2026-05-24,2026-05-25,2be2d6499cdd436c4a09907be89ab1453ccb9846ec4d07a139cf8e3d4a2d9280,KRK,NCE,1190.0981196938565,large_airport,large_airport,SWISS,Business,1,One_way,1.0,530.0,1771.0,9.0,Morning,Evening,2,5,0,1,0,1,5,0,1
1,2026-05-24,2026-05-25,46f5e6168e138517fe3f97a177f15a945204289e14ad81d7a584ef01e0b6a65e,KRK,NCE,1190.0981196938565,large_airport,large_airport,Lufthansa,Business,1,One_way,1.0,425.0,1781.0,11.0,Morning,Evening,2,5,0,1,0,1,5,0,1
1,2026-05-24,2026-05-25,76dca7d31675c0d5e211a5a5bfb082fc8afc4129fe28927e36859a80a2734dbb,KRK,NCE,1190.0981196938565,large_airport,large_airport,Lufthansa,Business,1,One_way,1.0,325.0,1781.0,12.0,Afternoon,Evening,2,5,0,1,0,1,5,0,1
1,2026-05-24,2026-05-25,fbb7abeff116f6625a74e906d724a350e5f89770d9206ced47e93275d48583fb,KRK,NCE,1190.0981196938565,large_airport,large_airport,Lufthansa,Business,1,One_way,1.0,545.0,1781.0,14.0,Afternoon,Night,2,5,0,1,0,1,5,0,1
1,2026-05-24,2026-05-25,6f02dbc6bc7e0968d0686113f6fce2be697e40f887eb16ef90eb886cb2fb473e,KRK,NCE,1190.0981196938565,large_airport,large_airport,Lufthansa,Business,1,One_way,1.0,255.0,1781.0,19.0,Evening,Night,2,5,0,1,0,1,5,0,1
1,2026-05-24,2026-05-25,0a5986aebc0fe71852588662cc6274c80059c20962321eed9f8952b2703e1f21,WAW,ORY,1366.4198179189048,large_airport,large_airport,Wizz Air,Economy,1,One_way,0.0,155.0,288.0,10.0,Morning,Afternoon,2,5,0,1,0,1,5,0,1
1,2026-05-24,2026-05-25,afcd813398018a455cb86fe877e8c56cc9ecdeda76472b9c762d23d95a7a6f06,WAW,ORY,1366.4198179189048,large_airport,large_airport,Tap Air Portugal,Economy,1,One_way,2.0,930.0,407.0,17.0,Evening,Morning,2,5,0,1,0,1,5,0,1
1,2026-05-24,2026-05-25,5cd1e788577301f4c822a2e98f52f75b1cb9dd2c88cebc930dd1e36284f38ff3,WAW,ORY,1366.4198179189048,large_airport,large_airport,Tap Air Portugal,Economy,1,One_way,2.0,1345.0,442.0,17.0,Evening,Afternoon,2,5,0,1,0,1,5,0,1
1,2026-05-24,2026-05-25,890c778dfe32a1e4d260849d8ed0a464f52e818502a5d16f34fe5828dd8596ea,WAW,ORY,1366.4198179189048,large_airport,large_airport,Tap Air Portugal,Economy,1,One_way,1.0,940.0,538.0,17.0,Evening,Morning,2,5,0,1,0,1,5,0,1
1,2026-05-24,2026-05-25,7f7cffc34db1b374b10bd6d4f9daa80e895af2d78e56fe83b79cb350db7b95d3,WAW,ORY,1366.4198179189048,large_airport,large_airport,Tap Air Portugal,Economy,1,One_way,1.0,1040.0,585.0,17.0,Evening,Morning,2,5,0,1,0,1,5,0,1
1,2026-05-24,2026-05-25,b8ee901cfd64f27cfd4f5063b1f6ce5ebaee13531d14efcd242bce3ce2beeec8,WAW,ORY,1366.4198179189048,large_airport,large_airport,"British Airways, Vueling",Economy,1,One_way,1.0,555.0,629.0,8.0,Morning,Evening,2,5,0,1,0,1,5,0,1
1,2026-05-24,2026-05-25,e9b397cdeaa720f689fa4f97c8104c8901ce6f64bbaf686026aa515e5b1cd80d,WAW,ORY,1366.4198179189048,large_airport,large_airport,"LOT, Tap Air Portugal",Economy,1,One_way,1.0,805.0,664.0,9.0,Morning,Night,2,5,0,1,0,1,5,0,1
1,2026-05-24,2026-05-25,4a51069b01154ac665fbd66b7ad5c57f5586fa8d4b3d775a265b2876649e5d7d,WAW,ORY,1366.4198179189048,large_airport,large_airport,Tap Air Portugal,Economy,1,One_way,1.0,1200.0,696.0,17.0,Evening,Afternoon,2,5,0,1,0,1,5,0,1
1,2026-05-24,2026-05-25,58b31d624ff9b24817fa1f4f607868551b4db38ad277d6ec518f988923a1bef5,WAW,ORY,1366.4198179189048,large_airport,large_airport,"LOT, Tap Air Portugal",Economy,1,One_way,1.0,720.0,711.0,9.0,Morning,Night,2,5,0,1,0,1,5,0,1
1,2026-05-24,2026-05-25,aa749367a22f6a0274a2915a90e66603788b327f660c6b67774fb4c7bebdf738,WAW,ORY,1366.4198179189048,large_airport,large_airport,LOT,Economy,1,One_way,1.0,545.0,750.0,10.0,Morning,Evening,2,5,0,1,0,1,5,0,1
1,2026-05-24,2026-05-25,231c31fe65b2124bbd66bbf44f26d607cd4a55c96edd14973d75e060f54d3512,WAW,ORY,1366.4198179189048,large_airport,large_airport,LOT,Economy,1,One_way,1.0,380.0,750.0,13.0,Afternoon,Evening,2,5,0,1,0,1,5,0,1
1,2026-05-24,2026-05-25,984b2587bec1495c2362265c56f6972271a669e03027a7f2af041edb5c45e223,WAW,ORY,1366.4198179189048,large_airport,large_airport,LOT,Economy,1,One_way,1.0,290.0,750.0,14.0,Afternoon,Evening,2,5,0,1,0,1,5,0,1
1,2026-05-24,2026-05-25,837c10cee5802eac67b2fa29e44511e9fa9b6e7dc3a53b042da5aa4772c30a3b,WAW,ORY,1366.4198179189048,large_airport,large_airport,"LOT, Tap Air Portugal",Economy,1,One_way,1.0,640.0,822.0,9.0,Morning,Evening,2,5,0,1,0,1,5,0,1
1,2026-05-24,2026-05-25,4a72fa2f75a00185bec62188b4fe1c9f1dea603dda5ea037c2717731dfcbb2a6,WAW,ORY,1366.4198179189048,large_airport,large_airport,"LOT, Tap Air Portugal",Economy,1,One_way,1.0,555.0,1038.0,9.0,Morning,Evening,2,5,0,1,0,1,5,0,1
1,2026-05-24,2026-05-25,e1eb152b1dbcf5c9fa1ec6875fd87a76bf7e8b7babe72635a817ec86df31a34a,WAW,ORY,1366.4198179189048,large_airport,large_airport,"Lufthansa, ITA",Economy,1,One_way,2.0,530.0,1190.0,9.0,Morning,Evening,2,5,0,1,0,1,5,0,1
1,2026-05-24,2026-05-25,d2ea4b08aa332b6d37259ce4b92a83a00dc3c253df1319f8062accc6e421e47d,WAW,ORY,1366.4198179189048,large_airport,large_airport,"British Airways, Vueling",Business,1,One_way,1.0,555.0,790.0,8.0,Morning,Evening,2,5,0,1,0,1,5,0,1
1,2026-05-24,2026-05-25,f57504b47238f56dd90dc68bb7a2d4b3a6f23bef8d876e2ad89aca50b066a6a9,WAW,ORY,1366.4198179189048,large_airport,large_airport,"LOT, Tap Air Portugal",Business,1,One_way,1.0,555.0,1294.0,9.0,Morning,Evening,2,5,0,1,0,1,5,0,1
1,2026-05-24,2026-05-25,34d472329ec04ba6e677cb44adafe0650800fa3a48fb96408ea38635161b8321,WAW,ORY,1366.4198179189048,large_airport,large_airport,LOT,Business,1,One_way,1.0,290.0,1387.0,14.0,Afternoon,Evening,2,5,0,1,0,1,5,0,1
1,2026-05-24,2026-05-25,731d675800fc4af46fca3d8e9e955095485fecee390f4ae3d503112913c2b994,WAW,ORY,1366.4198179189048,large_airport,large_airport,"LOT, Tap Air Portugal",Business,1,One_way,1.0,720.0,1060.0,9.0,Morning,Night,2,5,0,1,0,1,5,0,1
1,2026-05-24,2026-05-25,f36d0d3685a7c1033e1feb2dfd9f6649e2db3ad415a2cc47b12ee3146ae3d02b,WAW,ORY,1366.4198179189048,large_airport,large_airport,"LOT, ITA",Business,1,One_way,2.0,670.0,1123.0,7.0,Morning,Evening,2,5,0,1,0,1,5,0,1
1,2026-05-24,2026-05-25,6f7f5f143f1b8bd49c91da2cd0fca4ef07f0edad65384c8615fcba694e2da74a,WAW,ORY,1366.4198179189048,large_airport,large_airport,LOT,Business,1,One_way,1.0,1425.0,1145.0,19.0,Evening,Evening,2,5,0,1,0,1,5,0,1
1,2026-05-24,2026-05-25,9abd8ceb7c7212f7dece80743ee81238936e548e187544d950821f76da5fa624,WAW,ORY,1366.4198179189048,large_airport,large_airport,"LOT, Tap Air Portugal",Business,1,One_way,1.0,640.0,1189.0,9.0,Morning,Evening,2,5,0,1,0,1,5,0,1
1,2026-05-24,2026-05-25,7d237fdde5a97dde87a7ae8acc9ceeadb549662b74e4c4d18c9a87d3368f3555,WAW,ORY,1366.4198179189048,large_airport,large_airport,"LOT, Tap Air Portugal",Business,1,One_way,1.0,805.0,1189.0,9.0,Morning,Night,2,5,0,1,0,1,5,0,1
1,2026-05-24,2026-05-25,57683e4cfedc777cad570ee174760f1f201bedf401dd0d8b1a5acc0e946a1e6f,WAW,ORY,1366.4198179189048,large_airport,large_airport,"LOT, Tap Air Portugal",Business,1,One_way,2.0,835.0,1313.0,7.0,Morning,Night,2,5,0,1,0,1,5,0,1
1,2026-05-24,2026-05-25,b0e5c7fa1af4a2cfa3b4f6c0eb7fc314b8842babfdfcbf30025f56d63fce73f8,WAW,ORY,1366.4198179189048,large_airport,large_airport,"LOT, Tap Air Portugal",Business,1,One_way,2.0,815.0,1315.0,8.0,Morning,Night,2,5,0,1,0,1,5,0,1
1,2026-05-24,2026-05-25,8a153488602476c9b4dc4a035755c4e8f757f13e40da7262dc353a26cce56315,WAW,ORY,1366.4198179189048,large_airport,large_airport,"LOT, Tap Air Portugal",Business,1,One_way,2.0,735.0,1318.0,9.0,Morning,Night,2,5,0,1,0,1,5,0,1
1,2026-05-24,2026-05-25,5fb5e5122e9d2fbf82c3cdf325f72c9690e6904d1980edadd9ebc5448862abad,WAW,ORY,1366.4198179189048,large_airport,large_airport,LOT,Business,1,One_way,1.0,1245.0,1378.0,22.0,Night,Evening,2,5,0,1,0,1,5,0,1
1,2026-05-24,2026-05-25,e1e6c0c8a66477f9d9aef64c4c78c7b39e0b369af29be95fddc94de77ddc8c70,WAW,ORY,1366.4198179189048,large_airport,large_airport,LOT,Business,1,One_way,1.0,545.0,1387.0,10.0,Morning,Evening,2,5,0,1,0,1,5,0,1
1,2026-05-24,2026-05-25,43b1dbc3662330d71f9155812878bb43e4bc0ba21a6b6a15f0c4c6b0ed7ddc2f,WAW,ORY,1366.4198179189048,large_airport,large_airport,LOT,Business,1,One_way,1.0,380.0,1387.0,13.0,Afternoon,Evening,2,5,0,1,0,1,5,0,1
1,2026-05-24,2026-05-25,8824a5cce3fec1945bf1985a930c4383b2b0cc3b0d8d920cc8e6dd63f98417fa,WAW,ORY,1366.4198179189048,large_airport,large_airport,"LOT, Tap Air Portugal",Business,1,One_way,2.0,755.0,1442.0,7.0,Morning,Evening,2,5,0,1,0,1,5,0,1
1,2026-05-24,2026-05-25,73fa011c8d3d08b76ddf04aba7acc819e8c35b27f748b27b365cabb33ee993a1,WAW,ORY,1366.4198179189048,large_airport,large_airport,"LOT, Tap Air Portugal",Business,1,One_way,2.0,900.0,1443.0,8.0,Morning,Night,2,5,0,1,0,1,5,0,1
1,2026-05-24,2026-05-25,c4aae0b5265532ef22fbcb149b63e96c3cf5210de1af81a10c06ea9385626a31,WAW,ORY,1366.4198179189048,large_airport,large_airport,"LOT, Tap Air Portugal",Business,1,One_way,2.0,820.0,1447.0,9.0,Morning,Night,2,5,0,1,0,1,5,0,1
1,2026-05-24,2026-05-25,6eec82738baff61849272a8605319a8f5b5763e415cfc2888ca87d02a846f5e7,WAW,ORY,1366.4198179189048,large_airport,large_airport,"British Airways, Iberia",Business,1,One_way,2.0,825.0,1701.0,8.0,Morning,Night,2,5,0,1,0,1,5,0,1
1,2026-05-24,2026-05-25,6293799232a66c949702d25ad58f0b034a066dc0e03f19b49ee59d659fdde010,WAW,ORY,1366.4198179189048,large_airport,large_airport,"LOT, Lufthansa, ITA",Business,1,One_way,2.0,650.0,1735.0,7.0,Morning,Evening,2,5,0,1,0,1,5,0,1
1,2026-05-24,2026-05-25,d80bf4d6cd41ef765d56c30aec5679f9da57732f4e94fff185c135f4b84f0ce2,WAW,ORY,1366.4198179189048,large_airport,large_airport,"British Airways, Iberia",Business,1,One_way,2.0,590.0,1819.0,8.0,Morning,Evening,2,5,0,1,0,1,5,0,1
1,2026-05-24,2026-05-25,6687f32916e23c1c291c1654651de61443d9dbe25917e83b7a05b2f8d6594328,WAW,ORY,1366.4198179189048,large_airport,large_airport,"British Airways, Iberia",Business,1,One_way,2.0,705.0,1819.0,8.0,Morning,Evening,2,5,0,1,0,1,5,0,1
1,2026-05-24,2026-05-25,e38b3b96e5001a5e5fff75628fe6b2c9e12a830dfaf2e2d191b47d049ccbce2a,WAW,ORY,1366.4198179189048,large_airport,large_airport,"Lufthansa, ITA",Business,1,One_way,2.0,530.0,1969.0,9.0,Morning,Evening,2,5,0,1,0,1,5,0,1
1,2026-05-24,2026-05-25,f62c131c7c2a57557ee56ccafc67faa2fe2379019a6c8a6858f9ee7882606b04,WAW,CDG,1342.3755951921296,large_airport,large_airport,Air France,Economy,1,One_way,0.0,150.0,541.0,16.0,Afternoon,Evening,2,5,0,1,0,1,5,0,1
1,2026-05-24,2026-05-25,39d67e559f5e228494ddb1c5491f08eba681d097b39975799e2d812c683a3187,WAW,CDG,1342.3755951921296,large_airport,large_airport,Air France,Economy,1,One_way,0.0,145.0,595.0,12.0,Afternoon,Afternoon,2,5,0,1,0,1,5,0,1
1,2026-05-24,2026-05-25,0afeb3610dc162de5d95808c2d993902f76cd6acc613dc52b4c4ba9b7b213c21,WAW,CDG,1342.3755951921296,large_airport,large_airport,LOT,Economy,1,One_way,0.0,145.0,611.0,16.0,Afternoon,Evening,2,5,0,1,0,1,5,0,1
1,2026-05-24,2026-05-25,31fd8ea8eacdf2810bd9a7b213b03108a1ea6f54617c8c8bcfda7f44dc158cc2,WAW,CDG,1342.3755951921296,large_airport,large_airport,Aegean,Economy,1,One_way,1.0,1560.0,227.0,18.0,Evening,Evening,2,5,0,1,0,1,5,0,1
1,2026-05-24,2026-05-25,156902f6f2d4d6f7563ed93a47e8e327a8f4f5935879b0e2bd67218083e53b04,WAW,CDG,1342.3755951921296,large_airport,large_airport,"KLM, Air France",Economy,1,One_way,1.0,360.0,345.0,6.0,Morning,Afternoon,2,5,0,1,0,1,5,0,1
1,2026-05-24,2026-05-25,ae396977eaedd1b6f2c7ae3a0ae07cc9663b51ed807675a3f6bcbce705afaec1,WAW,CDG,1342.3755951921296,large_airport,large_airport,KLM,Economy,1,One_way,1.0,460.0,345.0,6.0,Morning,Afternoon,2,5,0,1,0,1,5,0,1
1,2026-05-24,2026-05-25,1840158a83cd4ae11f89f52316ebb2fced7581c4be354b60f1155dfaaa45fea2,WAW,CDG,1342.3755951921296,large_airport,large_airport,"KLM, Air France",Economy,1,One_way,1.0,575.0,345.0,6.0,Morning,Afternoon,2,5,0,1,0,1,5,0,1
1,2026-05-24,2026-05-25,0c7991b51681efb0876e7df804188fdbd1107557a6f0cda08807ced10694660e,WAW,CDG,1342.3755951921296,large_airport,large_airport,"KLM, Air France",Economy,1,One_way,1.0,600.0,345.0,6.0,Morning,Afternoon,2,5,0,1,0,1,5,0,1
1,2026-05-24,2026-05-25,36c61ae8e89eb70546de60d5c4117408f86d2cbebc407b7e64000bcfd48a6326,WAW,CDG,1342.3755951921296,large_airport,large_airport,KLM,Economy,1,One_way,1.0,785.0,345.0,6.0,Morning,Evening,2,5,0,1,0,1,5,0,1
1,2026-05-24,2026-05-25,1dd33a93e629208bb791ddc0dad7ba7c7091345aed9fe0597e81c10071ccaa0f,WAW,CDG,1342.3755951921296,large_airport,large_airport,"KLM, Air France",Economy,1,One_way,1.0,845.0,345.0,6.0,Morning,Evening,2,5,0,1,0,1,5,0,1
1,2026-05-24,2026-05-25,5399da479897fc58541f320a15c06a0257522ce22633669518bfe7cc9eab3536,WAW,CDG,1342.3755951921296,large_airport,large_airport,KLM,Economy,1,One_way,1.0,400.0,345.0,12.0,Afternoon,Evening,2,5,0,1,0,1,5,0,1
1,2026-05-24,2026-05-25,4c9baf7ad9013b37127787424859aa4027bdc90929814be4f4c19c2c42ffa2b2,WAW,CDG,1342.3755951921296,large_airport,large_airport,"KLM, Air France",Economy,1,One_way,1.0,460.0,345.0,12.0,Afternoon,Evening,2,5,0,1,0,1,5,0,1
1,2026-05-24,2026-05-25,bc417a309014602b17d6b55a3c6a26f6d3927edc437dffa15396698773d2ce56,WAW,CDG,1342.3755951921296,large_airport,large_airport,"KLM, Air France",Economy,1,One_way,1.0,565.0,345.0,12.0,Afternoon,Night,2,5,0,1,0,1,5,0,1
1,2026-05-24,2026-05-25,0b17883a2e5dd2dceb656757674300d826e5dae9f0704b86e3f82a12adebd4ed,WAW,CDG,1342.3755951921296,large_airport,large_airport,"KLM, Air France",Economy,1,One_way,1.0,280.0,345.0,17.0,Evening,Night,2,5,0,1,0,1,5,0,1
1,2026-05-24,2026-05-25,6c06353be542385b0768883ec7640b392c9eac13549d497bf44ac51ab614bc89,WAW,CDG,1342.3755951921296,large_airport,large_airport,Turkish Airlines,Economy,1,One_way,1.0,480.0,407.0,10.0,Morning,Evening,2,5,0,1,0,1,5,0,1
1,2026-05-24,2026-05-25,b416a99c6466d092feb8510c70aa2afc232753d3e8e4c2662d92cad3f2d8d158,WAW,CDG,1342.3755951921296,large_airport,large_airport,Turkish Airlines,Economy,1,One_way,1.0,745.0,407.0,10.0,Morning,Night,2,5,0,1,0,1,5,0,1
1,2026-05-24,2026-05-25,bdb3c559d129f0ae1731cbcbe5defb990071548c87299c7c0379b7410ed78cb7,WAW,CDG,1342.3755951921296,large_airport,large_airport,"KLM, Air France",Economy,1,One_way,1.0,295.0,420.0,6.0,Morning,Morning,2,5,0,1,0,1,5,0,1
1,2026-05-24,2026-05-25,8d84b17eab2a44cfb1f7e313b044d7a45242899f47055e66fa8530004fc643ea,WAW,CDG,1342.3755951921296,large_airport,large_airport,KLM,Economy,1,One_way,1.0,705.0,420.0,6.0,Morning,Evening,2,5,0,1,0,1,5,0,1
1,2026-05-24,2026-05-25,2d4d79157c5af102d55c7e0c727dbcec4e533737093bcfa0aac9ce03b35f4189,WAW,CDG,1342.3755951921296,large_airport,large_airport,KLM,Economy,1,One_way,1.0,320.0,420.0,12.0,Afternoon,Evening,2,5,0,1,0,1,5,0,1
1,2026-05-24,2026-05-25,3771451fca60aecac381904835aa84ad8fac7a8e360bdf1f561a42d773c4fda7,WAW,CDG,1342.3755951921296,large_airport,large_airport,"Lufthansa, Austrian",Economy,1,One_way,2.0,500.0,444.0,6.0,Morning,Afternoon,2,5,0,1,0,1,5,0,1
1,2026-05-24,2026-05-25,94c5a37f4119d23e1d2c2ed4cff183a5d4751b6de539ac86a7cc64d50f3a54a6,WAW,CDG,1342.3755951921296,large_airport,large_airport,"Lufthansa, Austrian",Economy,1,One_way,2.0,440.0,444.0,9.0,Morning,Evening,2,5,0,1,0,1,5,0,1
1,2026-05-24,2026-05-25,9e6cb3d5597e80c76e049c48f8cdfd5c428923aaf3cac7e72858fd992c857468,WAW,CDG,1342.3755951921296,large_airport,large_airport,"Lufthansa, Austrian",Economy,1,One_way,2.0,490.0,444.0,14.0,Afternoon,Night,2,5,0,1,0,1,5,0,1
1,2026-05-24,2026-05-25,54555735927107c6f1b377a11de259483f55c8ffaaded182ad14113eb20a37e1,WAW,CDG,1342.3755951921296,large_airport,large_airport,Aegean,Economy,1,One_way,1.0,1125.0,444.0,18.0,Evening,Afternoon,2,5,0,1,0,1,5,0,1
1,2026-05-24,2026-05-25,8e3d44806e5f1880467be9049adb811dcdeb67c1b66ef33f5b817187d98eadca,WAW,CDG,1342.3755951921296,large_airport,large_airport,"LOT, ITA",Economy,1,One_way,2.0,520.0,460.0,7.0,Morning,Afternoon,2,5,0,1,0,1,5,0,1
1,2026-05-24,2026-05-25,013b9497457e95bde991938ee316a8e3e4669e77249b551a7331b91e47549186,WAW,CDG,1342.3755951921296,large_airport,large_airport,LOT,Economy,1,One_way,0.0,150.0,477.0,7.0,Morning,Morning,2,5,0,1,0,1,5,0,1
1,2026-05-24,2026-05-25,8ac4284fa89698b389c557d8a53621106bfdaccc77b2a9548dd83f4bdbfd1c14,WAW,CDG,1342.3755951921296,large_airport,large_airport,Scandinavian Airlines,Economy,1,One_way,1.0,550.0,482.0,10.0,Morning,Evening,2,5,0,1,0,1,5,0,1
1,2026-05-24,2026-05-25,89f8943b91fcc36d7d379d5fa94280e34f92b3e64732cf48a987bffa05e7f5bc,WAW,CDG,1342.3755951921296,large_airport,large_airport,Scandinavian Airlines,Economy,1,One_way,1.0,260.0,482.0,15.0,Afternoon,Evening,2,5,0,1,0,1,5,0,1
1,2026-05-24,2026-05-25,99833f1f414158702970c7e074241b5238903eb8ef27c376a844ff1cccf70c5f,WAW,CDG,1342.3755951921296,large_airport,large_airport,Scandinavian Airlines,Economy,1,One_way,1.0,795.0,529.0,19.0,Evening,Morning,2,5,0,1,0,1,5,0,1
1,2026-05-24,2026-05-25,975bc8fcf4c7f0cda9056cd2707d2857dcbb126e521999b8363427f63c251dc1,WAW,CDG,1342.3755951921296,large_airport,large_airport,Turkish Airlines,Economy,1,One_way,1.0,880.0,535.0,19.0,Evening,Morning,2,5,0,1,0,1,5,0,1
1,2026-05-24,2026-05-25,a015cec2e3569328c789e125b7bd4307ca56e03bc0a840dd2f4a59c8d6b0e9a7,WAW,CDG,1342.3755951921296,large_airport,large_airport,Turkish Airlines,Economy,1,One_way,1.0,930.0,535.0,19.0,Evening,Morning,2,5,0,1,0,1,5,0,1
1,2026-05-24,2026-05-25,039cb3a181e17464fdba09e56f0d6fa9919da9a77cd5b2aadb5f6dd0ae6ea147,WAW,CDG,1342.3755951921296,large_airport,large_airport,Turkish Airlines,Economy,1,One_way,1.0,1050.0,535.0,19.0,Evening,Afternoon,2,5,0,1,0,1,5,0,1
1,2026-05-24,2026-05-25,38e09f25397b62126d7046dfce3ea65e1d4c9935ae3cf85d19517057d9e7adba,WAW,CDG,1342.3755951921296,large_airport,large_airport,"LOT, Croatia",Economy,1,One_way,2.0,455.0,557.0,10.0,Morning,Evening,2,5,0,1,0,1,5,0,1
1,2026-05-24,2026-05-25,3b937c121e47ca9b94f4929813ae879a883ad534699cd4aaaf1cbabd008a06dc,WAW,CDG,1342.3755951921296,large_airport,large_airport,"LOT, Austrian",Economy,1,One_way,2.0,445.0,561.0,7.0,Morning,Afternoon,2,5,0,1,0,1,5,0,1
1,2026-05-24,2026-05-25,ee7c1b5709cbe8551b2c63806b837baa3d297aa1e5c9117ca9f717665a5b903d,WAW,CDG,1342.3755951921296,large_airport,large_airport,British Airways,Economy,1,One_way,1.0,880.0,568.0,8.0,Morning,Night,2,5,0,1,0,1,5,0,1
1,2026-05-24,2026-05-25,f6ab2e1dfdd745e7df4eee3036d1d39204ebd4129e6e1d6a746a8dbdcb3476f7,WAW,CDG,1342.3755951921296,large_airport,large_airport,Air France,Economy,1,One_way,0.0,160.0,595.0,6.0,Morning,Morning,2,5,0,1,0,1,5,0,1
1,2026-05-24,2026-05-25,b40e4eca42080d514d1e1177938ea96e0822ef99bac067974bb7b027f43158f4,WAW,CDG,1342.3755951921296,large_airport,large_airport,Scandinavian Airlines,Economy,1,One_way,1.0,880.0,599.0,19.0,Evening,Morning,2,5,0,1,0,1,5,0,1
1,2026-05-24,2026-05-25,ec6d051456893406e54867fd6b72d69e9644a144eeeb01a541560fdf80663e73,WAW,CDG,1342.3755951921296,large_airport,large_airport,Norwegian,Economy,1,One_way,1.0,515.0,629.0,12.0,Afternoon,Evening,2,5,0,1,0,1,5,0,1
1,2026-05-24,2026-05-25,f0174f0cd475d232ad05ec9102ee6e77a1b1801794a3b3ec210dd196e7ba6a2e,WAW,CDG,1342.3755951921296,large_airport,large_airport,"Scandinavian Airlines, Air France",Economy,1,One_way,1.0,685.0,654.0,10.0,Morning,Night,2,5,0,1,0,1,5,0,1
1,2026-05-24,2026-05-25,457338ff9e077ba544758e90bec72617947766b66bb9d6e5ec7c2bd5ad888f85,WAW,CDG,1342.3755951921296,large_airport,large_airport,"Scandinavian Airlines, Air France",Economy,1,One_way,1.0,395.0,654.0,15.0,Afternoon,Night,2,5,0,1,0,1,5,0,1
1,2026-05-24,2026-05-25,43d5531471e49e7f0c564e6ac5dbd56cde1b4430d15f5e318be69572e85a8f4e,WAW,CDG,1342.3755951921296,large_airport,large_airport,"LOT, ITA",Economy,1,One_way,1.0,980.0,656.0,7.0,Morning,Night,2,5,0,1,0,1,5,0,1
1,2026-05-24,2026-05-25,b2abf520788b56e123703c8db198ee8d74297f2f0d5f3ca1fc5fb97a50b9fc58,WAW,CDG,1342.3755951921296,large_airport,large_airport,"LOT, ITA",Economy,1,One_way,1.0,485.0,656.0,15.0,Afternoon,Night,2,5,0,1,0,1,5,0,1
1,2026-05-24,2026-05-25,565e6fec63fa77a987b90704591d107236ffb360b40561f1c7d34b05c340d8ad,WAW,CDG,1342.3755951921296,large_airport,large_airport,Austrian,Economy,1,One_way,1.0,495.0,692.0,6.0,Morning,Afternoon,2,5,0,1,0,1,5,0,1
1,2026-05-24,2026-05-25,3b605c0c19d9fcabbfcf6737e8aab21ba856c0b6fbb6c85c5aa8626c0ba96844,WAW,CDG,1342.3755951921296,large_airport,large_airport,Austrian,Economy,1,One_way,1.0,610.0,692.0,6.0,Morning,Evening,2,5,0,1,0,1,5,0,1
1,2026-05-24,2026-05-25,cdfebba7ed8ecd37cbb2cabb637a19390966d0996c511f93f49be0fd7c575ed2,WAW,CDG,1342.3755951921296,large_airport,large_airport,Austrian,Economy,1,One_way,1.0,750.0,692.0,6.0,Morning,Evening,2,5,0,1,0,1,5,0,1
1,2026-05-24,2026-05-25,2efc97bd890798cd83230972d33b26f1b4540acae6d72fecb6c451b96d6be977,WAW,CDG,1342.3755951921296,large_airport,large_airport,Austrian,Economy,1,One_way,1.0,935.0,692.0,6.0,Morning,Night,2,5,0,1,0,1,5,0,1
1,2026-05-24,2026-05-25,d4194083052f69fab748868d002af3cad69edf9926e43936d6b9898899c6736b,WAW,CDG,1342.3755951921296,large_airport,large_airport,Austrian,Economy,1,One_way,1.0,400.0,692.0,8.0,Morning,Afternoon,2,5,0,1,0,1,5,0,1
1,2026-05-24,2026-05-25,2d11da16137f98b7630c9851d887ed300603f383cf049967911041fc8a230be5,WAW,CDG,1342.3755951921296,large_airport,large_airport,Austrian,Economy,1,One_way,1.0,515.0,692.0,8.0,Morning,Evening,2,5,0,1,0,1,5,0,1
1,2026-05-24,2026-05-25,05677f953239d280319e888689406109e189531b9645ee4099015212bd60fad3,WAW,CDG,1342.3755951921296,large_airport,large_airport,Austrian,Economy,1,One_way,1.0,655.0,692.0,8.0,Morning,Evening,2,5,0,1,0,1,5,0,1
1,2026-05-24,2026-05-25,8db9b007b16ac84c931200f5d5f17a22c9d9b9f9c48ad5f35669740f0145d6ff,WAW,CDG,1342.3755951921296,large_airport,large_airport,Austrian,Economy,1,One_way,1.0,840.0,692.0,8.0,Morning,Night,2,5,0,1,0,1,5,0,1
1,2026-05-24,2026-05-25,7773f9dfb74c8c42868d09ea6b5a9cbf0073ece3d4d775248b9de5de0a644d36,WAW,CDG,1342.3755951921296,large_airport,large_airport,SWISS,Economy,1,One_way,1.0,520.0,694.0,14.0,Afternoon,Night,2,5,0,1,0,1,5,0,1
1,2026-05-24,2026-05-25,71ea5fed94d3fafb627d71595855624cc6bd82b0fd8b885733d35191507813c2,WAW,CDG,1342.3755951921296,large_airport,large_airport,SWISS,Economy,1,One_way,1.0,795.0,694.0,19.0,Evening,Morning,2,5,0,1,0,1,5,0,1
1,2026-05-24,2026-05-25,5da345bb26f5311932cbdde62c87e908a32f2624a9ee9973cf30e1955f57d779,WAW,CDG,1342.3755951921296,large_airport,large_airport,Lufthansa,Economy,1,One_way,1.0,315.0,696.0,6.0,Morning,Morning,2,5,0,1,0,1,5,0,1
1,2026-05-24,2026-05-25,cb25a88815ccba4d813c5e09e373350bbbd13c2fc026530656348b9299ee35d9,WAW,CDG,1342.3755951921296,large_airport,large_airport,"Lufthansa, Lufthansa City Airlines",Economy,1,One_way,1.0,450.0,696.0,6.0,Morning,Afternoon,2,5,0,1,0,1,5,0,1
1,2026-05-24,2026-05-25,5627ab03bf7eed16a8557b94d9c35359bd295d9d8ab89387a0c404116d072a53,WAW,CDG,1342.3755951921296,large_airport,large_airport,Lufthansa,Economy,1,One_way,1.0,240.0,696.0,13.0,Afternoon,Evening,2,5,0,1,0,1,5,0,1
1,2026-05-24,2026-05-25,c00abb9a9c52921487da5ecaa4273ebcf3fce8a228bf78c38cb9c7dcf1ef912a,WAW,CDG,1342.3755951921296,large_airport,large_airport,Lufthansa,Economy,1,One_way,1.0,420.0,696.0,13.0,Afternoon,Evening,2,5,0,1,0,1,5,0,1
1,2026-05-24,2026-05-25,848cf595ffc34677e4d2ba68e7916ef526f97c33314044378b0550f414b4ef0d,WAW,CDG,1342.3755951921296,large_airport,large_airport,"Lufthansa, Lufthansa City Airlines",Economy,1,One_way,1.0,620.0,696.0,13.0,Afternoon,Night,2,5,0,1,0,1,5,0,1
1,2026-05-24,2026-05-25,68100862b4b96223d53b09ca58c2b50ca80d7e808cab8ee714a584a5c00b4ebf,WAW,CDG,1342.3755951921296,large_airport,large_airport,"Lufthansa, Lufthansa City Airlines",Economy,1,One_way,1.0,340.0,696.0,17.0,Evening,Night,2,5,0,1,0,1,5,0,1
1,2026-05-24,2026-05-25,8bd55f828a77b6c714e1a0911d52602c84c8695d8cc8491e288cdfc65a795af0,WAW,CDG,1342.3755951921296,large_airport,large_airport,Brussels Airlines,Economy,1,One_way,1.0,805.0,705.0,18.0,Evening,Morning,2,5,0,1,0,1,5,0,1
1,2026-05-24,2026-05-25,1da22c5501ff5ff5209e5052d9593a1a12d832b9c5a9155ee62eaac6e94c0238,WAW,CDG,1342.3755951921296,large_airport,large_airport,Brussels Airlines,Economy,1,One_way,1.0,895.0,705.0,18.0,Evening,Morning,2,5,0,1,0,1,5,0,1
1,2026-05-24,2026-05-25,4d2f31a034d9363196943411c0e8692e1c94feef31f4b844dadabde6c6d605db,WAW,CDG,1342.3755951921296,large_airport,large_airport,Lufthansa,Economy,1,One_way,1.0,420.0,706.0,6.0,Morning,Afternoon,2,5,0,1,0,1,5,0,1
1,2026-05-24,2026-05-25,1995cd792d312876be19b5c6f188cfde9d5fd59f31ac1753661a365ef564b825,WAW,CDG,1342.3755951921296,large_airport,large_airport,Lufthansa,Economy,1,One_way,1.0,245.0,706.0,9.0,Morning,Afternoon,2,5,0,1,0,1,5,0,1
1,2026-05-24,2026-05-25,ae7545b3b3334e2ebb0d144c9062750ed5f446b15f0055c1c48a4a4a68eb75cd,WAW,CDG,1342.3755951921296,large_airport,large_airport,Lufthansa,Economy,1,One_way,1.0,495.0,706.0,9.0,Morning,Evening,2,5,0,1,0,1,5,0,1
1,2026-05-24,2026-05-25,3e36e53eaccb5788e73f9628eee1c8959a316691b13cc54d806b47d39d1266e5,WAW,CDG,1342.3755951921296,large_airport,large_airport,Lufthansa,Economy,1,One_way,1.0,550.0,706.0,9.0,Morning,Evening,2,5,0,1,0,1,5,0,1
1,2026-05-24,2026-05-25,90d6db71a551f3b886442c6b33f30cbde554ac13cf1052bc9936e3d44595537c,WAW,CDG,1342.3755951921296,large_airport,large_airport,Lufthansa,Economy,1,One_way,1.0,275.0,706.0,14.0,Afternoon,Evening,2,5,0,1,0,1,5,0,1
1,2026-05-24,2026-05-25,a9495449966ca54f62c126a252d731c37a03180c8f31687be6680f9dabbb432f,WAW,CDG,1342.3755951921296,large_airport,large_airport,Lufthansa,Economy,1,One_way,1.0,480.0,706.0,14.0,Afternoon,Night,2,5,0,1,0,1,5,0,1
1,2026-05-24,2026-05-25,f1012c06a7104873b955a7e3c754eb9e54cfa15704db6aa88c27c7a8e7f5c7f1,WAW,CDG,1342.3755951921296,large_airport,large_airport,"LOT, Turkish Airlines",Economy,1,One_way,1.0,530.0,743.0,9.0,Morning,Evening,2,5,0,1,0,1,5,0,1
1,2026-05-24,2026-05-25,c7ddadd549786ab91fa7f5275c130901f2a2dd251b02b6a1f3e8c7109e294d2c,WAW,CDG,1342.3755951921296,large_airport,large_airport,"LOT, Turkish Airlines",Economy,1,One_way,1.0,575.0,743.0,12.0,Afternoon,Night,2,5,0,1,0,1,5,0,1
1,2026-05-24,2026-05-25,4905b149d084404a1f84c81eaf345fa7a8863e93203b015193cb44511357707c,WAW,CDG,1342.3755951921296,large_airport,large_airport,"LOT, Austrian",Economy,1,One_way,1.0,475.0,757.0,7.0,Morning,Afternoon,2,5,0,1,0,1,5,0,1
1,2026-05-24,2026-05-25,c7912fdf3e995f179f85204aefcd2c2badd61cf75d7404ab7bf21be718918280,WAW,CDG,1342.3755951921296,large_airport,large_airport,"LOT, Austrian",Economy,1,One_way,1.0,305.0,757.0,17.0,Evening,Night,2,5,0,1,0,1,5,0,1
1,2026-05-24,2026-05-25,0629141175cc1c05db7b19368485aaf2458ce848f1901d31cb91a367add39215,WAW,CDG,1342.3755951921296,large_airport,large_airport,"LOT, SWISS",Economy,1,One_way,1.0,675.0,759.0,7.0,Morning,Evening,2,5,0,1,0,1,5,0,1
1,2026-05-24,2026-05-25,525c249032d07de42de124d4a42ea0f90395ef98256a67e40c1c7c3b73305d96,WAW,CDG,1342.3755951921296,large_airport,large_airport,"LOT, SWISS",Economy,1,One_way,1.0,390.0,759.0,17.0,Evening,Night,2,5,0,1,0,1,5,0,1
1,2026-05-24,2026-05-25,98b144fd0b37f3f70d10eaadf2a10d81cba3431b6f9c7d856885f1545ad787b0,WAW,CDG,1342.3755951921296,large_airport,large_airport,"LOT, Lufthansa City Airlines",Economy,1,One_way,1.0,360.0,761.0,7.0,Morning,Afternoon,2,5,0,1,0,1,5,0,1
1,2026-05-24,2026-05-25,f8be5f0e7bbef036dc23e0d5a2e171eff972e9a609e07c7775ff6b3383926d28,WAW,CDG,1342.3755951921296,large_airport,large_airport,"LOT, Lufthansa City Airlines",Economy,1,One_way,1.0,385.0,761.0,17.0,Evening,Night,2,5,0,1,0,1,5,0,1
1,2026-05-24,2026-05-25,6282503e4578323437035bf918e0c76be9493a92d0aada2582bb102d5bc22ccd,WAW,CDG,1342.3755951921296,large_airport,large_airport,"LOT, Lufthansa",Economy,1,One_way,1.0,365.0,771.0,7.0,Morning,Afternoon,2,5,0,1,0,1,5,0,1
1,2026-05-24,2026-05-25,0d00a4238e4766acb7599d726baa3de4cc3bbabe9d7dabd99394674a5ce2eedf,WAW,CDG,1342.3755951921296,large_airport,large_airport,"LOT, Lufthansa",Economy,1,One_way,1.0,260.0,771.0,14.0,Afternoon,Evening,2,5,0,1,0,1,5,0,1
1,2026-05-24,2026-05-25,e9985a1b8462bf5d63398f360a71dc26cff287c84cddeaebcc1a7e47d9f2e577,WAW,CDG,1342.3755951921296,large_airport,large_airport,"LOT, Lufthansa",Economy,1,One_way,1.0,465.0,771.0,14.0,Afternoon,Night,2,5,0,1,0,1,5,0,1
1,2026-05-24,2026-05-25,99913d6200434682643ff68862471e825bf56c1408868a04977947ed5f47339a,WAW,CDG,1342.3755951921296,large_airport,large_airport,"LOT, Lufthansa",Economy,1,One_way,1.0,315.0,771.0,17.0,Evening,Night,2,5,0,1,0,1,5,0,1
1,2026-05-24,2026-05-25,313afe43275cfd9a59da810228760734c5b17dbb7764b053e1fdbd691c90c8d9,WAW,CDG,1342.3755951921296,large_airport,large_airport,British Airways,Economy,1,One_way,1.0,715.0,776.0,8.0,Morning,Evening,2,5,0,1,0,1,5,0,1
1,2026-05-24,2026-05-25,7bb5a50fdcc48bba5c19c77c3acab5ab86e6196e0ec911063a078a37a5d3de8b,WAW,CDG,1342.3755951921296,large_airport,large_airport,Austrian,Economy,1,One_way,1.0,1165.0,777.0,19.0,Evening,Afternoon,2,5,0,1,0,1,5,0,1
1,2026-05-24,2026-05-25,8cddc7a87ed9699328c269724151c17adad580e68ec934b19e03f524a426eec0,WAW,CDG,1342.3755951921296,large_airport,large_airport,SWISS,Economy,1,One_way,1.0,1100.0,786.0,19.0,Evening,Afternoon,2,5,0,1,0,1,5,0,1
1,2026-05-24,2026-05-25,5d21fbd0c727c748513715a0ecb6add7e26cdd4583aa25712a4d362e5924eca3,WAW,CDG,1342.3755951921296,large_airport,large_airport,"LOT, Lufthansa City Airlines",Economy,1,One_way,1.0,695.0,791.0,20.0,Evening,Morning,2,5,0,1,0,1,5,0,1
1,2026-05-24,2026-05-25,3c282d7aefb398b01869582e13b7792e005ce9e1ba4ed65f67ff640ce53d41b4,WAW,CDG,1342.3755951921296,large_airport,large_airport,"LOT, Lufthansa City Airlines",Economy,1,One_way,1.0,1010.0,809.0,20.0,Evening,Afternoon,2,5,0,1,0,1,5,0,1
1,2026-05-24,2026-05-25,9b98c0189d23b0065bf27f8048af52e521c00134c59f43a1a9a44a1e1c0966c5,WAW,CDG,1342.3755951921296,large_airport,large_airport,Lufthansa,Economy,1,One_way,1.0,1125.0,817.0,19.0,Evening,Afternoon,2,5,0,1,0,1,5,0,1
1,2026-05-24,2026-05-25,fa2ed8d5b796fedf2c4ae3383ee2258441cf6ae7a31674e3c18dc82c1410fc98,WAW,CDG,1342.3755951921296,large_airport,large_airport,"LOT, Lufthansa",Economy,1,One_way,2.0,625.0,847.0,7.0,Morning,Evening,2,5,0,1,0,1,5,0,1
1,2026-05-24,2026-05-25,90b9ae1682159702b7171eb958c01c1b06a2adcbd877f8b3f9962db52538b2aa,WAW,CDG,1342.3755951921296,large_airport,large_airport,"LOT, Lufthansa, Lufthansa City Airlines",Economy,1,One_way,2.0,395.0,847.0,17.0,Evening,Night,2,5,0,1,0,1,5,0,1
1,2026-05-24,2026-05-25,3671b2202301473770c981fa553dcd27ea0a7f1b839a13ff59b650b86d5639b8,WAW,CDG,1342.3755951921296,large_airport,large_airport,"Lufthansa, Austrian",Economy,1,One_way,2.0,545.0,879.0,6.0,Morning,Afternoon,2,5,0,1,0,1,5,0,1
1,2026-05-24,2026-05-25,b2706f9872306d992d465a838475a34906a2cf490297a6e6c60a051244dcc0c9,WAW,CDG,1342.3755951921296,large_airport,large_airport,"LOT, ITA",Economy,1,One_way,1.0,600.0,889.0,7.0,Morning,Evening,2,5,0,1,0,1,5,0,1
1,2026-05-24,2026-05-25,ac09ba6717e97eda22c0a01ea51cc9f11dd600ec2c7cf010435bc8ba7a176978,WAW,CDG,1342.3755951921296,large_airport,large_airport,"LOT, Austrian",Economy,1,One_way,2.0,455.0,916.0,7.0,Morning,Afternoon,2,5,0,1,0,1,5,0,1
1,2026-05-24,2026-05-25,d6772a5cf30627e05235dfc2c2daecbd8b237074c921f38836cd594fa57f7642,WAW,CDG,1342.3755951921296,large_airport,large_airport,Austrian,Economy,1,One_way,1.0,260.0,1077.0,15.0,Afternoon,Evening,2,5,0,1,0,1,5,0,1
1,2026-05-24,2026-05-25,f123c5416ff3aef857ea0e151fd279413253135080ec3efc3f9ac12354451196,WAW,CDG,1342.3755951921296,large_airport,large_airport,"LOT, ITA",Economy,1,One_way,1.0,355.0,1193.0,7.0,Morning,Afternoon,2,5,0,1,0,1,5,0,1
1,2026-05-24,2026-05-25,111c3f10e2ec766170a0470121ca820797748035d1912754925bf9346026fe75,WAW,CDG,1342.3755951921296,large_airport,large_airport,"LOT, SWISS",Economy,1,One_way,1.0,385.0,1278.0,7.0,Morning,Afternoon,2,5,0,1,0,1,5,0,1
1,2026-05-24,2026-05-25,33baa99b4bd571014db5b510238551ac45339b5247d89aaa070f319b344888af,WAW,CDG,1342.3755951921296,large_airport,large_airport,"LOT, TAROM",Economy,1,One_way,1.0,420.0,1654.0,11.0,Morning,Evening,2,5,0,1,0,1,5,0,1
1,2026-05-24,2026-05-25,6583a9f94a473898e54d3f8cbe81be5275cbc10dc9f7feeaf62a9a6bc6aad3e7,WAW,CDG,1342.3755951921296,large_airport,large_airport,Scandinavian Airlines,Business,1,One_way,1.0,260.0,634.0,15.0,Afternoon,Evening,2,5,0,1,0,1,5,0,1
1,2026-05-24,2026-05-25,e94861df1f84e0d2b3ba6da5208c905acee08c064f4675893eb0a1f1dd675213,WAW,CDG,1342.3755951921296,large_airport,large_airport,LOT,Business,1,One_way,0.0,145.0,1318.0,16.0,Afternoon,Evening,2,5,0,1,0,1,5,0,1
1,2026-05-24,2026-05-25,26ecd5aadd3d1200fc69c6e55916721f328b8ad6031671735cbad7449a9823e0,WAW,CDG,1342.3755951921296,large_airport,large_airport,Air France,Business,1,One_way,0.0,145.0,1666.0,12.0,Afternoon,Afternoon,2,5,0,1,0,1,5,0,1
1,2026-05-24,2026-05-25,6143f05d3ecf645864325cef3b9b6df7e465df1ad304d073ffdd5d9c110fc19b,WAW,CDG,1342.3755951921296,large_airport,large_airport,Scandinavian Airlines,Business,1,One_way,1.0,550.0,634.0,10.0,Morning,Evening,2,5,0,1,0,1,5,0,1
1,2026-05-24,2026-05-25,4595aad2389aff2ae02a16c6c2b26b5641a3143939a1ef5caa104573282ff5eb,WAW,CDG,1342.3755951921296,large_airport,large_airport,Scandinavian Airlines,Business,1,One_way,1.0,795.0,637.0,19.0,Evening,Morning,2,5,0,1,0,1,5,0,1
1,2026-05-24,2026-05-25,68c0c990c7c93694ec96caf717b3cbf685b90cdef0148410ad0eea7580543dbb,WAW,CDG,1342.3755951921296,large_airport,large_airport,Scandinavian Airlines,Business,1,One_way,1.0,880.0,830.0,19.0,Evening,Morning,2,5,0,1,0,1,5,0,1
1,2026-05-24,2026-05-25,c873fcc79c877955ee111b6d7901063cc4833dd58a33f4adf38a347014e9ff47,WAW,CDG,1342.3755951921296,large_airport,large_airport,British Airways,Business,1,One_way,1.0,880.0,850.0,8.0,Morning,Night,2,5,0,1,0,1,5,0,1
1,2026-05-24,2026-05-25,4d8646fc99205239897044dfefa8700d4d751db718d7c5931cea6f5a374d2220,WAW,CDG,1342.3755951921296,large_airport,large_airport,"LOT, Austrian",Business,1,One_way,2.0,445.0,981.0,7.0,Morning,Afternoon,2,5,0,1,0,1,5,0,1
1,2026-05-24,2026-05-25,d03715402f01d422bcf080ca37b5a9f7861850a4f0837d036d62afe4a935b7bf,WAW,CDG,1342.3755951921296,large_airport,large_airport,"Lufthansa, Austrian",Business,1,One_way,2.0,500.0,983.0,6.0,Morning,Afternoon,2,5,0,1,0,1,5,0,1
1,2026-05-24,2026-05-25,4b874790821eb9db324ca8a68fbb05d937680d52859ac2cad4318b7fcc7e3b3f,WAW,CDG,1342.3755951921296,large_airport,large_airport,"Lufthansa, Austrian",Business,1,One_way,2.0,440.0,983.0,9.0,Morning,Evening,2,5,0,1,0,1,5,0,1
1,2026-05-24,2026-05-25,e46e7125752bf4a09cea5f9001ff94f60e22017da925b6a301ce307a435a622c,WAW,CDG,1342.3755951921296,large_airport,large_airport,"Lufthansa, Austrian",Business,1,One_way,2.0,490.0,983.0,14.0,Afternoon,Night,2,5,0,1,0,1,5,0,1
1,2026-05-24,2026-05-25,e7145ec805fc4c988c1f1087ada3477c16e19250438fdcb934bb4d793b103672,WAW,CDG,1342.3755951921296,large_airport,large_airport,Aegean,Business,1,One_way,1.0,1125.0,993.0,18.0,Evening,Afternoon,2,5,0,1,0,1,5,0,1
1,2026-05-24,2026-05-25,3a7b955bf0eedc516cf67c7331f086006dabbc8c3c5605e5260f363bd46a6dd6,WAW,CDG,1342.3755951921296,large_airport,large_airport,Aegean,Business,1,One_way,1.0,1560.0,993.0,18.0,Evening,Evening,2,5,0,1,0,1,5,0,1
1,2026-05-24,2026-05-25,28b2247203203c49f3d176339d9a6c09faa0ce497a43c447cbdf62372c6bd33b,WAW,CDG,1342.3755951921296,large_airport,large_airport,"LOT, Croatia",Business,1,One_way,2.0,455.0,1010.0,10.0,Morning,Evening,2,5,0,1,0,1,5,0,1
1,2026-05-24,2026-05-25,cedaff65a9560c6d32aa64ef676341a340b48ec35635078861f4c517527b777c,WAW,CDG,1342.3755951921296,large_airport,large_airport,KLM,Business,1,One_way,1.0,460.0,1074.0,6.0,Morning,Afternoon,2,5,0,1,0,1,5,0,1
1,2026-05-24,2026-05-25,3934c3454da4322819629dc00b117b87852846ef81e6f0645c5e59f94cb37909,WAW,CDG,1342.3755951921296,large_airport,large_airport,"KLM, Air France",Business,1,One_way,1.0,575.0,1074.0,6.0,Morning,Afternoon,2,5,0,1,0,1,5,0,1
1,2026-05-24,2026-05-25,0fa1483a1d365e0f6f91ac9213b8a70a94b9d91f371726ea07d4962636b6ce50,WAW,CDG,1342.3755951921296,large_airport,large_airport,"KLM, Air France",Business,1,One_way,1.0,600.0,1074.0,6.0,Morning,Afternoon,2,5,0,1,0,1,5,0,1
1,2026-05-24,2026-05-25,ac99d77a455a5c67136b22c57b0f769bc33c0e5dbe45d6aae42b01ffee0d41e5,WAW,CDG,1342.3755951921296,large_airport,large_airport,Turkish Airlines,Business,1,One_way,1.0,480.0,1074.0,10.0,Morning,Evening,2,5,0,1,0,1,5,0,1
1,2026-05-24,2026-05-25,9e856b0f56fb9471c4a6412ae31b58cf3adff9f7c33823b054af662cb3bbf0d3,WAW,CDG,1342.3755951921296,large_airport,large_airport,Turkish Airlines,Business,1,One_way,1.0,745.0,1074.0,10.0,Morning,Night,2,5,0,1,0,1,5,0,1
1,2026-05-24,2026-05-25,c88e7dd14d1cb1768f3395dad27f935d8cf31ce87893e6a5d33024b9a6f4c050,WAW,CDG,1342.3755951921296,large_airport,large_airport,Turkish Airlines,Business,1,One_way,1.0,880.0,1074.0,19.0,Evening,Morning,2,5,0,1,0,1,5,0,1
1,2026-05-24,2026-05-25,7ea53e06ad6d2fdcfb670164e55595d72b6dbf5fa74aeb222f2d2fa8acddf77d,WAW,CDG,1342.3755951921296,large_airport,large_airport,British Airways,Business,1,One_way,1.0,715.0,1134.0,8.0,Morning,Evening,2,5,0,1,0,1,5,0,1
1,2026-05-24,2026-05-25,fe8cf568de17c0dd2d38c1f8f2431fd010ea0bf2f3cc6bee3349d7fc1300411f,WAW,CDG,1342.3755951921296,large_airport,large_airport,"LOT, ITA",Business,1,One_way,1.0,355.0,1240.0,7.0,Morning,Afternoon,2,5,0,1,0,1,5,0,1
1,2026-05-24,2026-05-25,d6eac38e69bb42a9aad236f91ba78d48bafdbb92b55d9318fd3ae4f94b1ef15a,WAW,CDG,1342.3755951921296,large_airport,large_airport,"LOT, ITA",Business,1,One_way,1.0,600.0,1240.0,7.0,Morning,Evening,2,5,0,1,0,1,5,0,1
1,2026-05-24,2026-05-25,30c010e6304084f982d4f505a4b4609a70caf15500dbac7bdffec13cfea1be51,WAW,CDG,1342.3755951921296,large_airport,large_airport,"LOT, ITA",Business,1,One_way,1.0,485.0,1240.0,15.0,Afternoon,Night,2,5,0,1,0,1,5,0,1
1,2026-05-24,2026-05-25,77402dd9ffe5d23c5d6e46a63539211e34ce2a265fd9e36faff2a494cfe5292f,WAW,CDG,1342.3755951921296,large_airport,large_airport,LOT,Business,1,One_way,0.0,150.0,1318.0,7.0,Morning,Morning,2,5,0,1,0,1,5,0,1
1,2026-05-24,2026-05-25,75c814559472aede70675ba4d4273b7ac7e75d43a20d94a585827969c70bd613,WAW,CDG,1342.3755951921296,large_airport,large_airport,"LOT, Air Baltic",Business,1,One_way,1.0,630.0,1337.0,23.0,Night,Morning,2,5,0,1,0,1,5,0,1
1,2026-05-24,2026-05-25,3ed0c33f97f9d341fb4d5bd6885e94ce022311a9004591e83835026488a28cc2,WAW,CDG,1342.3755951921296,large_airport,large_airport,Turkish Airlines,Business,1,One_way,1.0,930.0,1389.0,19.0,Evening,Morning,2,5,0,1,0,1,5,0,1
1,2026-05-24,2026-05-25,8688744db578fe429421a29754e534fbfc94412cf8c59fe718e66f8393d46a80,WAW,CDG,1342.3755951921296,large_airport,large_airport,Turkish Airlines,Business,1,One_way,1.0,1050.0,1389.0,19.0,Evening,Afternoon,2,5,0,1,0,1,5,0,1
1,2026-05-24,2026-05-25,a42103fad65868aed8fbb798a55bc7652d4e07e0fd8d09226fdeccd27015660d,WAW,CDG,1342.3755951921296,large_airport,large_airport,"KLM, Air France",Business,1,One_way,1.0,295.0,1411.0,6.0,Morning,Morning,2,5,0,1,0,1,5,0,1
1,2026-05-24,2026-05-25,c2433105020155ff04be283aeb180dc65f12835633720eb2f7942b729cb6b0f2,WAW,CDG,1342.3755951921296,large_airport,large_airport,"KLM, Air France",Business,1,One_way,1.0,360.0,1411.0,6.0,Morning,Afternoon,2,5,0,1,0,1,5,0,1
1,2026-05-24,2026-05-25,71b87f98bef1d86bc2f389c673939b47689f286f466c7d12547605afdb62a33a,WAW,CDG,1342.3755951921296,large_airport,large_airport,KLM,Business,1,One_way,1.0,705.0,1411.0,6.0,Morning,Evening,2,5,0,1,0,1,5,0,1
1,2026-05-24,2026-05-25,6611eb04ab8a05ef867310ddb64384bd389f37d83f1dd6182c8b69f5115f41c1,WAW,CDG,1342.3755951921296,large_airport,large_airport,KLM,Business,1,One_way,1.0,320.0,1411.0,12.0,Afternoon,Evening,2,5,0,1,0,1,5,0,1
1,2026-05-24,2026-05-25,30e1c2ebaef1bfc226a8e44bd677c94b89be8baea0ba8a8bb47d7ea8456363f6,WAW,CDG,1342.3755951921296,large_airport,large_airport,"KLM, Air France",Business,1,One_way,1.0,460.0,1411.0,12.0,Afternoon,Evening,2,5,0,1,0,1,5,0,1
1,2026-05-24,2026-05-25,5f1f0f55c6535a8ba7f986f08b612be9c627293ce83f1e0a4548e984c57d4d2a,WAW,CDG,1342.3755951921296,large_airport,large_airport,"KLM, Air France",Business,1,One_way,1.0,565.0,1411.0,12.0,Afternoon,Night,2,5,0,1,0,1,5,0,1
1,2026-05-24,2026-05-25,d28250c61f1bb481acd9a1e1c3b219c4f6ae9f4fbf80a78385876a902fa41d14,WAW,CDG,1342.3755951921296,large_airport,large_airport,"KLM, Air France",Business,1,One_way,1.0,280.0,1411.0,17.0,Evening,Night,2,5,0,1,0,1,5,0,1
1,2026-05-24,2026-05-25,9e6f8e05b690bca93e15da11a9a74ac17560983f034aef2fa5916b87547c5f8a,WAW,CDG,1342.3755951921296,large_airport,large_airport,"LOT, Austrian",Business,1,One_way,2.0,455.0,1489.0,7.0,Morning,Afternoon,2,5,0,1,0,1,5,0,1
1,2026-05-24,2026-05-25,2192ab2eecb873b1e65a1d795bd0188ca053e26fb7fdb6000acb95e2dc35bc73,WAW,CDG,1342.3755951921296,large_airport,large_airport,"Lufthansa, Austrian",Business,1,One_way,2.0,545.0,1491.0,6.0,Morning,Afternoon,2,5,0,1,0,1,5,0,1
1,2026-05-24,2026-05-25,f394667339446af8a1376df13f44b0dff982da6770ee9fde5e9a401ef248b252,WAW,CDG,1342.3755951921296,large_airport,large_airport,Air France,Business,1,One_way,0.0,160.0,1666.0,6.0,Morning,Morning,2,5,0,1,0,1,5,0,1
1,2026-05-24,2026-05-25,d34811af38c9f466d6684f8048c1a9500341a1b4a614cdf28d970f6f53048327,WAW,CDG,1342.3755951921296,large_airport,large_airport,Air France,Business,1,One_way,0.0,150.0,1666.0,16.0,Afternoon,Evening,2,5,0,1,0,1,5,0,1
1,2026-05-24,2026-05-25,59954ae1476776deff78d06bdee2a76b88f2c2ceeeca0e59e260a9d59727f3d5,WAW,CDG,1342.3755951921296,large_airport,large_airport,"LOT, Austrian",Business,1,One_way,1.0,475.0,1840.0,7.0,Morning,Afternoon,2,5,0,1,0,1,5,0,1
1,2026-05-24,2026-05-25,fe2559dcc15ab2dea12e7ed89c72541fc1c853561016ce6caf66d6fe0d018a01,WAW,CDG,1342.3755951921296,large_airport,large_airport,Austrian,Business,1,One_way,1.0,400.0,1840.0,8.0,Morning,Afternoon,2,5,0,1,0,1,5,0,1
1,2026-05-24,2026-05-25,85bd08b78b130103a26feb9c4026321970bf99aed5f06ac300bad4da13eed494,WAW,CDG,1342.3755951921296,large_airport,large_airport,Austrian,Business,1,One_way,1.0,260.0,1840.0,15.0,Afternoon,Evening,2,5,0,1,0,1,5,0,1
1,2026-05-24,2026-05-25,6ed546348e7cc24b21697d1024211bd78217552e0d58ade1e3019e38a758a743,WAW,CDG,1342.3755951921296,large_airport,large_airport,Austrian,Business,1,One_way,1.0,445.0,1840.0,15.0,Afternoon,Night,2,5,0,1,0,1,5,0,1
1,2026-05-24,2026-05-25,c82e737264760358f83ca809fda6da5100c24a16105ad5514ceb0b4685ed2993,WAW,CDG,1342.3755951921296,large_airport,large_airport,"LOT, Austrian",Business,1,One_way,1.0,305.0,1840.0,17.0,Evening,Night,2,5,0,1,0,1,5,0,1
1,2026-05-24,2026-05-25,bff870aed812f2813134bb031a508b2c31487780a692d267b4c02499c5e5a340,WAW,CDG,1342.3755951921296,large_airport,large_airport,"LOT, SWISS",Business,1,One_way,1.0,675.0,1843.0,7.0,Morning,Evening,2,5,0,1,0,1,5,0,1
1,2026-05-24,2026-05-25,dba03ccc444a31f80a50b129dfa7e79ed60c0593d299726b3df1c3b106558ec1,WAW,CDG,1342.3755951921296,large_airport,large_airport,SWISS,Business,1,One_way,1.0,520.0,1843.0,14.0,Afternoon,Night,2,5,0,1,0,1,5,0,1
1,2026-05-24,2026-05-25,58f7b6db47c7b560b8d37ff4242ec1a6bf9ad7847d2323739b5e9c5ab4ce3296,WAW,CDG,1342.3755951921296,large_airport,large_airport,SWISS,Business,1,One_way,1.0,795.0,1843.0,19.0,Evening,Morning,2,5,0,1,0,1,5,0,1
1,2026-05-24,2026-05-25,668a34cb8fae9f32885fd04cb06a367ad0b7623a14f32bd112732a9107a47dd3,WAW,CDG,1342.3755951921296,large_airport,large_airport,Lufthansa,Business,1,One_way,1.0,315.0,1845.0,6.0,Morning,Morning,2,5,0,1,0,1,5,0,1
1,2026-05-24,2026-05-25,dcc4c1c6cdd1be57d065ffdd9b7c922a3f88a1f0402395bd1e70ee8480f6f972,WAW,CDG,1342.3755951921296,large_airport,large_airport,"LOT, Lufthansa City Airlines",Business,1,One_way,1.0,360.0,1845.0,7.0,Morning,Afternoon,2,5,0,1,0,1,5,0,1
1,2026-05-24,2026-05-25,a32ad0cc8c71f981cc616f946f67935d6f7bde1f319e95774229d7baf5a1b50c,WAW,CDG,1342.3755951921296,large_airport,large_airport,Lufthansa,Business,1,One_way,1.0,240.0,1845.0,13.0,Afternoon,Evening,2,5,0,1,0,1,5,0,1
1,2026-05-24,2026-05-25,c6dda3f84131c4d6df49f259cc4370e4d096fd8adc55984c841a2be6d1efa941,WAW,CDG,1342.3755951921296,large_airport,large_airport,"Lufthansa, Lufthansa City Airlines",Business,1,One_way,1.0,340.0,1845.0,17.0,Evening,Night,2,5,0,1,0,1,5,0,1
1,2026-05-24,2026-05-25,30b267f899d4cd870c58ae98e1bcb047797098856092d629b71b0ff171b6b7d5,WAW,CDG,1342.3755951921296,large_airport,large_airport,Brussels Airlines,Business,1,One_way,1.0,805.0,1853.0,18.0,Evening,Morning,2,5,0,1,0,1,5,0,1
1,2026-05-24,2026-05-25,d469d68ca874acbdb64c51a754e87e33d11491b8f6f28946df05535cd5347ad0,WAW,CDG,1342.3755951921296,large_airport,large_airport,Lufthansa,Business,1,One_way,1.0,245.0,1854.0,9.0,Morning,Afternoon,2,5,0,1,0,1,5,0,1
1,2026-05-24,2026-05-25,4cc186d00631a8738bd78b25eb591d40204fac12ae40a64c1c59a234abd32d45,WAW,CDG,1342.3755951921296,large_airport,large_airport,Lufthansa,Business,1,One_way,1.0,275.0,1854.0,14.0,Afternoon,Evening,2,5,0,1,0,1,5,0,1
1,2026-05-24,2026-05-25,3484ddf14d1de5434c23a74ccd7d130c479fe2ba99de18e290356502f20e209b,WAW,CDG,1342.3755951921296,large_airport,large_airport,"LOT, Lufthansa",Business,1,One_way,1.0,260.0,1854.0,14.0,Afternoon,Evening,2,5,0,1,0,1,5,0,1
1,2026-05-24,2026-05-25,bab5c7d7c859417c70afb9edbf345273a87243f1628fcf0ceba28373738e6b02,WAW,CDG,1342.3755951921296,large_airport,large_airport,"LOT, Lufthansa",Business,1,One_way,1.0,315.0,1854.0,17.0,Evening,Night,2,5,0,1,0,1,5,0,1
1,2026-05-24,2026-05-25,7d58c3dcc86b8ae435909d0f3a5dd4293fdbc121df79f9c92a1299ebb720ddff,WAW,CDG,1342.3755951921296,large_airport,large_airport,"LOT, Lufthansa",Business,1,One_way,2.0,625.0,1934.0,7.0,Morning,Evening,2,5,0,1,0,1,5,0,1
1,2026-05-24,2026-05-25,64ed0c557d353dd541d63f993b91aba123b6ce4135cfe4306611c6283c504439,WAW,CDG,1342.3755951921296,large_airport,large_airport,Lufthansa,Business,1,One_way,2.0,635.0,1934.0,9.0,Morning,Evening,2,5,0,1,0,1,5,0,1
1,2026-05-24,2026-05-25,38175b1f8c7914877e12e0e65d1ae81c31a26d534905d61f5c72a8c80a082eef,WAW,CDG,1342.3755951921296,large_airport,large_airport,Lufthansa,Business,1,One_way,2.0,540.0,1934.0,13.0,Afternoon,Night,2,5,0,1,0,1,5,0,1
1,2026-05-24,2026-05-25,62e8183277ebe67c86edbdb2349352ebc8b4f70496d35ee2eb8577ced41793b8,WAW,CDG,1342.3755951921296,large_airport,large_airport,"Lufthansa, Lufthansa City Airlines",Business,1,One_way,2.0,560.0,1934.0,14.0,Afternoon,Night,2,5,0,1,0,1,5,0,1
1,2026-05-24,2026-05-25,77a360c74efbb5bf9d8ab974d7f9555afe93b45f4fa6b834c6200bab351fd045,WAW,CDG,1342.3755951921296,large_airport,large_airport,"LOT, Lufthansa, Lufthansa City Airlines",Business,1,One_way,2.0,395.0,1934.0,17.0,Evening,Night,2,5,0,1,0,1,5,0,1
1,2026-05-24,2026-05-25,0fd39b390142f2304472edd76c870a2b13760e0f99998f9dbefdcf0957197b6a,WAW,CDG,1342.3755951921296,large_airport,large_airport,British Airways,Business,1,One_way,1.0,550.0,1983.0,8.0,Morning,Evening,2,5,0,1,0,1,5,0,1
1,2026-05-24,2026-05-25,dc555c1fa873b4225897593d627a88ba62dd37c66cfccb4b0532943bcd87821e,WAW,CDG,1342.3755951921296,large_airport,large_airport,"LOT, TAROM",Business,1,One_way,1.0,420.0,2543.0,11.0,Morning,Evening,2,5,0,1,0,1,5,0,1
1,2026-05-24,2026-05-25,7f45ab0f8370ee67c65632670fdd296b2be9a14241f50cf21a94cdde90b6b2a1,WAW,CDG,1342.3755951921296,large_airport,large_airport,"LOT, SWISS",Business,1,One_way,1.0,385.0,3234.0,7.0,Morning,Afternoon,2,5,0,1,0,1,5,0,1
1,2026-05-24,2026-05-25,eda241ee20982208df098436649f438775448d7ef4889f447a7de64c2f8b92ad,WAW,CDG,1342.3755951921296,large_airport,large_airport,"SWISS, Air France",Business,1,One_way,2.0,425.0,3324.0,14.0,Afternoon,Night,2,5,0,1,0,1,5,0,1
1,2026-05-24,2026-05-25,2b8e5ad94282daa77790f5d23c87bb649873a94bb4429c6647a4997c14670c84,WAW,CDG,1342.3755951921296,large_airport,large_airport,"Lufthansa, Luxair",Business,1,One_way,2.0,350.0,3339.0,6.0,Morning,Morning,2,5,0,1,0,1,5,0,1
1,2026-05-24,2026-05-25,e13057e44b447f893f5003904e56fc647ba5b6d319f840373d03773c84911d8b,WAW,MRS,1519.59622663519,large_airport,large_airport,Air France,Economy,1,One_way,1.0,350.0,242.0,6.0,Morning,Morning,2,5,0,1,0,1,5,0,1
1,2026-05-24,2026-05-25,f8aad0a6d7feab0d25aff4ff875b52d562e4ad980632c2e4ef9f111e46e392c6,WAW,MRS,1519.59622663519,large_airport,large_airport,KLM,Economy,1,One_way,1.0,335.0,307.0,17.0,Evening,Night,2,5,0,1,0,1,5,0,1
1,2026-05-24,2026-05-25,2c564c6617e9f9b2bed4a332dd7d5eb048354d974d2537cd9285c77cd7ea780b,WAW,MRS,1519.59622663519,large_airport,large_airport,Turkish Airlines,Economy,1,One_way,1.0,470.0,407.0,10.0,Morning,Evening,2,5,0,1,0,1,5,0,1
1,2026-05-24,2026-05-25,5494e334ba3c629cd1f63adddd9676dcf38fa8eb8dd9f10bc5097d532e214131,WAW,MRS,1519.59622663519,large_airport,large_airport,Air France,Economy,1,One_way,1.0,410.0,242.0,6.0,Morning,Afternoon,2,5,0,1,0,1,5,0,1
1,2026-05-24,2026-05-25,c967c99cbfbbb68672dbe83321f4d350c35293fcd44a8682dd537a8df919b977,WAW,MRS,1519.59622663519,large_airport,large_airport,Air France,Economy,1,One_way,1.0,620.0,242.0,6.0,Morning,Afternoon,2,5,0,1,0,1,5,0,1
1,2026-05-24,2026-05-25,cd5ed8d80487d51758b41da9ad51fe684807da272e657e8b956ec52e5d7ab3e1,WAW,MRS,1519.59622663519,large_airport,large_airport,Air France,Economy,1,One_way,1.0,1005.0,243.0,6.0,Morning,Night,2,5,0,1,0,1,5,0,1
1,2026-05-24,2026-05-25,6e5c82ba803264289592b61aa73c143cfcfda86e3eb18ca18c88ab3cdcebefd8,WAW,MRS,1519.59622663519,large_airport,large_airport,Air France,Economy,1,One_way,2.0,930.0,255.0,6.0,Morning,Night,2,5,0,1,0,1,5,0,1
1,2026-05-24,2026-05-25,b4fecfb84dc29fb68e93ebb806e4617e3794eff1a7ff0df7fb55d843164cb09c,WAW,MRS,1519.59622663519,large_airport,large_airport,Air France,Economy,1,One_way,1.0,710.0,275.0,6.0,Morning,Evening,2,5,0,1,0,1,5,0,1
1,2026-05-24,2026-05-25,e2b7ed9c0ff5babec45b9c80cca169dba215004e0c901059876a5b20c6ad317b,WAW,MRS,1519.59622663519,large_airport,large_airport,Aegean,Economy,1,One_way,1.0,1340.0,298.0,18.0,Evening,Afternoon,2,5,0,1,0,1,5,0,1
1,2026-05-24,2026-05-25,bc57651a964b864ab2f9942ba537acd34f3b43e1f4cf5b8ce80e0e79dd278f49,WAW,MRS,1519.59622663519,large_airport,large_airport,Air France,Economy,1,One_way,1.0,490.0,326.0,6.0,Morning,Afternoon,2,5,0,1,0,1,5,0,1
1,2026-05-24,2026-05-25,03d297e50a59fdeebe976495106fd2cd88471e415e1c3ef1274d2c4f4b346564,WAW,MRS,1519.59622663519,large_airport,large_airport,KLM,Economy,1,One_way,1.0,330.0,341.0,6.0,Morning,Morning,2,5,0,1,0,1,5,0,1
1,2026-05-24,2026-05-25,a29273c5fd10f739bbc2eaa9d169c58b60e91057e3fd725ab0a4961042298096,WAW,MRS,1519.59622663519,large_airport,large_airport,KLM,Economy,1,One_way,1.0,640.0,341.0,6.0,Morning,Afternoon,2,5,0,1,0,1,5,0,1
1,2026-05-24,2026-05-25,3fa3967e2622183ad305e2085608d48f9a503f65ce659bf991f6ed9558a57257,WAW,MRS,1519.59622663519,large_airport,large_airport,KLM,Economy,1,One_way,1.0,620.0,341.0,12.0,Afternoon,Night,2,5,0,1,0,1,5,0,1
1,2026-05-24,2026-05-25,fe81abc78a7c2c00743df8f4d9212f296dca4af70e3ac41cc7bb5f8c5c703ad9,WAW,MRS,1519.59622663519,large_airport,large_airport,Air France,Economy,1,One_way,1.0,950.0,346.0,6.0,Morning,Night,2,5,0,1,0,1,5,0,1
1,2026-05-24,2026-05-25,8478fd77bdadbbaadc1068c7a1f0fa0487cb1953713513d8db689644ab4252ad,WAW,MRS,1519.59622663519,large_airport,large_airport,Turkish Airlines,Economy,1,One_way,1.0,1355.0,535.0,19.0,Evening,Evening,2,5,0,1,0,1,5,0,1
1,2026-05-24,2026-05-25,66c3468569b050553adad28f06d0abad7f12a05fd6f34e60e0029221b39db814,WAW,MRS,1519.59622663519,large_airport,large_airport,Air France,Economy,1,One_way,1.0,380.0,545.0,16.0,Afternoon,Night,2,5,0,1,0,1,5,0,1
1,2026-05-24,2026-05-25,c1e21e20d246213869273ed793964d87cae7da89c0d3e0d1e0e6e25eb6202856,WAW,MRS,1519.59622663519,large_airport,large_airport,Austrian,Economy,1,One_way,1.0,750.0,564.0,6.0,Morning,Evening,2,5,0,1,0,1,5,0,1
1,2026-05-24,2026-05-25,7e651ecd1be766bd966b9ef86d407aa1f243d8b2200099bba316d8abf8c51f77,WAW,MRS,1519.59622663519,large_airport,large_airport,Austrian,Economy,1,One_way,1.0,655.0,564.0,8.0,Morning,Evening,2,5,0,1,0,1,5,0,1
1,2026-05-24,2026-05-25,99b5920b8f7784e221adbd6f70b19b939d9c170c592efcd290f1db2d75fb071b,WAW,MRS,1519.59622663519,large_airport,large_airport,Brussels Airlines,Economy,1,One_way,1.0,290.0,564.0,18.0,Evening,Night,2,5,0,1,0,1,5,0,1
1,2026-05-24,2026-05-25,7b4db52d11ef7e65c1ad5e44c7509d718f6583dc434ac57e9f80f359864b3063,WAW,MRS,1519.59622663519,large_airport,large_airport,Air France,Economy,1,One_way,1.0,625.0,566.0,12.0,Afternoon,Night,2,5,0,1,0,1,5,0,1
1,2026-05-24,2026-05-25,0de89776c04af33577bcf5080aa19b65cc15f378b1fed8d3939367a3ee9c1d75,WAW,MRS,1519.59622663519,large_airport,large_airport,SWISS,Economy,1,One_way,1.0,800.0,567.0,19.0,Evening,Morning,2,5,0,1,0,1,5,0,1
1,2026-05-24,2026-05-25,beb3bda1fddf693f2a4435bfc35fe60ab11acfa394cd74b49a375fa84f10e945,WAW,MRS,1519.59622663519,large_airport,large_airport,Air France,Economy,1,One_way,2.0,550.0,574.0,12.0,Afternoon,Night,2,5,0,1,0,1,5,0,1
1,2026-05-24,2026-05-25,fe1d50ca5ebfe0995affe49db47f3c7859f263f2cdf4b58850a0579f84eeb77c,WAW,MRS,1519.59622663519,large_airport,large_airport,Brussels Airlines,Economy,1,One_way,1.0,1120.0,578.0,18.0,Evening,Afternoon,2,5,0,1,0,1,5,0,1
1,2026-05-24,2026-05-25,121a0e50c594900827fa3fa7a9a80ffa2331cdd8614a54b0f33d4262abd3e376,WAW,MRS,1519.59622663519,large_airport,large_airport,"LOT, Austrian",Economy,1,One_way,1.0,730.0,608.0,7.0,Morning,Evening,2,5,0,1,0,1,5,0,1
1,2026-05-24,2026-05-25,b73865ab3314395721b529a2f1069fcf0cb10135a92bde0d03b9eb226510bfe3,WAW,MRS,1519.59622663519,large_airport,large_airport,"LOT, SWISS",Economy,1,One_way,1.0,635.0,610.0,7.0,Morning,Evening,2,5,0,1,0,1,5,0,1
1,2026-05-24,2026-05-25,96cb1c52af7e6317a589a7bc4807cac15a9f6e6445611f56eeaccce123cc7be2,WAW,MRS,1519.59622663519,large_airport,large_airport,Air France,Economy,1,One_way,1.0,330.0,627.0,12.0,Afternoon,Evening,2,5,0,1,0,1,5,0,1
1,2026-05-24,2026-05-25,e324548cf279aeb32261a2dbf9976b9a637ee36b138c7b978f6f344de5e81814,WAW,MRS,1519.59622663519,large_airport,large_airport,SWISS,Economy,1,One_way,1.0,1090.0,637.0,14.0,Afternoon,Morning,2,5,0,1,0,1,5,0,1
1,2026-05-24,2026-05-25,aa12a6179a408a192a7dc3ed14d27f976ac621adf4f7c0f01d9fb66482df43b0,WAW,MRS,1519.59622663519,large_airport,large_airport,"LOT, SWISS",Economy,1,One_way,1.0,960.0,637.0,17.0,Evening,Morning,2,5,0,1,0,1,5,0,1
1,2026-05-24,2026-05-25,346e9cc0f095c137f2292f8409e218603644a3334014e5c785d0ab936264835a,WAW,MRS,1519.59622663519,large_airport,large_airport,Air France,Economy,1,One_way,1.0,310.0,664.0,6.0,Morning,Morning,2,5,0,1,0,1,5,0,1
1,2026-05-24,2026-05-25,de6f420f0dfa81a60df2951d3ca439c9a4e908ff4e8548a5469cae4d2ee48381,WAW,MRS,1519.59622663519,large_airport,large_airport,Lufthansa,Economy,1,One_way,1.0,795.0,667.0,9.0,Morning,Night,2,5,0,1,0,1,5,0,1
1,2026-05-24,2026-05-25,ce735194c95a1720fe24b1d78c7997b4632d59121f2654feba378b2a19f83b72,WAW,MRS,1519.59622663519,large_airport,large_airport,Lufthansa,Economy,1,One_way,1.0,520.0,667.0,14.0,Afternoon,Night,2,5,0,1,0,1,5,0,1
1,2026-05-24,2026-05-25,c4e63fdbb81ce9aff99bf158b29d88cf6523d77f4fcc17b492414b61ea619c65,WAW,MRS,1519.59622663519,large_airport,large_airport,Air France,Economy,1,One_way,1.0,570.0,670.0,12.0,Afternoon,Night,2,5,0,1,0,1,5,0,1
1,2026-05-24,2026-05-25,9a4f3c507654b8a9ee2da83c4e9f51a45959789c2a17aa9f6ff95e09e5c90688,WAW,MRS,1519.59622663519,large_airport,large_airport,Air France,Economy,1,One_way,1.0,325.0,670.0,16.0,Afternoon,Night,2,5,0,1,0,1,5,0,1
1,2026-05-24,2026-05-25,b61c6eea8979b374efe820f26498dde3eb384385982c16634385351ba6fa7680,WAW,MRS,1519.59622663519,large_airport,large_airport,"LOT, Austrian",Economy,1,One_way,2.0,525.0,676.0,10.0,Morning,Evening,2,5,0,1,0,1,5,0,1
1,2026-05-24,2026-05-25,e4c301c09d541005a3d3d4fca590906785c1c8f2fc11586d61820002c99dbc32,WAW,MRS,1519.59622663519,large_airport,large_airport,"LOT, Brussels Airlines",Economy,1,One_way,2.0,575.0,708.0,13.0,Afternoon,Night,2,5,0,1,0,1,5,0,1
1,2026-05-24,2026-05-25,57ee0a451e7f51b17e76abdee09932270946336e2ad69594bec954a7c4d882ae,WAW,MRS,1519.59622663519,large_airport,large_airport,"LOT, Brussels Airlines",Economy,1,One_way,2.0,485.0,708.0,14.0,Afternoon,Night,2,5,0,1,0,1,5,0,1
1,2026-05-24,2026-05-25,72067f15bc7b9aaae1e914e35569058d75dde4d3ce2eed539e1118edffd6b61a,WAW,MRS,1519.59622663519,large_airport,large_airport,"LOT, Air Dolomiti, Lufthansa",Economy,1,One_way,2.0,385.0,806.0,16.0,Afternoon,Night,2,5,0,1,0,1,5,0,1
1,2026-05-24,2026-05-25,7549793d430393b490d37d55d3abba023baa4644c1e7dd966385e88a92a4d2d8,WAW,MRS,1519.59622663519,large_airport,large_airport,"LOT, Lufthansa",Economy,1,One_way,1.0,355.0,809.0,17.0,Evening,Night,2,5,0,1,0,1,5,0,1
1,2026-05-24,2026-05-25,cd2ba17e2f01adc5568f4d6eccc25bc35163d49a975af914ee52a06634fdcd14,WAW,MRS,1519.59622663519,large_airport,large_airport,Austrian,Economy,1,One_way,1.0,260.0,859.0,15.0,Afternoon,Evening,2,5,0,1,0,1,5,0,1
1,2026-05-24,2026-05-25,ebab7efde56454a46986b5dff59df7089850dda986c3010de49a28d747d12201,WAW,MRS,1519.59622663519,large_airport,large_airport,Lufthansa,Economy,1,One_way,1.0,505.0,872.0,9.0,Morning,Evening,2,5,0,1,0,1,5,0,1
1,2026-05-24,2026-05-25,35f7c7585784984dad6317c57e4c3af269b1193c27598326d79bde8bcac0d46c,WAW,MRS,1519.59622663519,large_airport,large_airport,"Austrian, Brussels Airlines",Economy,1,One_way,2.0,475.0,978.0,15.0,Afternoon,Night,2,5,0,1,0,1,5,0,1
1,2026-05-24,2026-05-25,cea1ded6b345c0096b56ea5047cbba03215f8c378737d68efde8dafe844f77e3,WAW,MRS,1519.59622663519,large_airport,large_airport,"LOT, Brussels Airlines",Economy,1,One_way,1.0,330.0,1049.0,7.0,Morning,Afternoon,2,5,0,1,0,1,5,0,1
1,2026-05-24,2026-05-25,987703d4faf42132c7fd584513fc4f6ddffb204da376cef9defbf55e7b945c65,WAW,CDG,1342.3755951921296,large_airport,large_airport,"LOT, Scandinavian Airlines",Premium economy,1,One_way,2.0,540.0,3384.0,10.0,Morning,Evening,2,5,0,1,0,1,5,0,1
1,2026-05-24,2026-05-25,73f3accc1f4b82187088116c147102174bb7bb6ed06c92eb8c800b7f27119ef0,WAW,CDG,1342.3755951921296,large_airport,large_airport,"Scandinavian Airlines, British Airways",Premium economy,1,One_way,2.0,475.0,3776.0,15.0,Afternoon,Night,2,5,0,1,0,1,5,0,1
1,2026-05-24,2026-05-25,88cd7919c41f82556dd2dd64548a25de786534c1260ce8e9918a3d272d7b6784,WAW,NCE,1390.481590073946,large_airport,large_airport,Scandinavian Airlines,Premium economy,1,One_way,1.0,770.0,3749.0,19.0,Evening,Morning,2,5,0,1,0,1,5,0,1
1,2026-05-24,2026-05-25,46ef33b52a870a4a56cd2cbd34c7febe472a617525482e7ea6be7cddc86d7920,WAW,NCE,1390.481590073946,large_airport,large_airport,"LOT, Scandinavian Airlines",Premium economy,1,One_way,1.0,935.0,4231.0,17.0,Evening,Morning,2,5,0,1,0,1,5,0,1
1,2026-05-24,2026-05-25,dc821259d0b212b8badf30062e7233259401e415940b33662abf1e6a7192c2b1,WAW,MRS,1519.59622663519,large_airport,large_airport,Air France,Business,1,One_way,1.0,330.0,902.0,12.0,Afternoon,Evening,2,5,0,1,0,1,5,0,1
1,2026-05-24,2026-05-25,298f2f9c2c676aa5399b75fc19527ff3f301295d4413f9fa41b44fd180295437,WAW,MRS,1519.59622663519,large_airport,large_airport,Air France,Business,1,One_way,1.0,325.0,902.0,16.0,Afternoon,Night,2,5,0,1,0,1,5,0,1
1,2026-05-24,2026-05-25,75f77f3ca6b4a61dcbcf5e04fc9848dbcf52f4599e361d6a9b453b62c84d37b0,WAW,MRS,1519.59622663519,large_airport,large_airport,KLM,Business,1,One_way,1.0,335.0,1053.0,17.0,Evening,Night,2,5,0,1,0,1,5,0,1
1,2026-05-24,2026-05-25,f7575bdc6b5c33862ba29b6d36b415069d0d991e278b585d69199574f356fd0c,WAW,MRS,1519.59622663519,large_airport,large_airport,Brussels Airlines,Business,1,One_way,1.0,290.0,1445.0,18.0,Evening,Night,2,5,0,1,0,1,5,0,1
1,2026-05-24,2026-05-25,e59bde52c9b84fa89c235f2bbdab7ad38d9a25d7267c665cff5b09af8000e149,WAW,MRS,1519.59622663519,large_airport,large_airport,Austrian,Business,1,One_way,1.0,260.0,2014.0,15.0,Afternoon,Evening,2,5,0,1,0,1,5,0,1
1,2026-05-24,2026-05-25,36d7e84215018e2ee48077761c02a8740e2680ab47245945ba49ad5cf1ae370f,WAW,MRS,1519.59622663519,large_airport,large_airport,Air France,Business,1,One_way,1.0,310.0,902.0,6.0,Morning,Morning,2,5,0,1,0,1,5,0,1
1,2026-05-24,2026-05-25,ab5fa04aef2d934dcb10ec4d29cc5df030919882505292228225eff3303fd647,WAW,MRS,1519.59622663519,large_airport,large_airport,Air France,Business,1,One_way,1.0,350.0,902.0,6.0,Morning,Morning,2,5,0,1,0,1,5,0,1
1,2026-05-24,2026-05-25,81ca4e0d9f39f92f71de528ef7ea1771b6038049fb6ed074dcf48262895cbec0,WAW,MRS,1519.59622663519,large_airport,large_airport,Air France,Business,1,One_way,1.0,410.0,902.0,6.0,Morning,Afternoon,2,5,0,1,0,1,5,0,1
1,2026-05-24,2026-05-25,476cb48f8c02ade3901162edf8e47314c5e8409db119c46d7601738204866be1,WAW,MRS,1519.59622663519,large_airport,large_airport,Air France,Business,1,One_way,1.0,490.0,902.0,6.0,Morning,Afternoon,2,5,0,1,0,1,5,0,1
1,2026-05-24,2026-05-25,6181cf117e940fa0545f26bd7429d72fab54aa83d2cbf0b31659e3a33a6485cf,WAW,MRS,1519.59622663519,large_airport,large_airport,Air France,Business,1,One_way,1.0,620.0,902.0,6.0,Morning,Afternoon,2,5,0,1,0,1,5,0,1
1,2026-05-24,2026-05-25,b15cb2d39d80965644932b2c256d4d38034f40c143bad207478c28d45664d831,WAW,MRS,1519.59622663519,large_airport,large_airport,Air France,Business,1,One_way,1.0,710.0,902.0,6.0,Morning,Evening,2,5,0,1,0,1,5,0,1
1,2026-05-24,2026-05-25,cb557d0d5fa6d5e87490cf984731c4e3bfe3c755c784d8b020a53a84b814cf8b,WAW,MRS,1519.59622663519,large_airport,large_airport,Air France,Business,1,One_way,1.0,950.0,902.0,6.0,Morning,Night,2,5,0,1,0,1,5,0,1
1,2026-05-24,2026-05-25,3a1eeba25c5448d4994fbae6e9bef94f99017ffc68a99ec2309a1867c8161b52,WAW,MRS,1519.59622663519,large_airport,large_airport,Air France,Business,1,One_way,1.0,570.0,902.0,12.0,Afternoon,Night,2,5,0,1,0,1,5,0,1
1,2026-05-24,2026-05-25,a9583dcc3ab654e77aedec195b1b81aaba9c8e4fdb277aa9961743a18221378a,WAW,MRS,1519.59622663519,large_airport,large_airport,Air France,Business,1,One_way,1.0,625.0,902.0,12.0,Afternoon,Night,2,5,0,1,0,1,5,0,1
1,2026-05-24,2026-05-25,e44869ef059181452c9d79a37236be2be25bfc09c6bb11dd22e9b21de6e181df,WAW,MRS,1519.59622663519,large_airport,large_airport,Air France,Business,1,One_way,1.0,380.0,902.0,16.0,Afternoon,Night,2,5,0,1,0,1,5,0,1
1,2026-05-24,2026-05-25,06d749ccc9062e6b843551d3e29b095562dc2ee450d69cba92e0b350c4e2eb62,WAW,MRS,1519.59622663519,large_airport,large_airport,Air France,Business,1,One_way,1.0,1005.0,904.0,6.0,Morning,Night,2,5,0,1,0,1,5,0,1
1,2026-05-24,2026-05-25,77989919508d2a12d68f1b3c78881e23e4bc7372f03bb5b29e2638926a50249a,WAW,MRS,1519.59622663519,large_airport,large_airport,Air France,Business,1,One_way,2.0,550.0,911.0,12.0,Afternoon,Night,2,5,0,1,0,1,5,0,1
1,2026-05-24,2026-05-25,b0c43900456a1e06d4defc5be35cc2a95af221831e42e502ce779eecc4e8522c,WAW,MRS,1519.59622663519,large_airport,large_airport,Air France,Business,1,One_way,2.0,930.0,915.0,6.0,Morning,Night,2,5,0,1,0,1,5,0,1
1,2026-05-24,2026-05-25,ad693756e815844d14a5772eca7c41b559024b466cbadc81924bfc510d03de60,WAW,MRS,1519.59622663519,large_airport,large_airport,KLM,Business,1,One_way,1.0,330.0,1053.0,6.0,Morning,Morning,2,5,0,1,0,1,5,0,1
1,2026-05-24,2026-05-25,3ac7a40a95003eeb6e2ad58e0125d492e52c8004f7952ed46d6de23ab563a313,WAW,MRS,1519.59622663519,large_airport,large_airport,KLM,Business,1,One_way,1.0,640.0,1053.0,6.0,Morning,Afternoon,2,5,0,1,0,1,5,0,1
1,2026-05-24,2026-05-25,41d8a09243e281aa5f23149d5a29d7dbfbe99781dcbab19be390898da098c3c0,WAW,MRS,1519.59622663519,large_airport,large_airport,KLM,Business,1,One_way,1.0,620.0,1053.0,12.0,Afternoon,Night,2,5,0,1,0,1,5,0,1
1,2026-05-24,2026-05-25,0a199e685530d47aa9c37c8382491b768cba44a414c227821eefa2d0fd6881e3,WAW,MRS,1519.59622663519,large_airport,large_airport,Turkish Airlines,Business,1,One_way,1.0,470.0,1074.0,10.0,Morning,Evening,2,5,0,1,0,1,5,0,1
1,2026-05-24,2026-05-25,07fe2cff79e9d5d1e58a243d1d80fcdf77ed83f4bb7f0b080a32f983599c2427,WAW,MRS,1519.59622663519,large_airport,large_airport,Turkish Airlines,Business,1,One_way,1.0,1395.0,1074.0,10.0,Morning,Morning,2,5,0,1,0,1,5,0,1
1,2026-05-24,2026-05-25,0823f60d4ece6944b9b18eae1e7b5f8c2e6597420112d3305ea79e98346f25b1,WAW,MRS,1519.59622663519,large_airport,large_airport,Turkish Airlines,Business,1,One_way,1.0,840.0,1074.0,19.0,Evening,Morning,2,5,0,1,0,1,5,0,1
1,2026-05-24,2026-05-25,7498a776c0684400357bd5865080e167f32e3c75dd6e9be0cb3acedc782c5113,WAW,MRS,1519.59622663519,large_airport,large_airport,Turkish Airlines,Business,1,One_way,1.0,1355.0,1074.0,19.0,Evening,Evening,2,5,0,1,0,1,5,0,1
1,2026-05-24,2026-05-25,f6fc27a01a28bb6e280165b6e8837f8cccaf6ae9eb149b59be6566e68d69736d,WAW,MRS,1519.59622663519,large_airport,large_airport,Air France,Business,1,One_way,1.0,975.0,1146.0,16.0,Afternoon,Morning,2,5,0,1,0,1,5,0,1
1,2026-05-24,2026-05-25,1ea9020cc94cd4a06a7163848b09f010f5aa6edf4200ec4e12fa28bd141a5ceb,WAW,MRS,1519.59622663519,large_airport,large_airport,Aegean,Business,1,One_way,1.0,1340.0,1167.0,18.0,Evening,Afternoon,2,5,0,1,0,1,5,0,1
1,2026-05-24,2026-05-25,4492d19cae400e3fa0dc5bc7f23034e1dc2b6d4647db85431a4aac0c2079f52a,WAW,MRS,1519.59622663519,large_airport,large_airport,British Airways,Business,1,One_way,1.0,550.0,1303.0,8.0,Morning,Evening,2,5,0,1,0,1,5,0,1
1,2026-05-24,2026-05-25,aed3129ae2476340efa8d15d9c3359f15f35af9a42a789a9bcd786fbad653180,WAW,MRS,1519.59622663519,large_airport,large_airport,British Airways,Business,1,One_way,1.0,865.0,1331.0,8.0,Morning,Night,2,5,0,1,0,1,5,0,1
1,2026-05-24,2026-05-25,232cf254af21efcc83766c005303e7ada1aeb81dac5cd37ffb9a96d25970f09a,WAW,MRS,1519.59622663519,large_airport,large_airport,Austrian,Business,1,One_way,1.0,750.0,1445.0,6.0,Morning,Evening,2,5,0,1,0,1,5,0,1
1,2026-05-24,2026-05-25,b8e6d724954126238fadfd7a77ea1654118bbf4027a658516f9325789f032433,WAW,MRS,1519.59622663519,large_airport,large_airport,"LOT, Austrian",Business,1,One_way,1.0,730.0,1445.0,7.0,Morning,Evening,2,5,0,1,0,1,5,0,1
1,2026-05-24,2026-05-25,3199b0e940ce69fd9738db2d11af1b0e651b70300cad910fbc85a58ee223cc53,WAW,MRS,1519.59622663519,large_airport,large_airport,Austrian,Business,1,One_way,1.0,655.0,1445.0,8.0,Morning,Evening,2,5,0,1,0,1,5,0,1
1,2026-05-24,2026-05-25,bd33842027835dcf4c88d9795b3b16513141f8d07bca3c73b93d3c3b25e60376,WAW,MRS,1519.59622663519,large_airport,large_airport,"LOT, SWISS",Business,1,One_way,1.0,635.0,1448.0,7.0,Morning,Evening,2,5,0,1,0,1,5,0,1
1,2026-05-24,2026-05-25,8e88a325480597a819775490f01dfe693e5b5e54a9c2e986ad2fc81473ce1282,WAW,MRS,1519.59622663519,large_airport,large_airport,SWISS,Business,1,One_way,1.0,800.0,1448.0,19.0,Evening,Morning,2,5,0,1,0,1,5,0,1
1,2026-05-24,2026-05-25,71a14a970099393cfcfcb2edf8113acf3783b3801b6759c8cfd6806e037b734e,WAW,MRS,1519.59622663519,large_airport,large_airport,Brussels Airlines,Business,1,One_way,1.0,1120.0,1458.0,18.0,Evening,Afternoon,2,5,0,1,0,1,5,0,1
1,2026-05-24,2026-05-25,f6ef48598c1f8a35ce54ddbd5404d10b44b81cbfd4910c00b89a8348001a763d,WAW,MRS,1519.59622663519,large_airport,large_airport,"LOT, Lufthansa",Business,1,One_way,1.0,915.0,1458.0,7.0,Morning,Night,2,5,0,1,0,1,5,0,1
1,2026-05-24,2026-05-25,bef4f17a9e29d8a4d36a30f8217114e54474ae525906ecb6e331b64c8800cf0d,WAW,MRS,1519.59622663519,large_airport,large_airport,Lufthansa,Business,1,One_way,1.0,795.0,1458.0,9.0,Morning,Night,2,5,0,1,0,1,5,0,1
1,2026-05-24,2026-05-25,52b0cf400cb1887a8555fc17a1beefa41f84e43e9c42596c2531ab6e2415bccc,WAW,MRS,1519.59622663519,large_airport,large_airport,Lufthansa,Business,1,One_way,1.0,520.0,1458.0,14.0,Afternoon,Night,2,5,0,1,0,1,5,0,1
1,2026-05-24,2026-05-25,944536167b9046f9bbb4188b199399a1fa074afbc6b47696a032bafac60bc7ce,WAW,MRS,1519.59622663519,large_airport,large_airport,"LOT, Lufthansa",Business,1,One_way,1.0,505.0,1458.0,14.0,Afternoon,Night,2,5,0,1,0,1,5,0,1
1,2026-05-24,2026-05-25,25c2b28849ef15ea514c30465235bc31ea834dd724aed46f6ac426bcb7c242e8,WAW,MRS,1519.59622663519,large_airport,large_airport,"LOT, Lufthansa",Business,1,One_way,1.0,355.0,1458.0,17.0,Evening,Night,2,5,0,1,0,1,5,0,1
1,2026-05-24,2026-05-25,56b82450d63f579d4622bb5448d813916c5b2fd0f696a4a57b9c4d8efa890927,WAW,MRS,1519.59622663519,large_airport,large_airport,"Austrian, Brussels Airlines",Business,1,One_way,2.0,965.0,1473.0,6.0,Morning,Night,2,5,0,1,0,1,5,0,1
1,2026-05-24,2026-05-25,301f6a34ef2c4c2b5d966e0ac2bab2a584e2d9e5edcdc1825563d5c2de093c10,WAW,MRS,1519.59622663519,large_airport,large_airport,Lufthansa,Business,1,One_way,1.0,970.0,1476.0,6.0,Morning,Night,2,5,0,1,0,1,5,0,1
1,2026-05-24,2026-05-25,e37c7e7bb535a445f91867022e21d75c00aae51116d4491bdb042c7af3540050,WAW,MRS,1519.59622663519,large_airport,large_airport,Lufthansa,Business,1,One_way,2.0,1015.0,1538.0,6.0,Morning,Night,2,5,0,1,0,1,5,0,1
1,2026-05-24,2026-05-25,b4122c2cc39db0797f261bdee5ad915e58443b379af0c4480879374f59a95936,WAW,MRS,1519.59622663519,large_airport,large_airport,"LOT, Lufthansa",Business,1,One_way,2.0,925.0,1538.0,7.0,Morning,Night,2,5,0,1,0,1,5,0,1
1,2026-05-24,2026-05-25,ade34a62f8dda406cd10ab869f4e160b12d091314525e4b5d9418118fdf97712,WAW,MRS,1519.59622663519,large_airport,large_airport,Lufthansa,Business,1,One_way,2.0,580.0,1538.0,13.0,Afternoon,Night,2,5,0,1,0,1,5,0,1
1,2026-05-24,2026-05-25,d40b505130ce157e434eb2e7c7948d661b1c5914c78ccfe1bd65e82398c5fe3a,WAW,MRS,1519.59622663519,large_airport,large_airport,Lufthansa,Business,1,One_way,1.0,900.0,1683.0,19.0,Evening,Morning,2,5,0,1,0,1,5,0,1
1,2026-05-24,2026-05-25,6a51c78dd7aeb1455d4ed238b23cbbc029d41436736a43fcfde8c44ccecb56e3,WAW,MRS,1519.59622663519,large_airport,large_airport,SWISS,Business,1,One_way,1.0,1090.0,1688.0,14.0,Afternoon,Morning,2,5,0,1,0,1,5,0,1
1,2026-05-24,2026-05-25,b511eaafc38bca241e682a1dc179c7ec7172adbdb3d511578ef24fee6d0850b6,WAW,MRS,1519.59622663519,large_airport,large_airport,Lufthansa,Business,1,One_way,1.0,1195.0,1701.0,14.0,Afternoon,Morning,2,5,0,1,0,1,5,0,1
1,2026-05-24,2026-05-25,e170b1c1efc4bd95e0d3aff1f9515baf09b6ac872256088c044d6836e4c955fc,WAW,MRS,1519.59622663519,large_airport,large_airport,"LOT, Lufthansa",Business,1,One_way,1.0,1180.0,1701.0,14.0,Afternoon,Morning,2,5,0,1,0,1,5,0,1
1,2026-05-24,2026-05-25,acf82a8509ae31fd13d00966f33f327d8817469f1c7ad2c40ce8d16ea3baa6c9,WAW,MRS,1519.59622663519,large_airport,large_airport,"LOT, Lufthansa",Business,1,One_way,1.0,1030.0,1701.0,17.0,Evening,Morning,2,5,0,1,0,1,5,0,1
1,2026-05-24,2026-05-25,02ab3da0f329b35abc57c7653d9572a0d4fec758b8c3fb182d194ea08788be16,WAW,MRS,1519.59622663519,large_airport,large_airport,Lufthansa,Business,1,One_way,1.0,1365.0,1701.0,19.0,Evening,Evening,2,5,0,1,0,1,5,0,1
1,2026-05-24,2026-05-25,05ee46288ff886de4d11a3ad2fe5da41fb3733ba8749f0d968ea8b29f21676f0,WAW,MRS,1519.59622663519,large_airport,large_airport,Lufthansa,Business,1,One_way,1.0,1645.0,1701.0,19.0,Evening,Night,2,5,0,1,0,1,5,0,1
1,2026-05-24,2026-05-25,96bded1371a34a19df24cdc27e169e073f3695c5c35b556897ee92af6ebd49d1,WAW,MRS,1519.59622663519,large_airport,large_airport,"Austrian, Brussels Airlines",Business,1,One_way,2.0,870.0,1773.0,8.0,Morning,Night,2,5,0,1,0,1,5,0,1
1,2026-05-24,2026-05-25,e44f0085fd8430e2909ffe9fa0a8e07e436fe70ee75371a4462ccc7486ef1feb,WAW,MRS,1519.59622663519,large_airport,large_airport,Lufthansa,Business,1,One_way,1.0,680.0,2028.0,6.0,Morning,Evening,2,5,0,1,0,1,5,0,1
1,2026-05-24,2026-05-25,94c0ac7b9023f965440bddb55b96b77a9ce1e4503162b75833a4534c28f284ef,WAW,MRS,1519.59622663519,large_airport,large_airport,Lufthansa,Business,1,One_way,1.0,505.0,2028.0,9.0,Morning,Evening,2,5,0,1,0,1,5,0,1
1,2026-05-24,2026-05-25,d5722c6e272428e94993c93a3a943eb08748a39e8e91680d8f1ce1335c2b575c,WAW,MRS,1519.59622663519,large_airport,large_airport,Lufthansa,Business,1,One_way,2.0,725.0,2107.0,6.0,Morning,Evening,2,5,0,1,0,1,5,0,1
1,2026-05-24,2026-05-25,c591d4256c7ba10128bdf8fafb50ef47c4bb8c381a73eacc74195b47601e6546,WAW,MRS,1519.59622663519,large_airport,large_airport,"LOT, Turkish Airlines",Business,1,One_way,1.0,520.0,2128.0,9.0,Morning,Evening,2,5,0,1,0,1,5,0,1
1,2026-05-24,2026-05-25,dcdfcc8e2ffee45358693488a3e9e42e8f1ea796f63e2043df8b35c393be5e5f,WAW,MRS,1519.59622663519,large_airport,large_airport,"LOT, Lufthansa",Business,1,One_way,2.0,825.0,2719.0,20.0,Evening,Morning,2,5,0,1,0,1,5,0,1
1,2026-05-24,2026-05-25,5a341d92136a46ecb29d509e8e12c3246bcdc064aaa6cfb81ce407b0e14edda1,WAW,MRS,1519.59622663519,large_airport,large_airport,Brussels Airlines,Business,1,One_way,1.0,1730.0,2879.0,18.0,Evening,Night,2,5,0,1,0,1,5,0,1
1,2026-05-24,2026-05-25,5e9bea0680bc7825dd224dc2cefe4d2eeaa49188db1b1b8ad5853bb2fde7d144,WAW,MRS,1519.59622663519,large_airport,large_airport,"LOT, Brussels Airlines",Business,1,One_way,2.0,970.0,2954.0,20.0,Evening,Afternoon,2,5,0,1,0,1,5,0,1
1,2026-05-24,2026-05-25,5e6a32aa95631fee1aaba7a720ac850c9552ea196bb7bbd38b503ff26a9aa027,WAW,MRS,1519.59622663519,large_airport,large_airport,"LOT, Lufthansa",Business,1,One_way,2.0,815.0,2974.0,20.0,Evening,Morning,2,5,0,1,0,1,5,0,1
1,2026-05-24,2026-05-25,97c295e287246b2671a17ac0d5b7d606754dbba673e378e5045c7233e07ba580,WAW,MRS,1519.59622663519,large_airport,large_airport,"Lufthansa, Brussels Airlines",Business,1,One_way,2.0,405.0,3203.0,6.0,Morning,Afternoon,2,5,0,1,0,1,5,0,1
1,2026-05-24,2026-05-25,ff639b740e0dacce848af0f4ca14e54d2f11018fdf5418b6f5a58fe7de6bf871,WAW,MRS,1519.59622663519,large_airport,large_airport,"LOT, Brussels Airlines",Business,1,One_way,1.0,330.0,3939.0,7.0,Morning,Afternoon,2,5,0,1,0,1,5,0,1
1,2026-05-24,2026-05-25,c466a7c6bb7b2f8d9c76047a852a475b4037818e7ee1bf5c6c29db67b12b36a7,WAW,NCE,1390.481590073946,large_airport,large_airport,Wizz Air,Economy,1,One_way,0.0,155.0,110.0,5.0,Morning,Morning,2,5,0,1,0,1,5,0,1
1,2026-05-24,2026-05-25,9a8a5d0b8d2716934bac55250628477802eeafdc28748df7c979a1c2106002fd,WAW,NCE,1390.481590073946,large_airport,large_airport,LOT,Economy,1,One_way,0.0,155.0,266.0,13.0,Afternoon,Afternoon,2,5,0,1,0,1,5,0,1
1,2026-05-24,2026-05-25,cb3cf46e05605f2ca84862a28370007cd2b117c27ee6c8f840fabdeb33aeca70,WAW,NCE,1390.481590073946,large_airport,large_airport,KLM,Economy,1,One_way,1.0,315.0,340.0,17.0,Evening,Night,2,5,0,1,0,1,5,0,1
1,2026-05-24,2026-05-25,c3a6469498289009b4ab9e6a1ca2a292aa9a98e508ba66358d16f0a3994d75d4,WAW,NCE,1390.481590073946,large_airport,large_airport,Air France,Economy,1,One_way,1.0,415.0,376.0,6.0,Morning,Afternoon,2,5,0,1,0,1,5,0,1
1,2026-05-24,2026-05-25,7184b6f114f90038fa6f9676ffb985adc938b9a64f076d59a5a038dcda1bf284,WAW,NCE,1390.481590073946,large_airport,large_airport,Air France,Economy,1,One_way,1.0,745.0,331.0,6.0,Morning,Evening,2,5,0,1,0,1,5,0,1
1,2026-05-24,2026-05-25,d893a04e7c2a7cfec4b8f9ee2e3b763dc0b7fa588fd7270a601b9cf8eb473c46,WAW,NCE,1390.481590073946,large_airport,large_airport,KLM,Economy,1,One_way,1.0,750.0,340.0,6.0,Morning,Evening,2,5,0,1,0,1,5,0,1
1,2026-05-24,2026-05-25,046fe627452c8e4f1dd335a606d4cf6bcd84cb1d32f96ca6cdd85341552e800c,WAW,NCE,1390.481590073946,large_airport,large_airport,KLM,Economy,1,One_way,1.0,365.0,340.0,12.0,Afternoon,Evening,2,5,0,1,0,1,5,0,1
1,2026-05-24,2026-05-25,a1c5570896ec8c2f51029ded3062da5ee15ce08f0e487efae5c78cfece106e10,WAW,NCE,1390.481590073946,large_airport,large_airport,KLM,Economy,1,One_way,1.0,600.0,340.0,12.0,Afternoon,Night,2,5,0,1,0,1,5,0,1
1,2026-05-24,2026-05-25,a88e40e9bb2d7717b9624e7ef3e70c259ee9c56f33b6da35a7e980d384e2cab0,WAW,NCE,1390.481590073946,large_airport,large_airport,Air France,Economy,1,One_way,1.0,995.0,348.0,6.0,Morning,Night,2,5,0,1,0,1,5,0,1
1,2026-05-24,2026-05-25,0983e489699fa2f88c64aab89d70c6b082ae8079835ac2c356685896fd6604f1,WAW,NCE,1390.481590073946,large_airport,large_airport,Air France,Economy,1,One_way,1.0,495.0,386.0,6.0,Morning,Afternoon,2,5,0,1,0,1,5,0,1
1,2026-05-24,2026-05-25,33395af4f860717c55b947315660588fbfcdd9777352653269adaff4d84ecaa6,WAW,NCE,1390.481590073946,large_airport,large_airport,Air France,Economy,1,One_way,1.0,585.0,386.0,6.0,Morning,Afternoon,2,5,0,1,0,1,5,0,1
1,2026-05-24,2026-05-25,cd879e00b89772432060fe57c7844213016750dd8ef183dca8289266be714f0c,WAW,NCE,1390.481590073946,large_airport,large_airport,Air France,Economy,1,One_way,1.0,660.0,386.0,6.0,Morning,Evening,2,5,0,1,0,1,5,0,1
1,2026-05-24,2026-05-25,b0cbfb7f8b2026bebc48aac3310631fff93b527e03a6120b2e095bce04795719,WAW,NCE,1390.481590073946,large_airport,large_airport,Turkish Airlines,Economy,1,One_way,1.0,500.0,407.0,10.0,Morning,Evening,2,5,0,1,0,1,5,0,1
1,2026-05-24,2026-05-25,6f99d297ed9b3b1c1173d16af8cafd57e5991032f93728ee1b8bff17ff96ebe1,WAW,NCE,1390.481590073946,large_airport,large_airport,Turkish Airlines,Economy,1,One_way,1.0,815.0,407.0,19.0,Evening,Morning,2,5,0,1,0,1,5,0,1
1,2026-05-24,2026-05-25,ce8cb429678e9e61a28c60a44a9f53836e4307221d0962b1d76cce8bdd291427,WAW,NCE,1390.481590073946,large_airport,large_airport,KLM,Economy,1,One_way,1.0,330.0,415.0,6.0,Morning,Morning,2,5,0,1,0,1,5,0,1
1,2026-05-24,2026-05-25,bc6419c482eadfffb63b39495d2fd684033e5ec02cb34b4e3f24396ecb268d4a,WAW,NCE,1390.481590073946,large_airport,large_airport,"LOT, Lufthansa",Economy,1,One_way,1.0,365.0,436.0,7.0,Morning,Afternoon,2,5,0,1,0,1,5,0,1
1,2026-05-24,2026-05-25,fe073aec99ced40a4814a81d703938a4c4ba14e73abf3e8a0af7e61c063d0dda,WAW,NCE,1390.481590073946,large_airport,large_airport,Air France,Economy,1,One_way,1.0,320.0,445.0,6.0,Morning,Morning,2,5,0,1,0,1,5,0,1
1,2026-05-24,2026-05-25,e029c629cdd6fe98fd2eb03b90ccf261c6178d3ce57a2412a7ecf31518dff9db,WAW,NCE,1390.481590073946,large_airport,large_airport,"Austrian, Eurowings",Economy,1,One_way,2.0,395.0,462.0,6.0,Morning,Afternoon,2,5,0,1,0,1,5,0,1
1,2026-05-24,2026-05-25,e6381604ef90569c4be15c33e17b700f4f9bf4dca1b296ea41ef3599a264b885,WAW,NCE,1390.481590073946,large_airport,large_airport,"LOT, ITA",Economy,1,One_way,1.0,430.0,520.0,7.0,Morning,Afternoon,2,5,0,1,0,1,5,0,1
1,2026-05-24,2026-05-25,ab81739ac9df4823d4ab21e644652f40c3ac6125f29947fa7fe596219249443c,WAW,NCE,1390.481590073946,large_airport,large_airport,"LOT, Lufthansa City Airlines, ITA",Economy,1,One_way,2.0,420.0,594.0,7.0,Morning,Afternoon,2,5,0,1,0,1,5,0,1
1,2026-05-24,2026-05-25,fdefa6af5bb839ab5a382a5c95f3108910d09474072da9d6972c97c9d57f269f,WAW,NCE,1390.481590073946,large_airport,large_airport,"LOT, Lufthansa, ITA",Economy,1,One_way,2.0,410.0,603.0,7.0,Morning,Afternoon,2,5,0,1,0,1,5,0,1
1,2026-05-24,2026-05-25,83871897f8e67c63cd183692b435fbd74b9d8ad226cd00d1bc8f5bef7a7c5fb8,WAW,NCE,1390.481590073946,large_airport,large_airport,Air France,Economy,1,One_way,1.0,365.0,639.0,12.0,Afternoon,Evening,2,5,0,1,0,1,5,0,1
1,2026-05-24,2026-05-25,ecc245b83c7efe65a6d67036969920913f95868869b3568ceaa902742da00dc6,WAW,NCE,1390.481590073946,large_airport,large_airport,Lufthansa,Economy,1,One_way,1.0,420.0,639.0,6.0,Morning,Afternoon,2,5,0,1,0,1,5,0,1
1,2026-05-24,2026-05-25,12a771de998e7a2ad790747e37bb19ba5c9883590c7f718b1b66c95747f35d85,WAW,NCE,1390.481590073946,large_airport,large_airport,Lufthansa,Economy,1,One_way,1.0,515.0,639.0,9.0,Morning,Evening,2,5,0,1,0,1,5,0,1
1,2026-05-24,2026-05-25,da0ff6583ebb6891d441cba55fb026ed159c049fa4f4ef03736a29151fcd5477,WAW,NCE,1390.481590073946,large_airport,large_airport,Air France,Economy,1,One_way,1.0,370.0,670.0,16.0,Afternoon,Night,2,5,0,1,0,1,5,0,1
1,2026-05-24,2026-05-25,0ee6437b8419553a323b4476ffff49e77a8723f5925453b06b892996ef080a15,WAW,NCE,1390.481590073946,large_airport,large_airport,Austrian,Economy,1,One_way,1.0,340.0,781.0,15.0,Afternoon,Evening,2,5,0,1,0,1,5,0,1
1,2026-05-24,2026-05-25,5b026235fe47c5bac416e457035f32185c2b7436379c01b36926dcc986e58048,WAW,NCE,1390.481590073946,large_airport,large_airport,Air France,Economy,1,One_way,1.0,300.0,805.0,16.0,Afternoon,Night,2,5,0,1,0,1,5,0,1
1,2026-05-24,2026-05-25,6a7d747cdc180886ef0cccd5419aaa7b0e081e731b66bdf52d23801b49f36c05,WAW,NCE,1390.481590073946,large_airport,large_airport,Air France,Economy,1,One_way,1.0,440.0,890.0,12.0,Afternoon,Evening,2,5,0,1,0,1,5,0,1
1,2026-05-24,2026-05-25,dd19c82d99aa5d7b4a747b1d5f18f27175bcfff1c9bcc966056ee634538af803,WAW,NCE,1390.481590073946,large_airport,large_airport,KLM,Economy,1,One_way,1.0,625.0,925.0,6.0,Morning,Afternoon,2,5,0,1,0,1,5,0,1
1,2026-05-24,2026-05-25,9c7b3407ac07bbcaa265568c57be1bfba0e64153319cd8c27528e70fac327446,KTW,CDG,1196.1514103215857,large_airport,large_airport,LOT,Economy,1,One_way,1.0,415.0,289.0,11.0,Morning,Evening,2,5,0,1,0,1,5,0,1
1,2026-05-24,2026-05-25,0d781a58c4dfa9b77fb27dbc84a01e7636826e875e85f8f07d91df10f5e31e2b,KTW,CDG,1196.1514103215857,large_airport,large_airport,"Air Dolomiti, Lufthansa",Economy,1,One_way,1.0,230.0,349.0,15.0,Afternoon,Evening,2,5,0,1,0,1,5,0,1
1,2026-05-24,2026-05-25,8f142526b234e7d8abb2d218594333d84af6a96eb41f4d522287f77fce1ea31b,KTW,CDG,1196.1514103215857,large_airport,large_airport,"Air Dolomiti, Lufthansa",Economy,1,One_way,1.0,270.0,349.0,6.0,Morning,Morning,2,5,0,1,0,1,5,0,1
1,2026-05-24,2026-05-25,b93e673a257f3ba7bdf46f1054e5d1aa70851d2ba6e139cdd01b5e4edd9f113e,KTW,CDG,1196.1514103215857,large_airport,large_airport,"Air Dolomiti, Lufthansa",Economy,1,One_way,1.0,455.0,349.0,6.0,Morning,Afternoon,2,5,0,1,0,1,5,0,1
1,2026-05-24,2026-05-25,303d1816078b9934dafa498e149dcfc6531c6e7a3a63dd44b9469bfaf89273b3,KTW,CDG,1196.1514103215857,large_airport,large_airport,"Air Dolomiti, Lufthansa",Economy,1,One_way,1.0,705.0,349.0,6.0,Morning,Evening,2,5,0,1,0,1,5,0,1
1,2026-05-24,2026-05-25,65f3a02d256465be87736c0995843887475383ee56c7a3f29f3b67bc636593fa,KTW,CDG,1196.1514103215857,large_airport,large_airport,"Air Dolomiti, Lufthansa",Economy,1,One_way,1.0,760.0,349.0,6.0,Morning,Evening,2,5,0,1,0,1,5,0,1
1,2026-05-24,2026-05-25,08388be25a43bcbd9dbd15c71bb190aff37b8cafc3d1f5b76874f96689e139e0,KTW,CDG,1196.1514103215857,large_airport,large_airport,"Air Dolomiti, Lufthansa",Economy,1,One_way,1.0,435.0,349.0,15.0,Afternoon,Night,2,5,0,1,0,1,5,0,1
1,2026-05-24,2026-05-25,115d6aafcf165816df5a88317cabf7f47f2b2852c7cf7821f75115a6047888f6,KTW,CDG,1196.1514103215857,large_airport,large_airport,"Air Dolomiti, Lufthansa",Economy,1,One_way,1.0,965.0,368.0,6.0,Morning,Night,2,5,0,1,0,1,5,0,1
1,2026-05-24,2026-05-25,c4a005425384321a304b8e486579e1139b22b81871bed03b2d9d8472cfb810f9,KTW,CDG,1196.1514103215857,large_airport,large_airport,"Air Dolomiti, ITA",Economy,1,One_way,2.0,520.0,383.0,15.0,Afternoon,Night,2,5,0,1,0,1,5,0,1
1,2026-05-24,2026-05-25,ebfdb9950643774aff414c1c3455bab971504df00d0eb1191d8ca8f7a5ce738c,KTW,CDG,1196.1514103215857,large_airport,large_airport,"Air Dolomiti, Lufthansa, Lufthansa City Airlines",Economy,1,One_way,2.0,440.0,418.0,6.0,Morning,Afternoon,2,5,0,1,0,1,5,0,1
1,2026-05-24,2026-05-25,6111f02739e7abe60f412003d65d552b5b39256900b086c1d0ab5917de9cccf1,KTW,CDG,1196.1514103215857,large_airport,large_airport,"Air Dolomiti, Lufthansa",Economy,1,One_way,2.0,665.0,418.0,6.0,Morning,Evening,2,5,0,1,0,1,5,0,1
1,2026-05-24,2026-05-25,3d0bf4b26a7c82315c79c842c457d9507bf8de792c87f21a6a165ef3449e7529,KTW,CDG,1196.1514103215857,large_airport,large_airport,"Air Dolomiti, Lufthansa",Economy,1,One_way,2.0,845.0,418.0,6.0,Morning,Evening,2,5,0,1,0,1,5,0,1
1,2026-05-24,2026-05-25,5dadd3b40e14d6dca6a21cff2ed94eda880495243110b165213824182de5886e,KTW,CDG,1196.1514103215857,large_airport,large_airport,"Air Dolomiti, Lufthansa, Lufthansa City Airlines",Economy,1,One_way,2.0,515.0,418.0,15.0,Afternoon,Night,2,5,0,1,0,1,5,0,1
1,2026-05-24,2026-05-25,7162cb8ae6e020ff65e21643a128f1890e83359c87fc4e48ca4132896513e6ee,KTW,CDG,1196.1514103215857,large_airport,large_airport,"Air Dolomiti, Luxair",Economy,1,One_way,2.0,1055.0,436.0,15.0,Afternoon,Morning,2,5,0,1,0,1,5,0,1
1,2026-05-24,2026-05-25,7bea7f6cdc8c4eaff731dc599d84f580ada02d01427ebabc347baaf351952282,KTW,CDG,1196.1514103215857,large_airport,large_airport,"Air Dolomiti, Lufthansa",Economy,1,One_way,1.0,1065.0,439.0,15.0,Afternoon,Morning,2,5,0,1,0,1,5,0,1
1,2026-05-24,2026-05-25,2a4599592df7beab68c0928c387708ee002faa514679e196244a9c8fdb53b529,KTW,CDG,1196.1514103215857,large_airport,large_airport,"Air Dolomiti, Lufthansa",Economy,1,One_way,1.0,1120.0,439.0,15.0,Afternoon,Morning,2,5,0,1,0,1,5,0,1
1,2026-05-24,2026-05-25,c74626943212350ea459b82cd39b5298f743bc32116239471923a1f9cdd78176,KTW,CDG,1196.1514103215857,large_airport,large_airport,"Air Dolomiti, Lufthansa",Economy,1,One_way,1.0,1200.0,439.0,15.0,Afternoon,Morning,2,5,0,1,0,1,5,0,1
1,2026-05-24,2026-05-25,4f3cf888db68c883996c4b01042b917d838de418f53bd2d9394355a18f5fbd5c,KTW,CDG,1196.1514103215857,large_airport,large_airport,"Air Dolomiti, Lufthansa",Economy,1,One_way,1.0,1375.0,439.0,15.0,Afternoon,Afternoon,2,5,0,1,0,1,5,0,1
1,2026-05-24,2026-05-25,cba634e2ef0f7fa46f4231c0b1fe47c5dd53611ff90d5245919c258d3f059e9f,KTW,CDG,1196.1514103215857,large_airport,large_airport,LOT,Economy,1,One_way,1.0,1520.0,461.0,8.0,Morning,Morning,2,5,0,1,0,1,5,0,1
1,2026-05-24,2026-05-25,783e33d983a59ef07ffac1d8a8b4e0ddcdf94d7a74d5b12c2ca012c99aad8fe5,KTW,CDG,1196.1514103215857,large_airport,large_airport,LOT,Economy,1,One_way,1.0,1315.0,461.0,11.0,Morning,Morning,2,5,0,1,0,1,5,0,1
1,2026-05-24,2026-05-25,b10ba32abb6d3dc64cbd5ecc10db3771c289213642293db202ef7eea04781d61,KTW,CDG,1196.1514103215857,large_airport,large_airport,LOT,Economy,1,One_way,1.0,1120.0,461.0,15.0,Afternoon,Morning,2,5,0,1,0,1,5,0,1
1,2026-05-24,2026-05-25,751609d6640761ccd8b31ca75481eb08bd23d8dd8ef00f22b331cd2853cd909e,KTW,CDG,1196.1514103215857,large_airport,large_airport,LOT,Economy,1,One_way,1.0,620.0,479.0,8.0,Morning,Evening,2,5,0,1,0,1,5,0,1
1,2026-05-24,2026-05-25,35567e0a097bd8679148731797889661ca76b92e137a45a1b44841a74fa17170,KTW,CDG,1196.1514103215857,large_airport,large_airport,"Air Dolomiti, Austrian",Economy,1,One_way,2.0,535.0,486.0,6.0,Morning,Afternoon,2,5,0,1,0,1,5,0,1
1,2026-05-24,2026-05-25,fcc9a1173c71b7e5780d7cd9b589a6f8949533117fdf74a856b9bdc4fa3f2453,KTW,CDG,1196.1514103215857,large_airport,large_airport,"Air Dolomiti, Austrian",Economy,1,One_way,2.0,650.0,486.0,6.0,Morning,Evening,2,5,0,1,0,1,5,0,1
1,2026-05-24,2026-05-25,24f827ac748a4467d3cc7a786a90039875f94dd6d2f193199d75734e7576294b,KTW,CDG,1196.1514103215857,large_airport,large_airport,"Air Dolomiti, Austrian",Economy,1,One_way,2.0,790.0,486.0,6.0,Morning,Evening,2,5,0,1,0,1,5,0,1
1,2026-05-24,2026-05-25,84caa017e13d8ec24f499cd014bfb31ebb603a797e8342a01271e0985370fbaf,KTW,CDG,1196.1514103215857,large_airport,large_airport,"Air Dolomiti, Austrian",Economy,1,One_way,2.0,975.0,486.0,6.0,Morning,Night,2,5,0,1,0,1,5,0,1
1,2026-05-24,2026-05-25,c88356f4e4520951784c5ddcd55b1cfb267ff3f28fa118760ee50a76cb93fac4,KTW,CDG,1196.1514103215857,large_airport,large_airport,"LOT, SWISS",Economy,1,One_way,2.0,900.0,621.0,8.0,Morning,Night,2,5,0,1,0,1,5,0,1
1,2026-05-24,2026-05-25,ad2a4d3ae810b59fa768ae9c470de1f16062cf884e5ee268ef88c13d9c8bbf9a,KTW,CDG,1196.1514103215857,large_airport,large_airport,"LOT, SWISS",Economy,1,One_way,2.0,695.0,621.0,11.0,Morning,Night,2,5,0,1,0,1,5,0,1
1,2026-05-24,2026-05-25,f63905e6acdf3fb4c2f1f77b1a6be40dc98230e30f23b1e7a06bca74ff702544,KTW,CDG,1196.1514103215857,large_airport,large_airport,"Air Dolomiti, Lufthansa, ITA",Economy,1,One_way,2.0,590.0,628.0,6.0,Morning,Afternoon,2,5,0,1,0,1,5,0,1
1,2026-05-24,2026-05-25,d2dd57dfca4d36eb74677dd9cf39e4b09a68da98227f79707662eacb6dadd7fd,KTW,CDG,1196.1514103215857,large_airport,large_airport,"Air Dolomiti, Croatia",Economy,1,One_way,2.0,715.0,759.0,6.0,Morning,Evening,2,5,0,1,0,1,5,0,1
1,2026-05-24,2026-05-25,59fb4943b38771fcfb6482d16bcf79ee4838513398b9ea39166eba7578c1b3e2,KTW,CDG,1196.1514103215857,large_airport,large_airport,LOT,Business,1,One_way,1.0,415.0,845.0,11.0,Morning,Evening,2,5,0,1,0,1,5,0,1
1,2026-05-24,2026-05-25,31e14670a7409ae732f925d1554015cf7eea35d43ab12b72aa70c6318e127854,KTW,CDG,1196.1514103215857,large_airport,large_airport,"Air Dolomiti, Lufthansa",Business,1,One_way,1.0,230.0,895.0,15.0,Afternoon,Evening,2,5,0,1,0,1,5,0,1
1,2026-05-24,2026-05-25,206a1746426d484b75018ac50ec10cfbedafd56925fac26e56fcbb0abb076d58,KTW,CDG,1196.1514103215857,large_airport,large_airport,"Air Dolomiti, Lufthansa",Business,1,One_way,1.0,270.0,895.0,6.0,Morning,Morning,2,5,0,1,0,1,5,0,1
1,2026-05-24,2026-05-25,875474e127d9e6d257c4f674f5a7a245b31fac9fd61be4f61978b4452384fc46,KTW,CDG,1196.1514103215857,large_airport,large_airport,"Air Dolomiti, Lufthansa",Business,1,One_way,1.0,455.0,895.0,6.0,Morning,Afternoon,2,5,0,1,0,1,5,0,1
1,2026-05-24,2026-05-25,f65873ee5290ee4cb292f90d685968d9b2cb18ab98a2ed06ca485fdc5e851b2d,KTW,CDG,1196.1514103215857,large_airport,large_airport,"Air Dolomiti, Lufthansa",Business,1,One_way,1.0,705.0,895.0,6.0,Morning,Evening,2,5,0,1,0,1,5,0,1
1,2026-05-24,2026-05-25,2db3b111202583b907048fd2b3222f7b963f9b0609eed85ba0851f050f08a772,KTW,CDG,1196.1514103215857,large_airport,large_airport,"Air Dolomiti, Lufthansa",Business,1,One_way,1.0,760.0,895.0,6.0,Morning,Evening,2,5,0,1,0,1,5,0,1
1,2026-05-24,2026-05-25,a0070a992c63c5aaf4a1379114e2f681e9bfc633a2f7a1f353ef1fd851f59570,KTW,CDG,1196.1514103215857,large_airport,large_airport,"Air Dolomiti, Lufthansa",Business,1,One_way,1.0,435.0,895.0,15.0,Afternoon,Night,2,5,0,1,0,1,5,0,1
1,2026-05-24,2026-05-25,c2993ef77f9bffc59ffd90200c5bb131feae33a354815315e5487e2d4ac7a0be,KTW,CDG,1196.1514103215857,large_airport,large_airport,"Air Dolomiti, Lufthansa",Business,1,One_way,1.0,965.0,913.0,6.0,Morning,Night,2,5,0,1,0,1,5,0,1
1,2026-05-24,2026-05-25,f63a2a3e44ed3a340c4f8d3a397e944f7c7bf93a81e1dddbbd116b447ba1f053,KTW,CDG,1196.1514103215857,large_airport,large_airport,"Air Dolomiti, Lufthansa, Lufthansa City Airlines",Business,1,One_way,2.0,440.0,975.0,6.0,Morning,Afternoon,2,5,0,1,0,1,5,0,1
1,2026-05-24,2026-05-25,bb8dc3dc56762ef0a98c809406f47a84ef64a5149b33f4035ec54365edb6a69d,KTW,CDG,1196.1514103215857,large_airport,large_airport,"Air Dolomiti, Lufthansa",Business,1,One_way,2.0,665.0,975.0,6.0,Morning,Evening,2,5,0,1,0,1,5,0,1
1,2026-05-24,2026-05-25,16b0b6ea3f3e6f4ad9dcbd1dcc1f366cfc8797c06f5c4d472e43722353bcaaab,KTW,CDG,1196.1514103215857,large_airport,large_airport,"Air Dolomiti, Lufthansa",Business,1,One_way,2.0,845.0,975.0,6.0,Morning,Evening,2,5,0,1,0,1,5,0,1
1,2026-05-24,2026-05-25,3fbf5520d47ddd074219dec8cb29b7a69d4595589c51e1876fd353b58dea042d,KTW,CDG,1196.1514103215857,large_airport,large_airport,"Air Dolomiti, Lufthansa, Lufthansa City Airlines",Business,1,One_way,2.0,515.0,975.0,15.0,Afternoon,Night,2,5,0,1,0,1,5,0,1
1,2026-05-24,2026-05-25,552e9c8f6eb45c4db79332334c4054079ebfb52db45b353a744c5d1b5efa3c84,KTW,CDG,1196.1514103215857,large_airport,large_airport,"Air Dolomiti, Lufthansa",Business,1,One_way,1.0,1065.0,1040.0,15.0,Afternoon,Morning,2,5,0,1,0,1,5,0,1
1,2026-05-24,2026-05-25,8e53f5652106f0cc8f712c7ed9d0697d3375d054863946203e9187197befaedd,KTW,CDG,1196.1514103215857,large_airport,large_airport,"Air Dolomiti, Lufthansa",Business,1,One_way,1.0,1120.0,1040.0,15.0,Afternoon,Morning,2,5,0,1,0,1,5,0,1
1,2026-05-24,2026-05-25,7beaa182ccc357bb5ad0f2b3c3c3db296a77339be3c90450cc8f38e83a01b749,KTW,CDG,1196.1514103215857,large_airport,large_airport,"Air Dolomiti, Lufthansa",Business,1,One_way,1.0,1200.0,1040.0,15.0,Afternoon,Morning,2,5,0,1,0,1,5,0,1
1,2026-05-24,2026-05-25,22e37dced073ecce4010c8b6168fc73bb4a33ad3834a96dc2f50da8623019fe8,KTW,CDG,1196.1514103215857,large_airport,large_airport,"Air Dolomiti, Lufthansa",Business,1,One_way,1.0,1375.0,1040.0,15.0,Afternoon,Afternoon,2,5,0,1,0,1,5,0,1
1,2026-05-24,2026-05-25,337c31f0a481dc29aea03348ee36ae7a58928dc6523539622c1f1e0179d27f85,KTW,CDG,1196.1514103215857,large_airport,large_airport,"Air Dolomiti, ITA",Business,1,One_way,2.0,670.0,1052.0,6.0,Morning,Evening,2,5,0,1,0,1,5,0,1
1,2026-05-24,2026-05-25,77b35b61c0df8e217969806e5fbf15902a3c78a2c4cfbb0db4461b90ad700415,KTW,CDG,1196.1514103215857,large_airport,large_airport,"Air Dolomiti, ITA",Business,1,One_way,2.0,520.0,1052.0,15.0,Afternoon,Night,2,5,0,1,0,1,5,0,1
1,2026-05-24,2026-05-25,cab36801616d7a6e837b1b5b7c38767cfd50e57c1f96b54b57d15ec3a0d9aebd,KTW,CDG,1196.1514103215857,large_airport,large_airport,"Air Dolomiti, Croatia",Business,1,One_way,2.0,715.0,1067.0,6.0,Morning,Evening,2,5,0,1,0,1,5,0,1
1,2026-05-24,2026-05-25,2c5510140e8865a6c2a0dc51b4a85e8fb64ab5f0a2aad1e701e7b264f35d21ad,KTW,CDG,1196.1514103215857,large_airport,large_airport,"Air Dolomiti, Austrian",Business,1,One_way,2.0,535.0,1078.0,6.0,Morning,Afternoon,2,5,0,1,0,1,5,0,1
1,2026-05-24,2026-05-25,a0220540182cbe784de650c36aa2302fd8b824b5a8c3d84989f8286cde40fa3a,KTW,CDG,1196.1514103215857,large_airport,large_airport,"Air Dolomiti, Austrian",Business,1,One_way,2.0,650.0,1078.0,6.0,Morning,Evening,2,5,0,1,0,1,5,0,1
1,2026-05-24,2026-05-25,40b65f15d6453b122b37f043b1feebc1cf01618e74362ad1982b1025948dcf70,KTW,CDG,1196.1514103215857,large_airport,large_airport,"Air Dolomiti, Austrian",Business,1,One_way,2.0,790.0,1078.0,6.0,Morning,Evening,2,5,0,1,0,1,5,0,1
1,2026-05-24,2026-05-25,8e14c8aed90cebc24c9166c2701e06bcb61663637996904dd1d30e9ee383f3d9,KTW,CDG,1196.1514103215857,large_airport,large_airport,LOT,Business,1,One_way,1.0,1520.0,1100.0,8.0,Morning,Morning,2,5,0,1,0,1,5,0,1
1,2026-05-24,2026-05-25,a271203eeb400f9e90f9258606e24be6e829ed780cce87cb93385ff23367320c,KTW,CDG,1196.1514103215857,large_airport,large_airport,LOT,Business,1,One_way,1.0,1315.0,1100.0,11.0,Morning,Morning,2,5,0,1,0,1,5,0,1
1,2026-05-24,2026-05-25,980e8f61eee88a4e57437d4a78c27dd91a75cc6cb96a7d01623c50c7b1dca797,KTW,CDG,1196.1514103215857,large_airport,large_airport,LOT,Business,1,One_way,1.0,1120.0,1100.0,15.0,Afternoon,Morning,2,5,0,1,0,1,5,0,1
1,2026-05-24,2026-05-25,b890f801305d45c952c100632f2245bfac17934da7eedf425c24a78a4e571be7,KTW,CDG,1196.1514103215857,large_airport,large_airport,LOT,Business,1,One_way,1.0,1660.0,1100.0,15.0,Afternoon,Evening,2,5,0,1,0,1,5,0,1
1,2026-05-24,2026-05-25,0d23667327709cd451a1676d479af7844bcb35a9dca0715d240f7c5bca25df85,KTW,CDG,1196.1514103215857,large_airport,large_airport,LOT,Business,1,One_way,1.0,620.0,1103.0,8.0,Morning,Evening,2,5,0,1,0,1,5,0,1
1,2026-05-24,2026-05-25,6f614e4eebf70ad18deada7b6b54fdbf71859294cb4dc02e02839f89c614838e,KTW,CDG,1196.1514103215857,large_airport,large_airport,"Air Dolomiti, Croatia",Business,1,One_way,2.0,680.0,1158.0,6.0,Morning,Evening,2,5,0,1,0,1,5,0,1
1,2026-05-24,2026-05-25,9c27e2b948dc0c202b672dc54877a2692c07ea3e336ef772f6fdf15a2cff33e5,KTW,CDG,1196.1514103215857,large_airport,large_airport,"Air Dolomiti, Lufthansa, ITA",Business,1,One_way,2.0,590.0,1168.0,6.0,Morning,Afternoon,2,5,0,1,0,1,5,0,1
1,2026-05-24,2026-05-25,07f1f652edcb8f316d1ccf1a7da0d643028c3626d54162aa06ec039a3a315275,KTW,CDG,1196.1514103215857,large_airport,large_airport,"LOT, Air Baltic",Business,1,One_way,2.0,660.0,1267.0,8.0,Morning,Evening,2,5,0,1,0,1,5,0,1
1,2026-05-24,2026-05-25,7c6f48c331d1b85a79514f5a4ee89c6904bcd15c9038adc2023eae1d2044a444,KTW,CDG,1196.1514103215857,large_airport,large_airport,"LOT, Air Baltic",Business,1,One_way,2.0,455.0,1267.0,11.0,Morning,Evening,2,5,0,1,0,1,5,0,1
1,2026-05-24,2026-05-25,91617c153055b935e0cad88d95767f1569cd134329b9243381c2db7e76614b41,KTW,CDG,1196.1514103215857,large_airport,large_airport,"LOT, Air Baltic",Business,1,One_way,2.0,595.0,1338.0,8.0,Morning,Evening,2,5,0,1,0,1,5,0,1
1,2026-05-24,2026-05-25,650f737f40e7dca315951c6a679c94dbd6b3ce77e47e169929e3c6e45697b8a9,KTW,CDG,1196.1514103215857,large_airport,large_airport,"LOT, SWISS",Business,1,One_way,2.0,900.0,1365.0,8.0,Morning,Night,2,5,0,1,0,1,5,0,1
1,2026-05-24,2026-05-25,66a2175eb9c16196c4d2267b3b37fb594171e7d3227cf7e182d09de59696f21b,KTW,CDG,1196.1514103215857,large_airport,large_airport,"LOT, SWISS",Business,1,One_way,2.0,695.0,1365.0,11.0,Morning,Night,2,5,0,1,0,1,5,0,1
1,2026-05-24,2026-05-25,d299eb40a0dcb926cc0bb000810ad991abf76243530ebb99fb2670129ab57604,KTW,CDG,1196.1514103215857,large_airport,large_airport,"Air Dolomiti, Luxair",Business,1,One_way,2.0,1055.0,1369.0,15.0,Afternoon,Morning,2,5,0,1,0,1,5,0,1
1,2026-05-24,2026-05-25,1f571508ae4eaa356becdeb2bc63c4df7ed2b13edf911b314099fd3346058ae2,KTW,CDG,1196.1514103215857,large_airport,large_airport,"Air Dolomiti, British Airways",Business,1,One_way,2.0,845.0,1388.0,6.0,Morning,Evening,2,5,0,1,0,1,5,0,1
1,2026-05-24,2026-05-25,d8e4933472535951d820f53726d813d889a910486675d5148ebb13cd846b4dd8,KTW,CDG,1196.1514103215857,large_airport,large_airport,"LOT, Brussels Airlines",Business,1,One_way,2.0,1175.0,1448.0,11.0,Morning,Morning,2,5,0,1,0,1,5,0,1
1,2026-05-24,2026-05-25,791c7a3f76f868066efd2957576e46cdb1148a2f29dba93bc8c6ed17f17cc59c,KTW,CDG,1196.1514103215857,large_airport,large_airport,"LOT, Brussels Airlines",Business,1,One_way,2.0,1265.0,1448.0,11.0,Morning,Morning,2,5,0,1,0,1,5,0,1
1,2026-05-24,2026-05-25,b606017dd6744f0ee00959a5d18f8099a567d079ef421af5fb940861818e7179,KTW,CDG,1196.1514103215857,large_airport,large_airport,"LOT, Brussels Airlines",Business,1,One_way,2.0,980.0,1448.0,15.0,Afternoon,Morning,2,5,0,1,0,1,5,0,1
1,2026-05-24,2026-05-25,6057fd4bfb3fbfd02bfee518622a1881089f516fbf408963c77a4037efb367a8,KTW,CDG,1196.1514103215857,large_airport,large_airport,"LOT, Brussels Airlines",Business,1,One_way,2.0,1070.0,1448.0,15.0,Afternoon,Morning,2,5,0,1,0,1,5,0,1
1,2026-05-24,2026-05-25,ed749718e60a350a3b18a8704d7c221f6d6ac9ff0ec510977cd5e4e78e7830b3,KTW,CDG,1196.1514103215857,large_airport,large_airport,"LOT, Finnair",Business,1,One_way,2.0,845.0,1658.0,8.0,Morning,Night,2,5,0,1,0,1,5,0,1
1,2026-05-24,2026-05-25,442e01ffc2a21abb0253462281a642f189469e6335257f2a2ad4385a490a287e,KTW,CDG,1196.1514103215857,large_airport,large_airport,"Air Dolomiti, SWISS",Business,1,One_way,2.0,470.0,2826.0,6.0,Morning,Afternoon,2,5,0,1,0,1,5,0,1
1,2026-05-24,2026-05-25,d73e8fe73e7c9d5973d00ad67eb7979f9681daa57bf6c6ff032e9974cd19fca8,KTW,CDG,1196.1514103215857,large_airport,large_airport,"Air Dolomiti, Lufthansa, SWISS",Business,1,One_way,2.0,470.0,2826.0,6.0,Morning,Afternoon,2,5,0,1,0,1,5,0,1
1,2026-05-24,2026-05-25,749f62e9013c0be07c7b4e50a18d1d0c60a16fc240436759734bfaf2661bf066,KTW,CDG,1196.1514103215857,large_airport,large_airport,"Air Dolomiti, SWISS",Business,1,One_way,2.0,760.0,2826.0,6.0,Morning,Evening,2,5,0,1,0,1,5,0,1
1,2026-05-24,2026-05-25,e77ffb38f4cd7f6f93967d0d69399c11935ae07d2ede977ed898b5fe0d51295b,KTW,CDG,1196.1514103215857,large_airport,large_airport,"Air Dolomiti, SWISS",Business,1,One_way,2.0,510.0,2826.0,15.0,Afternoon,Night,2,5,0,1,0,1,5,0,1
1,2026-05-24,2026-05-25,63f2ee4c5df6eba5afec1e922e117ab86337b146e572107aa485b2febcc39b58,KTW,CDG,1196.1514103215857,large_airport,large_airport,"Air Dolomiti, Lufthansa, SWISS",Business,1,One_way,2.0,510.0,2826.0,15.0,Afternoon,Night,2,5,0,1,0,1,5,0,1
1,2026-05-24,2026-05-25,010e7b3db0c5692b96fee43d963ecdc4e4663620c2b2da06a7f603d229abd435,KTW,CDG,1196.1514103215857,large_airport,large_airport,"Air Dolomiti, TAROM",Business,1,One_way,2.0,710.0,3832.0,6.0,Morning,Evening,2,5,0,1,0,1,5,0,1
1,2026-05-24,2026-05-25,6cdd16a0f7fea4933ab717d2b7e31cd435b0052020ee86f2c48a7f4d32f94351,KTW,CDG,1196.1514103215857,large_airport,large_airport,"Air Dolomiti, Air Baltic",Business,1,One_way,2.0,735.0,3849.0,6.0,Morning,Evening,2,5,0,1,0,1,5,0,1
1,2026-05-24,2026-05-25,426c6277e27c25011237b31a44a1cb24d83fdb2f41cd4064edac1c9bd0be752d,KTW,CDG,1196.1514103215857,large_airport,large_airport,"Air Dolomiti, Croatia, Air France",Business,1,One_way,2.0,515.0,3894.0,6.0,Morning,Afternoon,2,5,0,1,0,1,5,0,1
1,2026-05-24,2026-05-25,1588c7f9de59e69e2adf17268c351e10fe1c2744b8fa0a5a918a1d370f20a0cd,WAW,NCE,1390.481590073946,large_airport,large_airport,Air France,Business,1,One_way,1.0,365.0,902.0,12.0,Afternoon,Evening,2,5,0,1,0,1,5,0,1
1,2026-05-24,2026-05-25,628207af29699b1fce3a7b6f89148ff78a7a6c3b77afd36e8e6ae9e4c58d06ed,WAW,NCE,1390.481590073946,large_airport,large_airport,British Airways,Business,1,One_way,1.0,375.0,987.0,8.0,Morning,Afternoon,2,5,0,1,0,1,5,0,1
1,2026-05-24,2026-05-25,f017eeea5ef3998272794f2589d26a4f7ad19dc3a47a8c36dfca90b59ef3d787,WAW,NCE,1390.481590073946,large_airport,large_airport,Air France,Business,1,One_way,1.0,300.0,1145.0,16.0,Afternoon,Night,2,5,0,1,0,1,5,0,1
1,2026-05-24,2026-05-25,9356625de096ceca01f41e7aca56bf854c0fd5a19d2a2801f68320e8f6dcaaac,WAW,NCE,1390.481590073946,large_airport,large_airport,KLM,Business,1,One_way,1.0,315.0,1381.0,17.0,Evening,Night,2,5,0,1,0,1,5,0,1
1,2026-05-24,2026-05-25,f876b7a29749ab0e38ab71fb93d4270bd8a1d4540e9961e3d2e2c8f0ac5fd624,WAW,NCE,1390.481590073946,large_airport,large_airport,Scandinavian Airlines,Business,1,One_way,1.0,770.0,637.0,19.0,Evening,Morning,2,5,0,1,0,1,5,0,1
1,2026-05-24,2026-05-25,0677bce18af86f7a075ecb80bdc73c7e6fe67f18d0dc6f381ff2cb802e4db24b,WAW,NCE,1390.481590073946,large_airport,large_airport,"Austrian, Eurowings",Business,1,One_way,2.0,395.0,769.0,6.0,Morning,Afternoon,2,5,0,1,0,1,5,0,1
1,2026-05-24,2026-05-25,3b1c35f6670056b01639079784c88e3ec8c612560989d3ca20481c26db563297,WAW,NCE,1390.481590073946,large_airport,large_airport,"LOT, ITA",Business,1,One_way,1.0,430.0,867.0,7.0,Morning,Afternoon,2,5,0,1,0,1,5,0,1
1,2026-05-24,2026-05-25,ca45599c49267056b59d149ca155d1c9142df712b305984e191ad2327d26fa89,WAW,NCE,1390.481590073946,large_airport,large_airport,Air France,Business,1,One_way,1.0,415.0,902.0,6.0,Morning,Afternoon,2,5,0,1,0,1,5,0,1
1,2026-05-24,2026-05-25,4e3ad410337021e334930c5e5cee788df5d60e36bebc43ac74166202d77df438,WAW,NCE,1390.481590073946,large_airport,large_airport,Air France,Business,1,One_way,1.0,495.0,902.0,6.0,Morning,Afternoon,2,5,0,1,0,1,5,0,1
1,2026-05-24,2026-05-25,a412cc79408ca470fc08513f575465898356e6786f5aaed44897a04dcf873d3f,WAW,NCE,1390.481590073946,large_airport,large_airport,Air France,Business,1,One_way,1.0,585.0,902.0,6.0,Morning,Afternoon,2,5,0,1,0,1,5,0,1
1,2026-05-24,2026-05-25,33f39ddaa55d4413b36cda21b1b317d52e195446c3edb25680182e73e5aa7db6,WAW,NCE,1390.481590073946,large_airport,large_airport,Air France,Business,1,One_way,1.0,660.0,902.0,6.0,Morning,Evening,2,5,0,1,0,1,5,0,1
1,2026-05-24,2026-05-25,86385d8a5e12a7ebecb61f7554608f7f6df3981e801019187f915d32129f05a1,WAW,NCE,1390.481590073946,large_airport,large_airport,Air France,Business,1,One_way,1.0,745.0,902.0,6.0,Morning,Evening,2,5,0,1,0,1,5,0,1
1,2026-05-24,2026-05-25,0001a541ced9f07d03a7d84c922bd71858d6ee054eb926f52454b449b842896a,WAW,NCE,1390.481590073946,large_airport,large_airport,Air France,Business,1,One_way,1.0,820.0,902.0,6.0,Morning,Evening,2,5,0,1,0,1,5,0,1
1,2026-05-24,2026-05-25,112d018b8ece7c014c7f7ff239dce9230eed1bc3b76f027d0ed338da19addce9,WAW,NCE,1390.481590073946,large_airport,large_airport,Air France,Business,1,One_way,1.0,925.0,902.0,6.0,Morning,Night,2,5,0,1,0,1,5,0,1
1,2026-05-24,2026-05-25,415bdf0596df47dc8c227063dabe6dbc38466e8e2d940704dc63a8cabcd5dee0,WAW,NCE,1390.481590073946,large_airport,large_airport,Air France,Business,1,One_way,1.0,440.0,902.0,12.0,Afternoon,Evening,2,5,0,1,0,1,5,0,1
1,2026-05-24,2026-05-25,4c48130825514242489712a0486a024977764809a93cc98610fa0b99381b67f4,WAW,NCE,1390.481590073946,large_airport,large_airport,Air France,Business,1,One_way,1.0,545.0,902.0,12.0,Afternoon,Night,2,5,0,1,0,1,5,0,1
1,2026-05-24,2026-05-25,8d7b64a6fb315e85698d849b757708f8af075c90b7498e60c5ec50ff0f6ee001,WAW,NCE,1390.481590073946,large_airport,large_airport,Air France,Business,1,One_way,1.0,615.0,902.0,12.0,Afternoon,Night,2,5,0,1,0,1,5,0,1
1,2026-05-24,2026-05-25,13a335443647de0c5619e28cd331afce5913c1fd5091b2ebefd152ccc6fb7868,WAW,NCE,1390.481590073946,large_airport,large_airport,Air France,Business,1,One_way,1.0,945.0,902.0,16.0,Afternoon,Morning,2,5,0,1,0,1,5,0,1
1,2026-05-24,2026-05-25,0505bc639bf3dd6638d71f09dd626c2f38c1a08a7d9f63c93cff180ac82868b6,WAW,NCE,1390.481590073946,large_airport,large_airport,Air France,Business,1,One_way,1.0,995.0,904.0,6.0,Morning,Night,2,5,0,1,0,1,5,0,1
1,2026-05-24,2026-05-25,c7772f6a1e9584eacb8e0f9bfa4d0c6c0f8d2307adcc66af0f584052a1ed33cc,WAW,NCE,1390.481590073946,large_airport,large_airport,Air France,Business,1,One_way,1.0,980.0,904.0,16.0,Afternoon,Morning,2,5,0,1,0,1,5,0,1
1,2026-05-24,2026-05-25,44760e31486ad57a6a70d7cf0dcac203c4c215846515c0e4b53b6599e531209e,WAW,NCE,1390.481590073946,large_airport,large_airport,Air France,Business,1,One_way,2.0,550.0,911.0,12.0,Afternoon,Night,2,5,0,1,0,1,5,0,1
1,2026-05-24,2026-05-25,52c060fa6dcc8409cad3d2fbd9aa75ede1bd80e5f77b400d5f988e722e8d830b,WAW,NCE,1390.481590073946,large_airport,large_airport,Air France,Business,1,One_way,2.0,930.0,912.0,6.0,Morning,Night,2,5,0,1,0,1,5,0,1
1,2026-05-24,2026-05-25,c32164384aa2fa27b1a8229fbebd5037c68646d4bb02cf0181bdd7ef100a2245,WAW,NCE,1390.481590073946,large_airport,large_airport,British Airways,Business,1,One_way,1.0,745.0,987.0,8.0,Morning,Evening,2,5,0,1,0,1,5,0,1
1,2026-05-24,2026-05-25,841a3078d3fbf582f0d6be1e90baee41c57715e27999e911761eda404216920e,WAW,NCE,1390.481590073946,large_airport,large_airport,British Airways,Business,1,One_way,1.0,885.0,987.0,8.0,Morning,Night,2,5,0,1,0,1,5,0,1
1,2026-05-24,2026-05-25,c02fed5662872eb4f0a2db715d1a24238522f981eba0249ea97ff593c28271b4,WAW,NCE,1390.481590073946,large_airport,large_airport,KLM,Business,1,One_way,1.0,625.0,1052.0,6.0,Morning,Afternoon,2,5,0,1,0,1,5,0,1
1,2026-05-24,2026-05-25,b36f1af487f9a3c4685053d47eee5579315c820387e2ec67a85757e1a61360ee,WAW,NCE,1390.481590073946,large_airport,large_airport,Air France,Business,1,One_way,1.0,370.0,1145.0,16.0,Afternoon,Night,2,5,0,1,0,1,5,0,1
1,2026-05-24,2026-05-25,20a6826fe4b019f80d33156ecd82cbd9dfbbc69912211f3d0587983872ee4fc0,WAW,NCE,1390.481590073946,large_airport,large_airport,El Al,Business,1,One_way,1.0,980.0,1333.0,17.0,Evening,Morning,2,5,0,1,0,1,5,0,1
1,2026-05-24,2026-05-25,219f8a16629d54770f44f467871d5dabb66de987c9d6430902e8a6cae8b9bd2f,WAW,NCE,1390.481590073946,large_airport,large_airport,British Airways,Business,1,One_way,1.0,705.0,1342.0,8.0,Morning,Evening,2,5,0,1,0,1,5,0,1
1,2026-05-24,2026-05-25,ee245bb529d0916878d090793748bd49b06339394f255a6cfca89e94ee10c3f9,WAW,NCE,1390.481590073946,large_airport,large_airport,KLM,Business,1,One_way,1.0,330.0,1381.0,6.0,Morning,Morning,2,5,0,1,0,1,5,0,1
1,2026-05-24,2026-05-25,f4f6d146931ed85a502e76326096021b1f31d06ba068927d401366b02027e178,WAW,NCE,1390.481590073946,large_airport,large_airport,KLM,Business,1,One_way,1.0,750.0,1381.0,6.0,Morning,Evening,2,5,0,1,0,1,5,0,1
1,2026-05-24,2026-05-25,6df5826947f36d771843f4168e6cd1f45cd5f8df070e627e4060b78be0e916d9,WAW,NCE,1390.481590073946,large_airport,large_airport,KLM,Business,1,One_way,1.0,365.0,1381.0,12.0,Afternoon,Evening,2,5,0,1,0,1,5,0,1
1,2026-05-24,2026-05-25,5afe74853351cd95c2bfceaaf9088ed0c727b60440cbacebed7019a5c62f17b7,WAW,NCE,1390.481590073946,large_airport,large_airport,KLM,Business,1,One_way,1.0,600.0,1381.0,12.0,Afternoon,Night,2,5,0,1,0,1,5,0,1
1,2026-05-24,2026-05-25,e66918a98e29c56efafb1ddf39a20eb5db5d651d61191f81fd9651094366d866,WAW,NCE,1390.481590073946,large_airport,large_airport,Turkish Airlines,Business,1,One_way,1.0,500.0,1389.0,10.0,Morning,Evening,2,5,0,1,0,1,5,0,1
1,2026-05-24,2026-05-25,a95cc10607ec78020722f309a816281700d446d5458ec54b663037e118fdae97,WAW,NCE,1390.481590073946,large_airport,large_airport,Turkish Airlines,Business,1,One_way,1.0,1370.0,1389.0,10.0,Morning,Morning,2,5,0,1,0,1,5,0,1
1,2026-05-24,2026-05-25,5f95e429c35c6cbe2966b90aced96e3a47aaad97e554d7881ee573e73070bd3b,WAW,NCE,1390.481590073946,large_airport,large_airport,Turkish Airlines,Business,1,One_way,1.0,815.0,1389.0,19.0,Evening,Morning,2,5,0,1,0,1,5,0,1
1,2026-05-24,2026-05-25,6601f44758ffa8c2a193703ced9f91c78ca119ba79270d00275c0417b0e416f1,WAW,NCE,1390.481590073946,large_airport,large_airport,"Lufthansa, Lufthansa City Airlines, ITA",Business,1,One_way,2.0,510.0,1456.0,6.0,Morning,Afternoon,2,5,0,1,0,1,5,0,1
1,2026-05-24,2026-05-25,4a2f3193cf15241e700333311161744a6a41953f7a2520eafdbb5d82de23ad66,WAW,NCE,1390.481590073946,large_airport,large_airport,"Lufthansa, ITA",Business,1,One_way,2.0,510.0,1456.0,6.0,Morning,Afternoon,2,5,0,1,0,1,5,0,1
1,2026-05-24,2026-05-25,f5d0290cfc4c18927cb39b6de3360e7c937edf6e37d0153b2eeb4fe12a1fa392,WAW,NCE,1390.481590073946,large_airport,large_airport,"LOT, Lufthansa City Airlines, ITA",Business,1,One_way,2.0,420.0,1456.0,7.0,Morning,Afternoon,2,5,0,1,0,1,5,0,1
1,2026-05-24,2026-05-25,2a83a0d85b8bba6e498fa2c1d23a4e35d1fd6ffb4e584a04f1d13aa9059d649b,WAW,NCE,1390.481590073946,large_airport,large_airport,"Lufthansa, ITA",Business,1,One_way,2.0,465.0,1466.0,6.0,Morning,Afternoon,2,5,0,1,0,1,5,0,1
1,2026-05-24,2026-05-25,3954355c1d7bfd92b628a2a2521f2ac2745a3e3df1a2de3f7828305bcc102439,WAW,NCE,1390.481590073946,large_airport,large_airport,"LOT, Lufthansa, ITA",Business,1,One_way,2.0,410.0,1466.0,7.0,Morning,Afternoon,2,5,0,1,0,1,5,0,1
1,2026-05-24,2026-05-25,d8fd0f0a864ab80de4219a1b16a8532c6e85828b4ec32175b54523b2392cbe39,WAW,NCE,1390.481590073946,large_airport,large_airport,Air France,Business,1,One_way,1.0,1050.0,1490.0,16.0,Afternoon,Morning,2,5,0,1,0,1,5,0,1
1,2026-05-24,2026-05-25,551f0101b97ae7579fcfddfff6f07a28abe89c2982be15988c5de528a609fc93,WAW,NCE,1390.481590073946,large_airport,large_airport,British Airways,Business,1,One_way,1.0,535.0,1545.0,8.0,Morning,Evening,2,5,0,1,0,1,5,0,1
1,2026-05-24,2026-05-25,1008f3f669e63fffd2456ecd533dea5192179a5f5904c2f24071b4e7099e3092,WAW,NCE,1390.481590073946,large_airport,large_airport,Austrian,Business,1,One_way,1.0,830.0,1659.0,6.0,Morning,Evening,2,5,0,1,0,1,5,0,1
1,2026-05-24,2026-05-25,ede789b41b8e43511df7261ed9886334775b68a93b7a82f1c4a7a44e32048a93,WAW,NCE,1390.481590073946,large_airport,large_airport,"LOT, Austrian",Business,1,One_way,1.0,810.0,1659.0,7.0,Morning,Evening,2,5,0,1,0,1,5,0,1
1,2026-05-24,2026-05-25,78f7723bfb3fa94eb78d5ffe7dd5b2ff14cd9ba8030d6043f74c3a2443932ae0,WAW,NCE,1390.481590073946,large_airport,large_airport,Austrian,Business,1,One_way,1.0,735.0,1659.0,8.0,Morning,Evening,2,5,0,1,0,1,5,0,1
1,2026-05-24,2026-05-25,d0e78dbc45afa90f5d983ac6dc8b1e1227821eecd7608b4d8833e5fe960e264b,WAW,NCE,1390.481590073946,large_airport,large_airport,Austrian,Business,1,One_way,1.0,340.0,1659.0,15.0,Afternoon,Evening,2,5,0,1,0,1,5,0,1
1,2026-05-24,2026-05-25,37cbc6e175423a0f84b6dd5be0683d2bc37f9b5e4c97c6fddd18f3565620d14a,WAW,NCE,1390.481590073946,large_airport,large_airport,"LOT, SWISS",Business,1,One_way,1.0,370.0,1662.0,7.0,Morning,Afternoon,2,5,0,1,0,1,5,0,1
1,2026-05-24,2026-05-25,476ec0201e9ced7bd1b2d7c953efa580ed15af2e15c79feed6486689ca69a9e3,WAW,NCE,1390.481590073946,large_airport,large_airport,"LOT, SWISS",Business,1,One_way,1.0,645.0,1662.0,7.0,Morning,Evening,2,5,0,1,0,1,5,0,1
1,2026-05-24,2026-05-25,e94790f783f0b8f284d480c4d301b8c428c6a0a16ec1533be7c240fbd9e696b4,WAW,NCE,1390.481590073946,large_airport,large_airport,SWISS,Business,1,One_way,1.0,775.0,1662.0,19.0,Evening,Morning,2,5,0,1,0,1,5,0,1
1,2026-05-24,2026-05-25,6c9757db5667d7e20375286bf84aa8530dfb7f00a7199dea168a1c768d76ba30,WAW,NCE,1390.481590073946,large_airport,large_airport,SWISS,Business,1,One_way,1.0,860.0,1662.0,19.0,Evening,Morning,2,5,0,1,0,1,5,0,1
1,2026-05-24,2026-05-25,3863d4b70e71da4afc1ed8aa93b567364ab5fb7f1ce9f4209c1e49bdedc81cbc,WAW,NCE,1390.481590073946,large_airport,large_airport,Lufthansa,Business,1,One_way,1.0,615.0,1664.0,13.0,Afternoon,Night,2,5,0,1,0,1,5,0,1
1,2026-05-24,2026-05-25,a2c4258a09b04171bba641eb98bb60abbf7597c117396a95da292c63f930196d,WAW,NCE,1390.481590073946,large_airport,large_airport,"LOT, Lufthansa",Business,1,One_way,1.0,380.0,1664.0,17.0,Evening,Night,2,5,0,1,0,1,5,0,1
1,2026-05-24,2026-05-25,f6d6203ff2fb2729b43a0242abdf648b37a12ba8ce8fd5d93ff8fd99c2bf3cda,WAW,NCE,1390.481590073946,large_airport,large_airport,Lufthansa,Business,1,One_way,1.0,335.0,1664.0,17.0,Evening,Night,2,5,0,1,0,1,5,0,1
1,2026-05-24,2026-05-25,7583802a680cdbbb9a1fab193c0c94f7ce7932ae664f02b9ca482045843abef1,WAW,NCE,1390.481590073946,large_airport,large_airport,Brussels Airlines,Business,1,One_way,1.0,1130.0,1672.0,18.0,Evening,Afternoon,2,5,0,1,0,1,5,0,1
1,2026-05-24,2026-05-25,9d2ad7442e882d7fd1bada114c65ef7304c09e46802fc8cfa12c8f0bf2e89e9d,WAW,NCE,1390.481590073946,large_airport,large_airport,Brussels Airlines,Business,1,One_way,1.0,1295.0,1672.0,18.0,Evening,Afternoon,2,5,0,1,0,1,5,0,1
1,2026-05-24,2026-05-25,6b8d660d3a4e76c68d541c00f9939b31620e88169cd88daa12afdfd8efbfd017,WAW,NCE,1390.481590073946,large_airport,large_airport,Lufthansa,Business,1,One_way,1.0,420.0,1673.0,6.0,Morning,Afternoon,2,5,0,1,0,1,5,0,1
1,2026-05-24,2026-05-25,acad5af38c16289d6c7e13af50eaf1adf44b0f87e38dabfd5dae501453de018c,WAW,NCE,1390.481590073946,large_airport,large_airport,Lufthansa,Business,1,One_way,1.0,690.0,1673.0,6.0,Morning,Evening,2,5,0,1,0,1,5,0,1
1,2026-05-24,2026-05-25,2a49b927ace0d0f67be18f35ed93646c8709bf9ad6c581778d6469befd28a9b6,WAW,NCE,1390.481590073946,large_airport,large_airport,"LOT, Lufthansa",Business,1,One_way,1.0,365.0,1673.0,7.0,Morning,Afternoon,2,5,0,1,0,1,5,0,1
1,2026-05-24,2026-05-25,8e2bcae07371f3ad6d07aafaef4753da36e5280b1be4ad422891135dc09c9d33,WAW,NCE,1390.481590073946,large_airport,large_airport,"LOT, Lufthansa",Business,1,One_way,1.0,635.0,1673.0,7.0,Morning,Evening,2,5,0,1,0,1,5,0,1
1,2026-05-24,2026-05-25,7fad3bb3213f4d85ba91dd48b825bb9c3e194646f2a4d6841f009f5a54d76638,WAW,NCE,1390.481590073946,large_airport,large_airport,Lufthansa,Business,1,One_way,1.0,515.0,1673.0,9.0,Morning,Evening,2,5,0,1,0,1,5,0,1
1,2026-05-24,2026-05-25,0c675659a747c133904f4ad54df697d2c5bc9ac758a505a996b200c733675681,WAW,NCE,1390.481590073946,large_airport,large_airport,Lufthansa,Business,1,One_way,1.0,540.0,1673.0,14.0,Afternoon,Night,2,5,0,1,0,1,5,0,1
1,2026-05-24,2026-05-25,895d31241967336a8eda1a2b1dab5f19e1a9afbe2923e8083502ef33ab978b0d,WAW,NCE,1390.481590073946,large_airport,large_airport,"LOT, Lufthansa",Business,1,One_way,1.0,525.0,1673.0,14.0,Afternoon,Night,2,5,0,1,0,1,5,0,1
1,2026-05-24,2026-05-25,864c5b1201bc30f13023115b3535a9087d0543f330ea37ee1f3a21c1e526f05c,WAW,NCE,1390.481590073946,large_airport,large_airport,"LOT, Lufthansa",Business,1,One_way,1.0,375.0,1673.0,17.0,Evening,Night,2,5,0,1,0,1,5,0,1
1,2026-05-24,2026-05-25,72ff6dddd5915851e840629def2e106835d0f7605eb3066836e78a0d133f825d,WAW,NCE,1390.481590073946,large_airport,large_airport,"Lufthansa, Austrian",Business,1,One_way,2.0,660.0,1688.0,9.0,Morning,Evening,2,5,0,1,0,1,5,0,1
1,2026-05-24,2026-05-25,dba73ea39318b01e20fffb6941a53074049f1a74327d1923f7ed51cc90728376,WAW,NCE,1390.481590073946,large_airport,large_airport,"LOT, SWISS",Business,1,One_way,2.0,745.0,1752.0,7.0,Morning,Evening,2,5,0,1,0,1,5,0,1
1,2026-05-24,2026-05-25,52c0f6088547a6ba75b14b2ca247f7599c85de63517578a4d9e37ac3ff1e4fda,WAW,NCE,1390.481590073946,large_airport,large_airport,Lufthansa,Business,1,One_way,2.0,1005.0,1752.0,6.0,Morning,Night,2,5,0,1,0,1,5,0,1
1,2026-05-24,2026-05-25,29d088de58a2a2333d5a9935f0c2e046feceb579107124830f7b53e3ecd2a7fc,WAW,NCE,1390.481590073946,large_airport,large_airport,Lufthansa,Business,1,One_way,2.0,1035.0,1770.0,6.0,Morning,Night,2,5,0,1,0,1,5,0,1
1,2026-05-24,2026-05-25,665e09478e107b761e9c768a2bae79e41e49949f2375f33e34a4a115fa1aca9e,WAW,NCE,1390.481590073946,large_airport,large_airport,Austrian,Business,1,One_way,1.0,800.0,1871.0,19.0,Evening,Morning,2,5,0,1,0,1,5,0,1
1,2026-05-24,2026-05-25,92ba1d7aa7902b0edbcfccc79416a2201dbc269663d7b4fd9b4971d38dee225a,WAW,NCE,1390.481590073946,large_airport,large_airport,SWISS,Business,1,One_way,1.0,1360.0,1902.0,19.0,Evening,Evening,2,5,0,1,0,1,5,0,1
1,2026-05-24,2026-05-25,47ec8701c7be305a1b3d9ceebc25a55fc965dc71677ffc2f360507a4bf42bf78,WAW,NCE,1390.481590073946,large_airport,large_airport,Lufthansa,Business,1,One_way,1.0,1405.0,1902.0,13.0,Afternoon,Afternoon,2,5,0,1,0,1,5,0,1
1,2026-05-24,2026-05-25,9931211f8185cbc11bd20a62183b2c5930d631edc989acb7840c8203cc036bea,WAW,NCE,1390.481590073946,large_airport,large_airport,Lufthansa,Business,1,One_way,1.0,1125.0,1902.0,17.0,Evening,Afternoon,2,5,0,1,0,1,5,0,1
1,2026-05-24,2026-05-25,01a1c38c495bff5337f8bcf2672e7b2c4aa417e5d30756e4f832784009d634b1,WAW,NCE,1390.481590073946,large_airport,large_airport,Lufthansa,Business,1,One_way,1.0,1375.0,1911.0,19.0,Evening,Evening,2,5,0,1,0,1,5,0,1
1,2026-05-24,2026-05-25,fbf44d0547e58c00dd5744da6673115588a1f8e830464692154c257e577b06fc,WAW,NCE,1390.481590073946,large_airport,large_airport,"LOT, Lufthansa",Business,1,One_way,2.0,825.0,1977.0,22.0,Night,Afternoon,2,5,0,1,0,1,5,0,1
1,2026-05-24,2026-05-25,e71401d1083a9c00c5cd68787f385ac84f37bf708f28b1140c7f87cf4f9c158e,WAW,NCE,1390.481590073946,large_airport,large_airport,Lufthansa,Business,1,One_way,2.0,1050.0,1989.0,19.0,Evening,Afternoon,2,5,0,1,0,1,5,0,1
1,2026-05-24,2026-05-25,a85183bc5d563fcabdb9e05ef40c259a600f37a6c40aa7d3afc516cfc238b958,WAW,NCE,1390.481590073946,large_airport,large_airport,"Lufthansa, Brussels Airlines",Business,1,One_way,2.0,580.0,1995.0,6.0,Morning,Afternoon,2,5,0,1,0,1,5,0,1
1,2026-05-24,2026-05-25,86c95811d25add33abf958416b2c214daa3b37a821e20d4dcb0ecaf9e199618b,WAW,NCE,1390.481590073946,large_airport,large_airport,"LOT, Turkish Airlines",Business,1,One_way,1.0,550.0,2128.0,9.0,Morning,Evening,2,5,0,1,0,1,5,0,1
1,2026-05-24,2026-05-25,7a4a7189f6b4b36d617b44046b8b98b3bd76b06b2e9775c2ae852aa436fd077a,WAW,NCE,1390.481590073946,large_airport,large_airport,"LOT, Turkish Airlines",Business,1,One_way,1.0,1200.0,2128.0,12.0,Afternoon,Morning,2,5,0,1,0,1,5,0,1
1,2026-05-24,2026-05-25,98d74f2d7358494fd9549674f66adb2a58fc9c019ea0d57c571d84f4f2e9cfea,WAW,NCE,1390.481590073946,large_airport,large_airport,"LOT, Turkish Airlines",Business,1,One_way,1.0,1770.0,2128.0,12.0,Afternoon,Evening,2,5,0,1,0,1,5,0,1
1,2026-05-24,2026-05-25,09fbdc039e6c09c83669b95445880ca62ebdaa90eb24709eb57bf6b29ceeb601,WAW,NCE,1390.481590073946,large_airport,large_airport,"LOT, Lufthansa",Business,1,One_way,1.0,960.0,3318.0,20.0,Evening,Afternoon,2,5,0,1,0,1,5,0,1
1,2026-05-24,2026-05-25,8424e09a15230c657f8c5064dc3b58e6a7cac49734815542037176f5c866f0ab,WAW,NCE,1390.481590073946,large_airport,large_airport,"LOT, SWISS",Business,1,One_way,2.0,815.0,4876.0,20.0,Evening,Morning,2,5,0,1,0,1,5,0,1
1,2026-05-24,2026-05-25,6159262b5c987863f919157a11b26b86d821707e8ee9823e0944a6d4c2d08b54,KTW,ORY,1216.6200135769834,large_airport,large_airport,"Air Dolomiti, Lufthansa, ITA",Business,1,One_way,2.0,740.0,1168.0,6.0,Morning,Evening,2,5,0,1,0,1,5,0,1
1,2026-05-24,2026-05-25,c263aec3af7a0c97d90f8b8fe4574f142b235b5e715563b5729c22907979c85a,KTW,ORY,1216.6200135769834,large_airport,large_airport,LOT,Business,1,One_way,2.0,465.0,2797.0,11.0,Morning,Evening,2,5,0,1,0,1,5,0,1
1,2026-05-24,2026-05-25,5d543b536b972b81ad04626ffb57f913512420e0cb74c48bd005abab9a83a567,KTW,ORY,1216.6200135769834,large_airport,large_airport,"Air Dolomiti, ITA",Business,1,One_way,3.0,1135.0,1069.0,15.0,Afternoon,Morning,2,5,0,1,0,1,5,0,1
1,2026-05-24,2026-05-25,e6258debd648495ee6d1a2f91f6caffcc2dc81d148dc52e13d64de95173a70bd,KTW,ORY,1216.6200135769834,large_airport,large_airport,"Air Dolomiti, ITA",Business,1,One_way,2.0,740.0,1168.0,6.0,Morning,Evening,2,5,0,1,0,1,5,0,1
1,2026-05-24,2026-05-25,04baabc43b15fc31972a2c9810b578325bf1cd8e097789cdf5840bc9adbc5194,KTW,ORY,1216.6200135769834,large_airport,large_airport,"Air Dolomiti, Lufthansa, ITA",Business,1,One_way,2.0,1135.0,1168.0,15.0,Afternoon,Morning,2,5,0,1,0,1,5,0,1
1,2026-05-24,2026-05-25,44473c4d36185712a6537107f3192efde8fe4ffd0d190bd38b8ca20b28ede87a,KTW,ORY,1216.6200135769834,large_airport,large_airport,"Air Dolomiti, ITA",Business,1,One_way,2.0,1135.0,1168.0,15.0,Afternoon,Morning,2,5,0,1,0,1,5,0,1
1,2026-05-24,2026-05-25,14b47d769dcd747264c5023d743928b60a134679261c457d2e4283696ee43ad5,KTW,ORY,1216.6200135769834,large_airport,large_airport,"Air Dolomiti, Lufthansa, ITA",Business,1,One_way,3.0,1135.0,1247.0,15.0,Afternoon,Morning,2,5,0,1,0,1,5,0,1
1,2026-05-24,2026-05-25,77bed1d9dbf16a79e3392f9343c6ca565e70d0a0a8e1a762afcc5a50917595b0,KTW,ORY,1216.6200135769834,large_airport,large_airport,"Air Dolomiti, Austrian, ITA",Business,1,One_way,3.0,740.0,1482.0,6.0,Morning,Evening,2,5,0,1,0,1,5,0,1
1,2026-05-24,2026-05-25,4cc19231cb1bcf444b8d382c1039ec6a43ba3ba2230bbcfa26c8282be7bf9738,KTW,ORY,1216.6200135769834,large_airport,large_airport,"Air Dolomiti, Lufthansa, ITA",Business,1,One_way,3.0,740.0,1620.0,6.0,Morning,Evening,2,5,0,1,0,1,5,0,1
1,2026-05-24,2026-05-25,5b7cfe3eff588f6706e48bf2271f5d0b6723629a403eb6e14bb5d9f0c84106ad,KTW,ORY,1216.6200135769834,large_airport,large_airport,"LOT, ITA",Business,1,One_way,3.0,1320.0,2239.0,11.0,Morning,Morning,2,5,0,1,0,1,5,0,1
1,2026-05-24,2026-05-25,97fb577a500866072c423c7657cd997b32a6a1646d9b6a9ee697d0ad469619c4,KTW,ORY,1216.6200135769834,large_airport,large_airport,"LOT, ITA",Business,1,One_way,3.0,1125.0,2239.0,15.0,Afternoon,Morning,2,5,0,1,0,1,5,0,1
1,2026-05-24,2026-05-25,5136531fc734e6d12bd82820d92b8d65b2dfb1de1d4ddcaf61f4ee0ef22f5498,KTW,ORY,1216.6200135769834,large_airport,large_airport,"LOT, Lufthansa, ITA",Business,1,One_way,3.0,1320.0,2471.0,11.0,Morning,Morning,2,5,0,1,0,1,5,0,1
1,2026-05-24,2026-05-25,a0c3d52ca0d51b3fc4ba65622b8aee1911e44a6428d31aa83fb219e754f6a05b,KTW,ORY,1216.6200135769834,large_airport,large_airport,"LOT, Lufthansa, ITA",Business,1,One_way,3.0,1125.0,2471.0,15.0,Afternoon,Morning,2,5,0,1,0,1,5,0,1
1,2026-05-24,2026-05-25,ffc30738c563ef133ccfe088520a4bc9ad245c8f8f4f2bab1f36e05122b361f6,KTW,ORY,1216.6200135769834,large_airport,large_airport,"LOT, Austrian, ITA",Business,1,One_way,3.0,1320.0,2700.0,11.0,Morning,Morning,2,5,0,1,0,1,5,0,1
1,2026-05-24,2026-05-25,1265a083dd0c1682ae6cf0a6990e1f451a9ccd3d34464a3b3172a0d9e709704c,KTW,ORY,1216.6200135769834,large_airport,large_airport,"LOT, Austrian, ITA",Business,1,One_way,3.0,1125.0,2700.0,15.0,Afternoon,Morning,2,5,0,1,0,1,5,0,1
1,2026-05-24,2026-05-25,60f0f6e793319e50c8b42d7602766da97d494596a51c52e29e7d88712442f49f,KTW,ORY,1216.6200135769834,large_airport,large_airport,LOT,Business,1,One_way,2.0,1710.0,2760.0,15.0,Afternoon,Evening,2,5,0,1,0,1,5,0,1
1,2026-05-24,2026-05-25,c222868e54f0d697ae5faf702b8db9fca7c5dc5e3793b51fad48df9f2f5c2742,KTW,ORY,1216.6200135769834,large_airport,large_airport,LOT,Business,1,One_way,2.0,670.0,2797.0,8.0,Morning,Evening,2,5,0,1,0,1,5,0,1
1,2026-05-24,2026-05-25,39c6321cb836f750aeaf55cf849b7ef60bbe8e748f85328b041a642e45f31c49,KTW,ORY,1216.6200135769834,large_airport,large_airport,"Air Dolomiti, Brussels Airlines, ITA",Business,1,One_way,3.0,740.0,3809.0,6.0,Morning,Evening,2,5,0,1,0,1,5,0,1
1,2026-05-24,2026-05-25,21ff4b2702adf482533a7ba01ab5224b7373d73d235d8dd4de84139a9ba40623,KTW,ORY,1216.6200135769834,large_airport,large_airport,"LOT, Tap Air Portugal",Economy,1,One_way,2.0,1090.0,727.0,15.0,Afternoon,Morning,2,5,0,1,0,1,5,0,1
1,2026-05-24,2026-05-25,c76f2316a0f0867b78d2d1a4b76f6b1ddbba238b7867f99c0f23329cdbb91e6f,KTW,ORY,1216.6200135769834,large_airport,large_airport,"Air Dolomiti, Lufthansa, ITA",Economy,1,One_way,2.0,1135.0,658.0,15.0,Afternoon,Morning,2,5,0,1,0,1,5,0,1
1,2026-05-24,2026-05-25,4ebac7926cffc52115fac4913c7aeaafd5b075427d38b1c4f8923bfed98ea733,KTW,ORY,1216.6200135769834,large_airport,large_airport,"Air Dolomiti, ITA",Economy,1,One_way,3.0,1135.0,745.0,15.0,Afternoon,Morning,2,5,0,1,0,1,5,0,1
1,2026-05-24,2026-05-25,970b836bc94725c33fe5ae95162ac914b00ace8554a378f7840e0ccac2de9677,KTW,ORY,1216.6200135769834,large_airport,large_airport,"Air Dolomiti, ITA",Economy,1,One_way,2.0,740.0,754.0,6.0,Morning,Evening,2,5,0,1,0,1,5,0,1
1,2026-05-24,2026-05-25,71384557c28565fb17d11d2506fce09650541d35e30b09746341f32df01613cf,KTW,ORY,1216.6200135769834,large_airport,large_airport,"Air Dolomiti, ITA",Economy,1,One_way,2.0,1135.0,754.0,15.0,Afternoon,Morning,2,5,0,1,0,1,5,0,1
1,2026-05-24,2026-05-25,270aad8840b06f8872a76f4f032a45362531892f9eb8dfc997c9b3bf3329c6c8,KTW,ORY,1216.6200135769834,large_airport,large_airport,"LOT, Tap Air Portugal",Economy,1,One_way,2.0,1190.0,773.0,15.0,Afternoon,Morning,2,5,0,1,0,1,5,0,1
1,2026-05-24,2026-05-25,6af5749959cb21c68408cd7137445ad9e7eb8cd10519c9236c5a154925aa13cb,KTW,ORY,1216.6200135769834,large_airport,large_airport,"Air Dolomiti, Lufthansa, ITA",Economy,1,One_way,3.0,1135.0,798.0,15.0,Afternoon,Morning,2,5,0,1,0,1,5,0,1
1,2026-05-24,2026-05-25,7bc12c29dcc3300cf92c6f642e1a37e9291bfbf1a12614bf3bc54c8843bf8d91,KTW,ORY,1216.6200135769834,large_airport,large_airport,"Air Dolomiti, Lufthansa, ITA",Economy,1,One_way,2.0,740.0,799.0,6.0,Morning,Evening,2,5,0,1,0,1,5,0,1
1,2026-05-24,2026-05-25,27ae3964b22a7193f989539fb6dda789116eb1791e12970a07b23b52628450bc,KTW,ORY,1216.6200135769834,large_airport,large_airport,"LOT, Tap Air Portugal",Economy,1,One_way,2.0,1745.0,870.0,15.0,Afternoon,Evening,2,5,0,1,0,1,5,0,1
1,2026-05-24,2026-05-25,b7de7cc900105027ee4e8d3971238ab5fe03774f4fd49415e184b3f3ff4f8f55,KTW,ORY,1216.6200135769834,large_airport,large_airport,"LOT, Tap Air Portugal",Economy,1,One_way,2.0,1350.0,885.0,15.0,Afternoon,Afternoon,2,5,0,1,0,1,5,0,1
1,2026-05-24,2026-05-25,03126a1915a85a4ed2c04305cee674d76bb00d4b9916cc56786cf8a4307d274f,KTW,ORY,1216.6200135769834,large_airport,large_airport,"LOT, Tap Air Portugal",Economy,1,One_way,2.0,1660.0,889.0,15.0,Afternoon,Evening,2,5,0,1,0,1,5,0,1
1,2026-05-24,2026-05-25,6ab0f2a45702f27c65a226c3c4455654ec7d2bb5a97355918bd0ffa58fb89b88,KTW,ORY,1216.6200135769834,large_airport,large_airport,"LOT, Tap Air Portugal",Economy,1,One_way,2.0,1825.0,889.0,15.0,Afternoon,Night,2,5,0,1,0,1,5,0,1
1,2026-05-24,2026-05-25,8aa39705113031b51e7ab16c7d4e96efc2645d73eda310bdf1de1afe8d931ebf,KTW,ORY,1216.6200135769834,large_airport,large_airport,"Air Dolomiti, Austrian, ITA",Economy,1,One_way,3.0,740.0,992.0,6.0,Morning,Evening,2,5,0,1,0,1,5,0,1
1,2026-05-24,2026-05-25,9691e52b2c625806a5718d3a0bdf5695ab6ae784e946eade5b88f2e1f7b832bc,KTW,ORY,1216.6200135769834,large_airport,large_airport,"Air Dolomiti, Lufthansa, ITA",Economy,1,One_way,3.0,740.0,1023.0,6.0,Morning,Evening,2,5,0,1,0,1,5,0,1
1,2026-05-24,2026-05-25,6b10542082e15232a6aa7773e2de6db0babcf8355c06e89d3356170fbf340412,KTW,ORY,1216.6200135769834,large_airport,large_airport,"LOT, Tap Air Portugal",Economy,1,One_way,2.0,1480.0,1100.0,15.0,Afternoon,Afternoon,2,5,0,1,0,1,5,0,1
1,2026-05-24,2026-05-25,87e53e2f04125d0784ec688e63175aa1f386faeca4953f525ebad251c076bdc5,KTW,ORY,1216.6200135769834,large_airport,large_airport,"LOT, ITA",Economy,1,One_way,3.0,1320.0,1729.0,11.0,Morning,Morning,2,5,0,1,0,1,5,0,1
1,2026-05-24,2026-05-25,852be33b38f2f5ea7754745307aeec59cbf1efd9d495be474580610e2e65bd6e,KTW,ORY,1216.6200135769834,large_airport,large_airport,"LOT, ITA",Economy,1,One_way,3.0,1125.0,1729.0,15.0,Afternoon,Morning,2,5,0,1,0,1,5,0,1
1,2026-05-24,2026-05-25,14abd7d1fb56ff3cbe4b101d62adec3bd11bece7e008f643e0b4ad07c1111f16,KTW,ORY,1216.6200135769834,large_airport,large_airport,"LOT, Lufthansa, ITA",Economy,1,One_way,3.0,1320.0,1881.0,11.0,Morning,Morning,2,5,0,1,0,1,5,0,1
1,2026-05-24,2026-05-25,184de25953990f7c9b47bfc20b6b43866dedf3f157bf14a391c0110f16c1f238,KTW,ORY,1216.6200135769834,large_airport,large_airport,"Air Dolomiti, Brussels Airlines, ITA",Economy,1,One_way,3.0,740.0,1902.0,6.0,Morning,Evening,2,5,0,1,0,1,5,0,1
1,2026-05-24,2026-05-25,1af5742c632917445d409fc725683553e50432d196a59076d6d63ec612049f61,KTW,ORY,1216.6200135769834,large_airport,large_airport,"LOT, Austrian, ITA",Economy,1,One_way,3.0,1320.0,2013.0,11.0,Morning,Morning,2,5,0,1,0,1,5,0,1
1,2026-05-24,2026-05-25,ecdcee3452e7a6633deea85ef8644163c92f56681118e9c7436ee5efdf9578af,KTW,ORY,1216.6200135769834,large_airport,large_airport,LOT,Economy,1,One_way,2.0,670.0,2628.0,8.0,Morning,Evening,2,5,0,1,0,1,5,0,1
1,2026-05-24,2026-05-25,36ce68440b54b3de67c9566df5ecdb1b33c84dd702307f1a61ea111dc81a1df2,KTW,ORY,1216.6200135769834,large_airport,large_airport,LOT,Economy,1,One_way,2.0,465.0,2628.0,11.0,Morning,Evening,2,5,0,1,0,1,5,0,1
1,2026-05-24,2026-05-25,9135adc6c86da05204a7b73421c85ed6361952248a4347e982b46071bd7bf468,KTW,MRS,1308.1241923104174,large_airport,large_airport,"Air Dolomiti, Lufthansa",Economy,1,One_way,1.0,475.0,388.0,15.0,Afternoon,Night,2,5,0,1,0,1,5,0,1
1,2026-05-24,2026-05-25,e31137e5c9d994f9c88c92da8fd209ddcadfe1b9505c540d088945c6c84fff11,KTW,MRS,1308.1241923104174,large_airport,large_airport,"Air Dolomiti, Austrian",Economy,1,One_way,2.0,790.0,511.0,6.0,Morning,Evening,2,5,0,1,0,1,5,0,1
1,2026-05-24,2026-05-25,61d730c47d81ade30cdec83d0e6502c6fa50f5e97f0056d0f015079aeb209799,KTW,MRS,1308.1241923104174,large_airport,large_airport,"LOT, Brussels Airlines",Economy,1,One_way,2.0,465.0,602.0,15.0,Afternoon,Night,2,5,0,1,0,1,5,0,1
1,2026-05-24,2026-05-25,e8a7a821db86e522f31cd25f8217bef37f9b0f273440d9a31a2abfce2b7349f1,KTW,MRS,1308.1241923104174,large_airport,large_airport,"Air Dolomiti, Lufthansa",Economy,1,One_way,1.0,1005.0,406.0,6.0,Morning,Night,2,5,0,1,0,1,5,0,1
1,2026-05-24,2026-05-25,57e2aed3dd9aaf7fcd16e9769a4862f3effce732effce71f4d4187331623888a,KTW,MRS,1308.1241923104174,large_airport,large_airport,"Air Dolomiti, Lufthansa",Economy,1,One_way,1.0,1150.0,476.0,15.0,Afternoon,Morning,2,5,0,1,0,1,5,0,1
1,2026-05-24,2026-05-25,d24df656056f29833f62451427dc9972bba2ade4b1458843897e63243f4bd5bc,KTW,MRS,1308.1241923104174,large_airport,large_airport,"Air Dolomiti, Lufthansa",Economy,1,One_way,1.0,1615.0,476.0,15.0,Afternoon,Evening,2,5,0,1,0,1,5,0,1
1,2026-05-24,2026-05-25,6e84ba0b03bd93cdcc387d72e2046fc91b7875897e4fe3084c97a1a1043e3363,KTW,MRS,1308.1241923104174,large_airport,large_airport,"LOT, Brussels Airlines",Economy,1,One_way,2.0,865.0,602.0,8.0,Morning,Night,2,5,0,1,0,1,5,0,1
1,2026-05-24,2026-05-25,6fc8a9478a0a3594b896d7b60e9bb0328fde87fc7d554210efd4a5024b98b28d,KTW,MRS,1308.1241923104174,large_airport,large_airport,"LOT, Brussels Airlines",Economy,1,One_way,2.0,660.0,602.0,11.0,Morning,Night,2,5,0,1,0,1,5,0,1
1,2026-05-24,2026-05-25,4703b10ae2e5adcb53b41b2345a888bc1f6cf1f4cef365330d1a8627ec43e277,KTW,MRS,1308.1241923104174,large_airport,large_airport,"LOT, SWISS",Economy,1,One_way,2.0,1470.0,602.0,8.0,Morning,Morning,2,5,0,1,0,1,5,0,1
1,2026-05-24,2026-05-25,0c80ebfa7ed1c3f3079a532cf0a91f06b4bdcd8ebe54ab3e0eb9541dda14f7bb,KTW,MRS,1308.1241923104174,large_airport,large_airport,"LOT, SWISS",Economy,1,One_way,2.0,1265.0,602.0,11.0,Morning,Morning,2,5,0,1,0,1,5,0,1
1,2026-05-24,2026-05-25,3665cd5914fa7e27f956938bbda0d912018161dc899e21b74b66cdf9672126b0,KTW,MRS,1308.1241923104174,large_airport,large_airport,"LOT, SWISS",Economy,1,One_way,2.0,1070.0,602.0,15.0,Afternoon,Morning,2,5,0,1,0,1,5,0,1
1,2026-05-24,2026-05-25,ac7209e42a1481c63844b13385ce14ccef690f602738e02434e6fb5a3da17002,KTW,MRS,1308.1241923104174,large_airport,large_airport,"Air Dolomiti, Lufthansa",Economy,1,One_way,1.0,715.0,696.0,6.0,Morning,Evening,2,5,0,1,0,1,5,0,1
1,2026-05-24,2026-05-25,b3c41633b226243788c948ed454f3f806aa877f7671387aa5482ea7dcd800c9e,KTW,MRS,1308.1241923104174,large_airport,large_airport,"Air Dolomiti, Lufthansa, SWISS",Economy,1,One_way,2.0,720.0,1200.0,6.0,Morning,Evening,2,5,0,1,0,1,5,0,1
1,2026-05-24,2026-05-25,1916f4931254a0f352d2a320be58b48d5bd5e8013a0038f9b90c222d4419582c,KTW,MRS,1308.1241923104174,large_airport,large_airport,"Air Dolomiti, SWISS",Economy,1,One_way,2.0,720.0,1200.0,6.0,Morning,Evening,2,5,0,1,0,1,5,0,1
1,2026-05-24,2026-05-25,33be6448ce725663b7ce1921af31c771d0a8a78f51099fab3110485a9a73ba69,KTW,MRS,1308.1241923104174,large_airport,large_airport,"Air Dolomiti, Brussels Airlines",Economy,1,One_way,2.0,395.0,1269.0,6.0,Morning,Afternoon,2,5,0,1,0,1,5,0,1
1,2026-05-24,2026-05-25,20ab287eb269f897ca892a034a90610f60579dbad39bc11695f360ea2a63f9cc,KTW,MRS,1308.1241923104174,large_airport,large_airport,"LOT, Lufthansa",Economy,1,One_way,2.0,465.0,1300.0,15.0,Afternoon,Night,2,5,0,1,0,1,5,0,1
1,2026-05-24,2026-05-25,9cf8cc199d807fc2656b4dd13aff4eaf0b2e49c4005ac1a48644d7f033fc19e3,KTW,NCE,1173.213296547304,large_airport,large_airport,"LOT, Scandinavian Airlines",Premium economy,1,One_way,2.0,1240.0,7025.0,11.0,Morning,Morning,2,5,0,1,0,1,5,0,1
1,2026-05-24,2026-05-25,8afa7efc740baedd180676543405ea13cb6c6bdab8aa15e41b0423fd4431a320,KTW,NCE,1173.213296547304,large_airport,large_airport,"LOT, Scandinavian Airlines",Premium economy,1,One_way,2.0,1045.0,7025.0,15.0,Afternoon,Morning,2,5,0,1,0,1,5,0,1
1,2026-05-24,2026-05-25,eacf913674eb1b5419129c942a7ce64b46e5dfa099b4567b88410d32ee760056,KTW,NCE,1173.213296547304,large_airport,large_airport,,Premium economy,1,One_way,,,0.0,,,,2,5,0,1,0,1,5,0,1
1,2026-05-24,2026-05-25,bd51a32d2af73049743e134f29ff7c9f491413cf80f9ebf6f194f637cd258f9a,KTW,MRS,1308.1241923104174,large_airport,large_airport,"Air Dolomiti, Lufthansa",Business,1,One_way,1.0,475.0,883.0,15.0,Afternoon,Night,2,5,0,1,0,1,5,0,1
1,2026-05-24,2026-05-25,f13528a9e8db96c030b60c5e99010b44a0e3f563c177459db024eb2fc450f69e,KTW,MRS,1308.1241923104174,large_airport,large_airport,"Air Dolomiti, Austrian",Business,1,One_way,2.0,790.0,978.0,6.0,Morning,Evening,2,5,0,1,0,1,5,0,1
1,2026-05-24,2026-05-25,1201585951930eda0af608330e2a53e470a215a77f4626d407d452a0d3064fc9,KTW,MRS,1308.1241923104174,large_airport,large_airport,"LOT, Brussels Airlines",Business,1,One_way,2.0,465.0,1418.0,15.0,Afternoon,Night,2,5,0,1,0,1,5,0,1
1,2026-05-24,2026-05-25,1d676ac42a7cc850b47f82d3c99dab5285dda3ca53569dfe3d080e5cf49537b4,KTW,MRS,1308.1241923104174,large_airport,large_airport,"Air Dolomiti, Lufthansa",Business,1,One_way,1.0,1005.0,901.0,6.0,Morning,Night,2,5,0,1,0,1,5,0,1
1,2026-05-24,2026-05-25,4112b78aa5ec6ab0b39c3ae36eb1a19cd926d89493e3959887be38a1f13c5019,KTW,MRS,1308.1241923104174,large_airport,large_airport,"Air Dolomiti, Lufthansa",Business,1,One_way,1.0,1150.0,1028.0,15.0,Afternoon,Morning,2,5,0,1,0,1,5,0,1
1,2026-05-24,2026-05-25,1f8dc0bd3db719c8e62797bb8bd84e6cd8884e39c73e8ca92fa14e0a2b539f37,KTW,MRS,1308.1241923104174,large_airport,large_airport,"Air Dolomiti, Lufthansa",Business,1,One_way,1.0,1615.0,1028.0,15.0,Afternoon,Evening,2,5,0,1,0,1,5,0,1
1,2026-05-24,2026-05-25,6c76fcbbba9a2cd6de4a04074dfceef06fdc86664289597f01863a2b8dfff8db,KTW,MRS,1308.1241923104174,large_airport,large_airport,"Air Dolomiti, Lufthansa",Business,1,One_way,1.0,715.0,1207.0,6.0,Morning,Evening,2,5,0,1,0,1,5,0,1
1,2026-05-24,2026-05-25,7d903beddc1f720dff92211ae6c2f0dd5e80737f11c85087492bc3a244118e04,KTW,MRS,1308.1241923104174,large_airport,large_airport,"LOT, Brussels Airlines",Business,1,One_way,2.0,865.0,1418.0,8.0,Morning,Night,2,5,0,1,0,1,5,0,1
1,2026-05-24,2026-05-25,4dc9edab007921fbc9d468ccd499606c05f076568e03564217ea89ca1bd92740,KTW,MRS,1308.1241923104174,large_airport,large_airport,"LOT, Brussels Airlines",Business,1,One_way,2.0,660.0,1418.0,11.0,Morning,Night,2,5,0,1,0,1,5,0,1
1,2026-05-24,2026-05-25,ecba1f33d15ccb1a82b063116dcce8f2dc70b9088d1d9aef267f1c752f42a194,KTW,MRS,1308.1241923104174,large_airport,large_airport,"LOT, SWISS",Business,1,One_way,2.0,1470.0,1418.0,8.0,Morning,Morning,2,5,0,1,0,1,5,0,1
1,2026-05-24,2026-05-25,f08fc32c50619d71ece8f4f10bacd49e487ad631d9bdc90fc051330e589f2d13,KTW,MRS,1308.1241923104174,large_airport,large_airport,"LOT, SWISS",Business,1,One_way,2.0,1265.0,1418.0,11.0,Morning,Morning,2,5,0,1,0,1,5,0,1
1,2026-05-24,2026-05-25,f1f28795dc211ab5e7862e835d37bd1eacaa6fc61edc4dc82c5b87fa23553d55,KTW,MRS,1308.1241923104174,large_airport,large_airport,"LOT, SWISS",Business,1,One_way,2.0,1070.0,1418.0,15.0,Afternoon,Morning,2,5,0,1,0,1,5,0,1
1,2026-05-24,2026-05-25,bea241c1892687996a42fd93da09fc73db1515a7f1406a4dd7b336cb30b04a26,KTW,MRS,1308.1241923104174,large_airport,large_airport,"LOT, Brussels Airlines",Business,1,One_way,2.0,1490.0,1437.0,11.0,Morning,Afternoon,2,5,0,1,0,1,5,0,1
1,2026-05-24,2026-05-25,2c5ea8976c1e8dab91b7f986d42f25db9b5b3d76e4bd87e7beaea76232529185,KTW,MRS,1308.1241923104174,large_airport,large_airport,"LOT, British Airways",Business,1,One_way,2.0,1310.0,1800.0,11.0,Morning,Morning,2,5,0,1,0,1,5,0,1
1,2026-05-24,2026-05-25,fa3c44e4e65877c060b773be81348d3896bc844331904c77439f3a31dc1d4aff,KTW,MRS,1308.1241923104174,large_airport,large_airport,"LOT, SWISS, Lufthansa",Business,1,One_way,3.0,660.0,1859.0,11.0,Morning,Night,2,5,0,1,0,1,5,0,1
1,2026-05-24,2026-05-25,e2424574917558599da769e0da10290846526d81a00b0d7cb4f4bae54717b7d1,KTW,MRS,1308.1241923104174,large_airport,large_airport,"Air Dolomiti, Brussels Airlines",Business,1,One_way,2.0,395.0,2372.0,6.0,Morning,Afternoon,2,5,0,1,0,1,5,0,1
1,2026-05-24,2026-05-25,8170dc13bb0f4d4b21c399a3f811d32f42071767d24abc0f50d07bd2ab2b1ac1,KTW,MRS,1308.1241923104174,large_airport,large_airport,"Air Dolomiti, Lufthansa",Business,1,One_way,1.0,1680.0,2582.0,6.0,Morning,Morning,2,5,0,1,0,1,5,0,1
1,2026-05-24,2026-05-25,cc46c21ef6a478641b4d70d42967095a306e34c8b52a7ca6443a7b9479d5744b,KTW,MRS,1308.1241923104174,large_airport,large_airport,"Air Dolomiti, Lufthansa",Business,1,One_way,1.0,1895.0,2582.0,15.0,Afternoon,Night,2,5,0,1,0,1,5,0,1
1,2026-05-24,2026-05-25,fce1dad7b0f93bd05886541c3aeffadc694eb0e9b39b9385cb2cfdb1369142ae,KTW,MRS,1308.1241923104174,large_airport,large_airport,"Air Dolomiti, Lufthansa, SWISS",Business,1,One_way,2.0,720.0,2668.0,6.0,Morning,Evening,2,5,0,1,0,1,5,0,1
1,2026-05-24,2026-05-25,647009c9c4697ef2733706a5e8737c0c01e9ac0444ec5efe6c15c55cfb3eac89,KTW,MRS,1308.1241923104174,large_airport,large_airport,"Air Dolomiti, SWISS",Business,1,One_way,2.0,720.0,2668.0,6.0,Morning,Evening,2,5,0,1,0,1,5,0,1
1,2026-05-24,2026-05-25,6cea7ebe2d2fa5cdb7299f2ad61eca6074a2d0e110cbf9fb93f82b7aef8f199b,KTW,MRS,1308.1241923104174,large_airport,large_airport,"Air Dolomiti, SWISS",Business,1,One_way,2.0,1080.0,2668.0,15.0,Afternoon,Morning,2,5,0,1,0,1,5,0,1
1,2026-05-24,2026-05-25,a4540cdfc78a07b0dbaf90c72fcde9dca702f3fe7ff7b9a3ba199310928ed659,KTW,MRS,1308.1241923104174,large_airport,large_airport,"Air Dolomiti, Brussels Airlines",Business,1,One_way,2.0,1005.0,2795.0,6.0,Morning,Night,2,5,0,1,0,1,5,0,1
1,2026-05-24,2026-05-25,177b7ddebf255d4e853a6b8ed433993d5cc556c00675a9ab57ddba3aefca2e8b,KTW,MRS,1308.1241923104174,large_airport,large_airport,"Air Dolomiti, Lufthansa, Eurowings, SWISS",Business,1,One_way,3.0,720.0,2807.0,6.0,Morning,Evening,2,5,0,1,0,1,5,0,1
1,2026-05-24,2026-05-25,de2f4143822848a7b0c9a027189f61b9eddc1a91927193182af8b30c506178e6,KTW,NCE,1173.213296547304,large_airport,large_airport,"Air Dolomiti, Lufthansa",Business,1,One_way,1.0,455.0,886.0,6.0,Morning,Afternoon,2,5,0,1,0,1,5,0,1
1,2026-05-24,2026-05-25,953dc46e2085b52f48620cb9902b4dab6f107ebae67d5de7c6bce0fa9831265d,KTW,NCE,1173.213296547304,large_airport,large_airport,"Air Dolomiti, Lufthansa",Business,1,One_way,1.0,495.0,886.0,15.0,Afternoon,Night,2,5,0,1,0,1,5,0,1
1,2026-05-24,2026-05-25,beaa154fb82eef41420c637d90ec0c28eae7d1896b49ddab68a3a923ed204e0b,KTW,NCE,1173.213296547304,large_airport,large_airport,"Air Dolomiti, Lufthansa, ITA",Business,1,One_way,2.0,500.0,997.0,6.0,Morning,Afternoon,2,5,0,1,0,1,5,0,1
1,2026-05-24,2026-05-25,562ce55c820b2a2ee6fba265487c95fdd5c070bf92f343c99b9db4ab992cfec7,KTW,NCE,1173.213296547304,large_airport,large_airport,"Air Dolomiti, Lufthansa",Business,1,One_way,1.0,725.0,886.0,6.0,Morning,Evening,2,5,0,1,0,1,5,0,1
1,2026-05-24,2026-05-25,c370f3814d6896acad4d6fea20ae5b09b199cc0d9b80edcc92f1dc4531f8229a,KTW,NCE,1173.213296547304,large_airport,large_airport,"Air Dolomiti, Lufthansa",Business,1,One_way,1.0,1025.0,904.0,6.0,Morning,Night,2,5,0,1,0,1,5,0,1
1,2026-05-24,2026-05-25,af4eef29651332c37ee1baaceea21f4a422cbd90965c05f14a8a1c4a4c868ab4,KTW,NCE,1173.213296547304,large_airport,large_airport,"Air Dolomiti, Lufthansa",Business,1,One_way,1.0,1620.0,1031.0,6.0,Morning,Morning,2,5,0,1,0,1,5,0,1
1,2026-05-24,2026-05-25,f27f5bc23825838f70aea99657a20acf32334339b852d61df11d5bcaaeef55a1,KTW,NCE,1173.213296547304,large_airport,large_airport,"Air Dolomiti, Lufthansa",Business,1,One_way,1.0,1090.0,1031.0,15.0,Afternoon,Morning,2,5,0,1,0,1,5,0,1
1,2026-05-24,2026-05-25,7a0288cfbacb9ced85f83586a4ca492320633caec9dab916f6beb7751a1b983f,KTW,NCE,1173.213296547304,large_airport,large_airport,"Air Dolomiti, Lufthansa",Business,1,One_way,1.0,1625.0,1031.0,15.0,Afternoon,Evening,2,5,0,1,0,1,5,0,1
1,2026-05-24,2026-05-25,5dd697a17990d4647d815488941748f2dbc0c1158255f439486fe11c015f8855,KTW,NCE,1173.213296547304,large_airport,large_airport,"Air Dolomiti, Austrian",Business,1,One_way,2.0,870.0,1098.0,6.0,Morning,Evening,2,5,0,1,0,1,5,0,1
1,2026-05-24,2026-05-25,16d8d8a5362ad1844365dcfe00a5b0e6df6172684a56e6f7a11fa4c616944e10,KTW,NCE,1173.213296547304,large_airport,large_airport,LOT,Business,1,One_way,1.0,1520.0,1204.0,8.0,Morning,Morning,2,5,0,1,0,1,5,0,1
1,2026-05-24,2026-05-25,90d78185fd9d81b73bb55b8d5f0c6aade78af5a5ad2af6b8c91eb6d86ac0ff8d,KTW,NCE,1173.213296547304,large_airport,large_airport,LOT,Business,1,One_way,1.0,1315.0,1204.0,11.0,Morning,Morning,2,5,0,1,0,1,5,0,1
1,2026-05-24,2026-05-25,ce607f96ffc2fc402fe558c719383a1c8efa54ba6d3712f429e5e370ee652d91,KTW,NCE,1173.213296547304,large_airport,large_airport,LOT,Business,1,One_way,1.0,1120.0,1204.0,15.0,Afternoon,Morning,2,5,0,1,0,1,5,0,1
1,2026-05-24,2026-05-25,d8e020be3919d1391ba4ae3bf6e4122748b83a5af2cdcfe78998e50917a9e1f8,KTW,NCE,1173.213296547304,large_airport,large_airport,"Air Dolomiti, Lufthansa",Business,1,One_way,2.0,510.0,1291.0,15.0,Afternoon,Night,2,5,0,1,0,1,5,0,1
1,2026-05-24,2026-05-25,b8ff449366308d260891de680bfae0de7add44c193c8e331f3890af474df0864,KTW,NCE,1173.213296547304,large_airport,large_airport,"Air Dolomiti, Lufthansa",Business,1,One_way,2.0,1040.0,1309.0,6.0,Morning,Night,2,5,0,1,0,1,5,0,1
1,2026-05-24,2026-05-25,d5cc9b0e338f2928adbb845c26f9872c3575cce4b3aec33c4ac7265dd2f77110,KTW,NCE,1173.213296547304,large_airport,large_airport,"Air Dolomiti, Austrian",Business,1,One_way,2.0,1080.0,1389.0,15.0,Afternoon,Morning,2,5,0,1,0,1,5,0,1
1,2026-05-24,2026-05-25,5708df7da8fd7c0e8cd83a286865cbfccd2e0fcfb41d916fd5975d2490f0c9a4,KTW,NCE,1173.213296547304,large_airport,large_airport,"LOT, SWISS",Business,1,One_way,2.0,1445.0,1423.0,8.0,Morning,Morning,2,5,0,1,0,1,5,0,1
1,2026-05-24,2026-05-25,5471bb322d17e817fc2037f76a0c8b55b5a3c7c703f23656cf284b050d41cf09,KTW,NCE,1173.213296547304,large_airport,large_airport,"LOT, SWISS",Business,1,One_way,2.0,1240.0,1423.0,11.0,Morning,Morning,2,5,0,1,0,1,5,0,1
1,2026-05-24,2026-05-25,3e9f5d553f9702d0cdb8ae120a2408b24f98f6f90f43905bf6d00bb9aa106da1,KTW,NCE,1173.213296547304,large_airport,large_airport,"LOT, SWISS",Business,1,One_way,2.0,1325.0,1423.0,11.0,Morning,Morning,2,5,0,1,0,1,5,0,1
1,2026-05-24,2026-05-25,71029694ff0cf0e99bf942b5ac82021f613e6a9dd97e8dc8a9d27b7c589d29a5,KTW,NCE,1173.213296547304,large_airport,large_airport,"Air Dolomiti, Lufthansa",Business,1,One_way,2.0,1300.0,1428.0,15.0,Afternoon,Afternoon,2,5,0,1,0,1,5,0,1
1,2026-05-24,2026-05-25,533e7d05a25ffb164878dd9bcc3a837d99bd4c8f410ccc3083446a11096b40ee,KTW,NCE,1173.213296547304,large_airport,large_airport,"Air Dolomiti, Lufthansa",Business,1,One_way,1.0,1370.0,1787.0,15.0,Afternoon,Afternoon,2,5,0,1,0,1,5,0,1
1,2026-05-24,2026-05-25,c2be84c9352fc6bbd96535766d084f4a2e581fa4de3775fbd511f89d8682b797,KTW,NCE,1173.213296547304,large_airport,large_airport,"LOT, El Al",Business,1,One_way,2.0,1115.0,1826.0,15.0,Afternoon,Morning,2,5,0,1,0,1,5,0,1
1,2026-05-24,2026-05-25,7a5ed00100057408684a936a9d23404b5e9f77ffe9f764a6f56521849635adf3,KTW,NCE,1173.213296547304,large_airport,large_airport,"LOT, SWISS, Lufthansa",Business,1,One_way,3.0,680.0,1947.0,11.0,Morning,Night,2,5,0,1,0,1,5,0,1
1,2026-05-24,2026-05-25,869b521fe1ab1d6412fd5cd17aaef905cd76c8e7ed7c16601d8db73d324e6e6b,KTW,NCE,1173.213296547304,large_airport,large_airport,"LOT, Turkish Airlines",Business,1,One_way,2.0,1065.0,2543.0,15.0,Afternoon,Morning,2,5,0,1,0,1,5,0,1
1,2026-05-24,2026-05-25,2d8426c25ce6a8ebe7df128ccef12a8f03713fa69a01af275477a516b1b316e9,KTW,NCE,1173.213296547304,large_airport,large_airport,"Air Dolomiti, Luxair",Business,1,One_way,2.0,510.0,2611.0,6.0,Morning,Afternoon,2,5,0,1,0,1,5,0,1
1,2026-05-24,2026-05-25,e8a0ff6772130e6cb252c0bd086f3cfd7928d93de6b54694b77089b3d8b2c802,KTW,NCE,1173.213296547304,large_airport,large_airport,"Air Dolomiti, Lufthansa, SWISS",Business,1,One_way,2.0,730.0,2677.0,6.0,Morning,Evening,2,5,0,1,0,1,5,0,1
1,2026-05-24,2026-05-25,37ee70cd0ddc62046a342c6af9f671972a8a73288ba22ec1f6c788e1ac7321f8,KTW,NCE,1173.213296547304,large_airport,large_airport,"Air Dolomiti, Brussels Airlines",Business,1,One_way,2.0,405.0,2927.0,6.0,Morning,Afternoon,2,5,0,1,0,1,5,0,1
1,2026-05-24,2026-05-25,7f8245887ffabf9f27d10dc8e9944ce1d605615c94210ed6d49826f8757a4e1c,KTW,NCE,1173.213296547304,large_airport,large_airport,"Air Dolomiti, Brussels Airlines",Business,1,One_way,2.0,570.0,2927.0,6.0,Morning,Afternoon,2,5,0,1,0,1,5,0,1
1,2026-05-24,2026-05-25,3437507f4f8beb175531eee211918260184b0769a6a0265f5156385b7617e0c5,KTW,NCE,1173.213296547304,large_airport,large_airport,LOT,Economy,1,One_way,1.0,250.0,274.0,11.0,Morning,Afternoon,2,5,0,1,0,1,5,0,1
1,2026-05-24,2026-05-25,ab303f9db4ec9967f6d2aa7e478124df0566b8ce77976959347641d49f0e65de,KTW,NCE,1173.213296547304,large_airport,large_airport,"Air Dolomiti, Lufthansa",Economy,1,One_way,1.0,455.0,339.0,6.0,Morning,Afternoon,2,5,0,1,0,1,5,0,1
1,2026-05-24,2026-05-25,37d4c505050f7299b6624c1d4d98cb025838468d9fabd0a77fd3efc5569a3925,KTW,NCE,1173.213296547304,large_airport,large_airport,"Air Dolomiti, Lufthansa",Economy,1,One_way,1.0,495.0,339.0,15.0,Afternoon,Night,2,5,0,1,0,1,5,0,1
1,2026-05-24,2026-05-25,95a712a30cc48707a973e5e1788d2b222acd5d28f8e32fac596d6a5952f389fc,KTW,NCE,1173.213296547304,large_airport,large_airport,LOT,Economy,1,One_way,1.0,1120.0,391.0,15.0,Afternoon,Morning,2,5,0,1,0,1,5,0,1
1,2026-05-24,2026-05-25,1af7e510f77600421da082e992382f7a4ae97b5d360dc24b04e85d8436257162,KTW,NCE,1173.213296547304,large_airport,large_airport,"Air Dolomiti, Lufthansa, ITA",Economy,1,One_way,2.0,500.0,451.0,6.0,Morning,Afternoon,2,5,0,1,0,1,5,0,1
1,2026-05-24,2026-05-25,ad8ea30778dcf106999eb8047eba65b439f08e6e2581f98d12c72c9b9771126c,KTW,NCE,1173.213296547304,large_airport,large_airport,LOT,Economy,1,One_way,1.0,455.0,274.0,8.0,Morning,Afternoon,2,5,0,1,0,1,5,0,1
1,2026-05-24,2026-05-25,2947ef4a765eb25b3f175d7d40a8d8e625a13025a29d0655215a9253586ddbfc,KTW,NCE,1173.213296547304,large_airport,large_airport,"Air Dolomiti, Lufthansa",Economy,1,One_way,1.0,725.0,339.0,6.0,Morning,Evening,2,5,0,1,0,1,5,0,1
1,2026-05-24,2026-05-25,53380bba3943a912be67d8f4357f4f1a841c999e30b8dd3135ba2143a51d44eb,KTW,NCE,1173.213296547304,large_airport,large_airport,"Air Dolomiti, Lufthansa",Economy,1,One_way,1.0,1025.0,357.0,6.0,Morning,Night,2,5,0,1,0,1,5,0,1
1,2026-05-24,2026-05-25,ebbd099d26d524bd6379f8f704900a48068b0739ced480245acd8a4e397bd5f8,KTW,NCE,1173.213296547304,large_airport,large_airport,LOT,Economy,1,One_way,1.0,1520.0,391.0,8.0,Morning,Morning,2,5,0,1,0,1,5,0,1
1,2026-05-24,2026-05-25,c630ecae9d184c00a71f29576f0dc59603fab0962ee76744f05986c9a48cc827,KTW,NCE,1173.213296547304,large_airport,large_airport,LOT,Economy,1,One_way,1.0,1315.0,391.0,11.0,Morning,Morning,2,5,0,1,0,1,5,0,1
1,2026-05-24,2026-05-25,61c7ffb72d330bcf2abc2d4010068fe0d7a31df05f78cc1146cd907bfb72826e,KTW,NCE,1173.213296547304,large_airport,large_airport,"Air Dolomiti, Lufthansa",Economy,1,One_way,1.0,1090.0,429.0,15.0,Afternoon,Morning,2,5,0,1,0,1,5,0,1
1,2026-05-24,2026-05-25,4ad68905f11ae91e3e3527dc20486f15fcbfc6c79fc57b536f329ef08c08e467,KTW,NCE,1173.213296547304,large_airport,large_airport,"Air Dolomiti, Lufthansa",Economy,1,One_way,1.0,1370.0,480.0,15.0,Afternoon,Afternoon,2,5,0,1,0,1,5,0,1
1,2026-05-24,2026-05-25,5ecce2019fe8d13d3ab016c0ca4421b88e64b197d281e354b627f15e603d53df,KTW,NCE,1173.213296547304,large_airport,large_airport,"Air Dolomiti, Lufthansa",Economy,1,One_way,2.0,510.0,602.0,15.0,Afternoon,Night,2,5,0,1,0,1,5,0,1
1,2026-05-24,2026-05-25,f43dc51cd4adb80c578323cc75b7b9206445fe9437102117d8766bc795386917,KTW,NCE,1173.213296547304,large_airport,large_airport,"Air Dolomiti, Austrian",Economy,1,One_way,2.0,870.0,635.0,6.0,Morning,Evening,2,5,0,1,0,1,5,0,1
1,2026-05-24,2026-05-25,18258e7dacbe99b277fe4f978f2eff4a1dfcd04e46af204a582be4af2550c194,KTW,NCE,1173.213296547304,large_airport,large_airport,"LOT, Turkish Airlines",Economy,1,One_way,2.0,1065.0,982.0,15.0,Afternoon,Morning,2,5,0,1,0,1,5,0,1
1,2026-05-24,2026-05-25,e9f1a4c237bdb5975de8a8e8578723f4ef3e4d5cc6ce5ad25524dce5ce0b2ce8,KTW,NCE,1173.213296547304,large_airport,large_airport,"Air Dolomiti, Brussels Airlines",Economy,1,One_way,2.0,405.0,1316.0,6.0,Morning,Afternoon,2,5,0,1,0,1,5,0,1
1,2026-05-24,2026-05-25,021c22571e34ca4be8030f75b86d4baa41d4ba8136664e8dfcbbce0ad8becc10,KTW,NCE,1173.213296547304,large_airport,large_airport,"LOT, El Al",Economy,1,One_way,2.0,1115.0,1826.0,15.0,Afternoon,Morning,2,5,0,1,0,1,5,0,1
2,2026-05-24,2026-05-26,e15e27bcf484b4d0456808c092f2c26aa549ab541a3026105da3af1fb30b0950,KRK,CDG,1246.0836651616955,large_airport,large_airport,easyJet,Economy,1,One_way,0.0,140.0,99.0,9.0,Morning,Afternoon,3,5,0,1,0,1,5,0,1
2,2026-05-24,2026-05-26,fd6d69c366e081f775cd3d760a7b150e7a901e666ec362461ddc4ee7a1276fed,KRK,CDG,1246.0836651616955,large_airport,large_airport,easyJet,Economy,1,One_way,0.0,140.0,99.0,21.0,Night,Night,3,5,0,1,0,1,5,0,1
2,2026-05-24,2026-05-26,cf21e44a188480bca0b80bcf9873c51a7f95fdb9369ae18d451e6dff10103563,KRK,CDG,1246.0836651616955,large_airport,large_airport,LOT,Economy,1,One_way,1.0,235.0,244.0,14.0,Afternoon,Evening,3,5,0,1,0,1,5,0,1
2,2026-05-24,2026-05-26,54ef310496fb0a6b6c9abb47239888a5455102a7f6ce65c91923274255c06f9e,KRK,CDG,1246.0836651616955,large_airport,large_airport,SWISS,Economy,1,One_way,1.0,235.0,249.0,14.0,Afternoon,Evening,3,5,0,1,0,1,5,0,1
2,2026-05-24,2026-05-26,f6a32261e4edfe80ef09607161efe04286e02325d2b31cc419b8b9bf1f8ba116,KRK,CDG,1246.0836651616955,large_airport,large_airport,Norwegian,Economy,1,One_way,1.0,425.0,219.0,14.0,Afternoon,Night,3,5,0,1,0,1,5,0,1
2,2026-05-24,2026-05-26,650e213c40f09527363515d06d2e0b880be6b8cc0c7fdede396be601f10a7a19,KRK,CDG,1246.0836651616955,large_airport,large_airport,Norwegian,Economy,1,One_way,1.0,305.0,225.0,15.0,Afternoon,Night,3,5,0,1,0,1,5,0,1
2,2026-05-24,2026-05-26,976da18d39f5a620f93b5133f844fc61eb4a717ed8054d0c3b55da0f22c15472,KRK,CDG,1246.0836651616955,large_airport,large_airport,LOT,Economy,1,One_way,1.0,395.0,244.0,12.0,Afternoon,Evening,3,5,0,1,0,1,5,0,1
2,2026-05-24,2026-05-26,cebd02683aad24850fcf3986022c00ed10bd1ce31b4510798189159bf9b862f1,KRK,CDG,1246.0836651616955,large_airport,large_airport,LOT,Economy,1,One_way,1.0,305.0,244.0,13.0,Afternoon,Evening,3,5,0,1,0,1,5,0,1
2,2026-05-24,2026-05-26,7ea91903a3fa648ff087b7c02b15f688bbf9b4c2f56ff8b736f154037ac042be,KRK,CDG,1246.0836651616955,large_airport,large_airport,LOT,Economy,1,One_way,1.0,260.0,244.0,18.0,Evening,Night,3,5,0,1,0,1,5,0,1
2,2026-05-24,2026-05-26,83c609c39e5175990ce8d03d485c1b251264106b12a49adf27159651697e4ebb,KRK,CDG,1246.0836651616955,large_airport,large_airport,Austrian,Economy,1,One_way,1.0,270.0,247.0,14.0,Afternoon,Evening,3,5,0,1,0,1,5,0,1
2,2026-05-24,2026-05-26,32690ee1e874988416548da614eb82646c04c809db191c88a20d1371a2ba0de9,KRK,CDG,1246.0836651616955,large_airport,large_airport,Austrian,Economy,1,One_way,1.0,455.0,247.0,14.0,Afternoon,Night,3,5,0,1,0,1,5,0,1
2,2026-05-24,2026-05-26,2ebce29cca57bf8a39541c6daa144d3f60710f994f11d1306fca2d23c0f6111f,KRK,CDG,1246.0836651616955,large_airport,large_airport,Lufthansa,Economy,1,One_way,1.0,230.0,249.0,13.0,Afternoon,Evening,3,5,0,1,0,1,5,0,1
2,2026-05-24,2026-05-26,cf5e71e1611549c6ade670ff9455444693793c6cc38a599da456f21e71843d34,KRK,CDG,1246.0836651616955,large_airport,large_airport,Lufthansa,Economy,1,One_way,1.0,315.0,259.0,12.0,Afternoon,Evening,3,5,0,1,0,1,5,0,1
2,2026-05-24,2026-05-26,58dfa778eb46ec3edbd65f034585d353a6ee97713bb0d05d3c96a555b1d9fe14,KRK,CDG,1246.0836651616955,large_airport,large_airport,SWISS,Economy,1,One_way,1.0,760.0,261.0,20.0,Evening,Morning,3,5,0,1,0,1,5,0,1
2,2026-05-24,2026-05-26,3a41304b8c62501f2c966c67aa416b7d1af994d83f4fec174661bb29e499742a,KRK,CDG,1246.0836651616955,large_airport,large_airport,KLM,Economy,1,One_way,1.0,430.0,294.0,6.0,Morning,Afternoon,3,5,0,1,0,1,5,0,1
2,2026-05-24,2026-05-26,f675762c8957bef0f997b8704a50b3b88b915674cb0ade288a2acfe5b5553b4a,KRK,CDG,1246.0836651616955,large_airport,large_airport,"KLM, Air France",Economy,1,One_way,1.0,265.0,296.0,6.0,Morning,Morning,3,5,0,1,0,1,5,0,1
2,2026-05-24,2026-05-26,f2a955ffb2077775354e0e1c3dc8e2df208e7bda4d758b330f9e2d1663448490,KRK,CDG,1246.0836651616955,large_airport,large_airport,"KLM, Air France",Economy,1,One_way,1.0,330.0,296.0,6.0,Morning,Afternoon,3,5,0,1,0,1,5,0,1
2,2026-05-24,2026-05-26,34dd31e09d0e317731158b134c5e8071f18b1c85163af8e01e23ac9778127d07,KRK,CDG,1246.0836651616955,large_airport,large_airport,"KLM, Air France",Economy,1,One_way,1.0,250.0,296.0,11.0,Morning,Afternoon,3,5,0,1,0,1,5,0,1
2,2026-05-24,2026-05-26,53db008dd63ee5ea7a598948e408da4d01875362d3115ff805f455afb40a0d63,KRK,CDG,1246.0836651616955,large_airport,large_airport,KLM,Economy,1,One_way,1.0,355.0,296.0,11.0,Morning,Evening,3,5,0,1,0,1,5,0,1
2,2026-05-24,2026-05-26,62767679bce567c0989fc783a3a5c77115ecbbf19fc176ed1902c05ef796eef7,KRK,CDG,1246.0836651616955,large_airport,large_airport,KLM,Economy,1,One_way,1.0,435.0,296.0,11.0,Morning,Evening,3,5,0,1,0,1,5,0,1
2,2026-05-24,2026-05-26,4694fe43ea61aa7541792fad0d209ed337d0460f3c6356682ad940ae9fb5a51f,KRK,CDG,1246.0836651616955,large_airport,large_airport,"KLM, Air France",Economy,1,One_way,1.0,495.0,296.0,11.0,Morning,Evening,3,5,0,1,0,1,5,0,1
2,2026-05-24,2026-05-26,95a3e91ad9cfc6f31a646ea34980a5645ffd1862083bde973d63ba79648b7931,KRK,CDG,1246.0836651616955,large_airport,large_airport,KLM,Economy,1,One_way,1.0,300.0,296.0,14.0,Afternoon,Evening,3,5,0,1,0,1,5,0,1
2,2026-05-24,2026-05-26,60744f403db59b9883129f93b502719b0facc9ad41eb149cd3c5283689d37043,KRK,CDG,1246.0836651616955,large_airport,large_airport,"KLM, Air France",Economy,1,One_way,1.0,360.0,296.0,14.0,Afternoon,Evening,3,5,0,1,0,1,5,0,1
2,2026-05-24,2026-05-26,7529b61ea9060b97968bc9ec882fd7be9fad9ee4565f8a1fdc1b17fa2b35c187,KRK,CDG,1246.0836651616955,large_airport,large_airport,"KLM, Air France",Economy,1,One_way,1.0,465.0,296.0,14.0,Afternoon,Night,3,5,0,1,0,1,5,0,1
2,2026-05-24,2026-05-26,3a672cf555818064e80c41cacd1827f28caed29d3bab8344ee736f3dd2d2a97a,KRK,CDG,1246.0836651616955,large_airport,large_airport,Norwegian,Economy,1,One_way,1.0,510.0,304.0,12.0,Afternoon,Evening,3,5,0,1,0,1,5,0,1
2,2026-05-24,2026-05-26,86912aba71702fb76026d16fad8f5933560bfd2144354ecd021602c920aa10c3,KRK,CDG,1246.0836651616955,large_airport,large_airport,SWISS,Economy,1,One_way,1.0,515.0,318.0,14.0,Afternoon,Night,3,5,0,1,0,1,5,0,1
2,2026-05-24,2026-05-26,c9a69402e2283700ba57443d368793f9af072b94e84a126a2be4ec17e37298dd,KRK,CDG,1246.0836651616955,large_airport,large_airport,Scandinavian Airlines,Premium economy,1,One_way,1.0,770.0,600.0,20.0,Evening,Morning,3,5,0,1,0,1,5,0,1
2,2026-05-24,2026-05-26,3f1321459e6415c1d6dd2a3987a2a6e20f494f587e8491b952fc7d1d5391c0f8,KRK,CDG,1246.0836651616955,large_airport,large_airport,"Scandinavian Airlines, Lufthansa",Premium economy,1,One_way,2.0,720.0,3798.0,10.0,Morning,Night,3,5,0,1,0,1,5,0,1
2,2026-05-24,2026-05-26,e9fe3e9f4cf64d8c91aaa6ecb250a397831c91f3d9c7e84743b839f6dce9844a,KRK,CDG,1246.0836651616955,large_airport,large_airport,"Scandinavian Airlines, Lufthansa",Premium economy,1,One_way,2.0,470.0,5573.0,10.0,Morning,Evening,3,5,0,1,0,1,5,0,1
2,2026-05-24,2026-05-26,e3153b69c9f55e56b5663b0a2f0685a065c504d8bd984b49b47f3e8d4ba8233b,KRK,CDG,1246.0836651616955,large_airport,large_airport,"Scandinavian Airlines, Lufthansa",Premium economy,1,One_way,2.0,525.0,5573.0,10.0,Morning,Evening,3,5,0,1,0,1,5,0,1
2,2026-05-24,2026-05-26,3522cfa9f9b190693d3762c9bdba55b2d40eabf0bbb13d00413aeb6c07cf3e94,KRK,CDG,1246.0836651616955,large_airport,large_airport,,Premium economy,1,One_way,,,0.0,,,,3,5,0,1,0,1,5,0,1
2,2026-05-24,2026-05-26,6b852d3b178ac8e4e24a240605ef84b664bb12ca46f54259154f6090d58b0259,KRK,ORY,1265.5297301624755,large_airport,large_airport,LOT,Business,1,One_way,0.0,150.0,734.0,17.0,Evening,Evening,3,5,0,1,0,1,5,0,1
2,2026-05-24,2026-05-26,61ab768ccbdd3377499337a51b77b64591aa74cb656151bfd09f9428157dc95c,KRK,ORY,1265.5297301624755,large_airport,large_airport,"Lufthansa, ITA",Business,1,One_way,2.0,545.0,1114.0,12.0,Afternoon,Night,3,5,0,1,0,1,5,0,1
2,2026-05-24,2026-05-26,f3b4d15a96910a6fa66471ae8af11e5d13c9fc03b6afcdad43ed2e876ece96ae,KRK,ORY,1265.5297301624755,large_airport,large_airport,"LOT, ITA",Business,1,One_way,2.0,530.0,1361.0,9.0,Morning,Evening,3,5,0,1,0,1,5,0,1
2,2026-05-24,2026-05-26,b9891719eb892bd52ab230a2f334e00257fc574284f8861e37eee70f933c00b0,KRK,ORY,1265.5297301624755,large_airport,large_airport,"British Airways, Vueling",Business,1,One_way,1.0,1315.0,1026.0,19.0,Evening,Evening,3,5,0,1,0,1,5,0,1
2,2026-05-24,2026-05-26,da96edfc711c43ece8388b1e8c8b5249f147ea6780cdefeafd78ad1467ce4668,KRK,ORY,1265.5297301624755,large_airport,large_airport,"LOT, ITA",Business,1,One_way,2.0,725.0,1126.0,9.0,Morning,Night,3,5,0,1,0,1,5,0,1
2,2026-05-24,2026-05-26,4a235aa846d59aa65a3aa8ee593283c82101ca598a01a788022da24a06d18178,KRK,ORY,1265.5297301624755,large_airport,large_airport,"Lufthansa, ITA",Business,1,One_way,2.0,635.0,1975.0,11.0,Morning,Night,3,5,0,1,0,1,5,0,1
2,2026-05-24,2026-05-26,fe36733463d4c7abbebe7eaa77bb4971d55ca84c4a6d9706d53255e3544fea40,KRK,ORY,1265.5297301624755,large_airport,large_airport,"British Airways, Iberia",Business,1,One_way,2.0,1065.0,2604.0,19.0,Evening,Afternoon,3,5,0,1,0,1,5,0,1
2,2026-05-24,2026-05-26,ca23b8d97201d63825a1975558471e7c10927208a78e50e5abf395225146e6bb,KRK,ORY,1265.5297301624755,large_airport,large_airport,"British Airways, Iberia",Business,1,One_way,2.0,1165.0,2604.0,19.0,Evening,Afternoon,3,5,0,1,0,1,5,0,1
2,2026-05-24,2026-05-26,3d7030ee1bd120d0b578b3528a429ba46531600e72a16fca140f5a6ea1f4aa35,KRK,ORY,1265.5297301624755,large_airport,large_airport,"British Airways, Iberia",Business,1,One_way,2.0,1250.0,2604.0,19.0,Evening,Afternoon,3,5,0,1,0,1,5,0,1
2,2026-05-24,2026-05-26,70b372689940971bba4d08099104fd16e785dc4937e2fda20fc6be222351a223,KRK,ORY,1265.5297301624755,large_airport,large_airport,"Lufthansa, ITA",Business,1,One_way,2.0,750.0,3891.0,6.0,Morning,Evening,3,5,0,1,0,1,5,0,1
2,2026-05-24,2026-05-26,2a526f2a0d98be8eadb4ae1f6388cca1ea54266ac9e3eef5868c9b225ec22943,KRK,ORY,1265.5297301624755,large_airport,large_airport,"Lufthansa, ITA",Business,1,One_way,2.0,500.0,3891.0,13.0,Afternoon,Night,3,5,0,1,0,1,5,0,1
2,2026-05-24,2026-05-26,ba9bd0051397c304eea7613cecd896768d8fcd3990cfd411619855cb44a5206a,KRK,ORY,1265.5297301624755,large_airport,large_airport,"Lufthansa, Air Dolomiti, ITA",Business,1,One_way,2.0,750.0,3897.0,6.0,Morning,Evening,3,5,0,1,0,1,5,0,1
2,2026-05-24,2026-05-26,d9b8e0d9ee121fbe151bd7ff9f2ffa90c11c0bd9a7bc0750d8118898740113e6,KRK,ORY,1265.5297301624755,large_airport,large_airport,LOT,Economy,1,One_way,0.0,150.0,225.0,17.0,Evening,Evening,3,5,0,1,0,1,5,0,1
2,2026-05-24,2026-05-26,79d18e904e154e7c350400ddd1fcbe64a06f43af4729897910181dd4f2d75d10,KRK,ORY,1265.5297301624755,large_airport,large_airport,"British Airways, Vueling",Economy,1,One_way,1.0,1315.0,713.0,19.0,Evening,Evening,3,5,0,1,0,1,5,0,1
2,2026-05-24,2026-05-26,fc8ad122e9dc7df10dd6abe552ece547f86b95c2d0b0bacbea695b037f682044,KRK,ORY,1265.5297301624755,large_airport,large_airport,"LOT, ITA",Economy,1,One_way,2.0,530.0,877.0,9.0,Morning,Evening,3,5,0,1,0,1,5,0,1
2,2026-05-24,2026-05-26,c4f63f597afc87c5cb3add684294b48afd26ea267d26942acc9a5132588b207f,KRK,ORY,1265.5297301624755,large_airport,large_airport,"Lufthansa, ITA",Economy,1,One_way,2.0,635.0,978.0,11.0,Morning,Night,3,5,0,1,0,1,5,0,1
2,2026-05-24,2026-05-26,a597a840c69c32b435e36a59d2530dcee4d42de83204229df0db77288dca083e,KRK,ORY,1265.5297301624755,large_airport,large_airport,"Lufthansa, ITA",Economy,1,One_way,2.0,545.0,978.0,12.0,Afternoon,Night,3,5,0,1,0,1,5,0,1
2,2026-05-24,2026-05-26,5d518def2d4b7e8976df1b171581735a908a251f539c4183d62d5bf33eea90bf,KRK,ORY,1265.5297301624755,large_airport,large_airport,"LOT, ITA",Economy,1,One_way,2.0,725.0,1323.0,9.0,Morning,Night,3,5,0,1,0,1,5,0,1
2,2026-05-24,2026-05-26,733fdf82ecf628cd6e79c4337b20a9a065957fd732e28aaf74aacffbf61a6593,KRK,ORY,1265.5297301624755,large_airport,large_airport,"Lufthansa, ITA",Economy,1,One_way,2.0,750.0,1701.0,6.0,Morning,Evening,3,5,0,1,0,1,5,0,1
2,2026-05-24,2026-05-26,123a42b6d056e2bebdb0b9adcacd159d012485690e4812faaf451156cfed13e8,KRK,ORY,1265.5297301624755,large_airport,large_airport,"Lufthansa, Air Dolomiti, ITA",Economy,1,One_way,2.0,750.0,1701.0,6.0,Morning,Evening,3,5,0,1,0,1,5,0,1
2,2026-05-24,2026-05-26,8820ec4a7b2e9f7e784d7c993852ca53b403dc0ac88e25b75e69329451636ebe,KRK,ORY,1265.5297301624755,large_airport,large_airport,"Lufthansa, ITA",Economy,1,One_way,2.0,945.0,1701.0,6.0,Morning,Night,3,5,0,1,0,1,5,0,1
2,2026-05-24,2026-05-26,2f0e020fe373a0b1eadcd1a1bdd9ad217b680ab6ccbb0f4ea4e85665709febb5,KRK,ORY,1265.5297301624755,large_airport,large_airport,"Lufthansa, Air Dolomiti, ITA",Economy,1,One_way,2.0,945.0,1701.0,6.0,Morning,Night,3,5,0,1,0,1,5,0,1
2,2026-05-24,2026-05-26,830a67523abb02aab3909bd7fe1175588355f0e29456c2ded63bd2ea128f5354,KRK,ORY,1265.5297301624755,large_airport,large_airport,"Lufthansa, ITA",Economy,1,One_way,2.0,500.0,1701.0,13.0,Afternoon,Night,3,5,0,1,0,1,5,0,1
2,2026-05-24,2026-05-26,20f326fbf45eed36c011deb5dba37957852ae04928d7e8247433d95cd8b5b902,KRK,ORY,1265.5297301624755,large_airport,large_airport,"British Airways, Iberia",Economy,1,One_way,2.0,1065.0,2003.0,19.0,Evening,Afternoon,3,5,0,1,0,1,5,0,1
2,2026-05-24,2026-05-26,14929c9081ba3fbce0d8d69cf7f6a5ed469310cc0c655c54860a6b8238656d8e,KRK,ORY,1265.5297301624755,large_airport,large_airport,"British Airways, Iberia",Economy,1,One_way,2.0,1250.0,2003.0,19.0,Evening,Afternoon,3,5,0,1,0,1,5,0,1
2,2026-05-24,2026-05-26,df4802f8d0dbd31fd625e09920899be40b03afe3c0ff0c3fe2583504f616d77d,KRK,ORY,1265.5297301624755,large_airport,large_airport,"British Airways, Iberia",Economy,1,One_way,2.0,1165.0,2125.0,19.0,Evening,Afternoon,3,5,0,1,0,1,5,0,1
2,2026-05-24,2026-05-26,9237d6f29f12393a197d9557a6a575fb805f7d73b8c6f2ffa2405b8b710846d1,KRK,MRS,1329.5761584710265,large_airport,large_airport,KLM,Economy,1,One_way,1.0,300.0,282.0,6.0,Morning,Morning,3,5,0,1,0,1,5,0,1
2,2026-05-24,2026-05-26,590f1431d6ecec24352b416948e7a418ed2aae3a31d66fcf7b58e2cce4dd14f8,KRK,MRS,1329.5761584710265,large_airport,large_airport,KLM,Economy,1,One_way,1.0,290.0,341.0,11.0,Morning,Afternoon,3,5,0,1,0,1,5,0,1
2,2026-05-24,2026-05-26,8427a3621fedd45ee46215b71db13daa3c8d644b15aaf254e00ca9f6d556f894,KRK,MRS,1329.5761584710265,large_airport,large_airport,KLM,Economy,1,One_way,1.0,290.0,341.0,17.0,Evening,Night,3,5,0,1,0,1,5,0,1
2,2026-05-24,2026-05-26,a2954f36166b2ce406aade5cfd60bbba8e8dad5268bd52a93d0cb58492a78843,KRK,MRS,1329.5761584710265,large_airport,large_airport,Lufthansa,Economy,1,One_way,1.0,315.0,396.0,12.0,Afternoon,Evening,3,5,0,1,0,1,5,0,1
2,2026-05-24,2026-05-26,932f0a0723de8e2d0cdc4d1f0110d7ee404a287741846175c21836423dc5a1bc,KRK,MRS,1329.5761584710265,large_airport,large_airport,Turkish Airlines,Economy,1,One_way,1.0,780.0,255.0,20.0,Evening,Morning,3,5,0,1,0,1,5,0,1
2,2026-05-24,2026-05-26,17642204cf44249f21b19769d4eeb441289b491f57783d3fb93ff3ce85fe4b6e,KRK,MRS,1329.5761584710265,large_airport,large_airport,Turkish Airlines,Economy,1,One_way,1.0,1295.0,255.0,20.0,Evening,Evening,3,5,0,1,0,1,5,0,1
2,2026-05-24,2026-05-26,f624fa42f0aabf6e3d069f51889595ee26dd5520c10d3035a56bdb657dcb3c65,KRK,MRS,1329.5761584710265,large_airport,large_airport,KLM,Economy,1,One_way,1.0,520.0,270.0,14.0,Afternoon,Night,3,5,0,1,0,1,5,0,1
2,2026-05-24,2026-05-26,05f454377efa9a450ea2b6ad0a6d78a1ac413325d4438cdbd264293357559eb7,KRK,MRS,1329.5761584710265,large_airport,large_airport,KLM,Economy,1,One_way,1.0,975.0,282.0,6.0,Morning,Night,3,5,0,1,0,1,5,0,1
2,2026-05-24,2026-05-26,c3134195b842b4fef33cdaa3e864f0c154afa643492e75fa9e440fc80929a476,KRK,MRS,1329.5761584710265,large_airport,large_airport,KLM,Economy,1,One_way,1.0,655.0,300.0,11.0,Morning,Night,3,5,0,1,0,1,5,0,1
2,2026-05-24,2026-05-26,f9cbf7037b9aacdd99cc6c10ae5bb3b7687631c045f08f0e7474272917e118fc,KRK,MRS,1329.5761584710265,large_airport,large_airport,"KLM, Air France",Economy,1,One_way,2.0,905.0,316.0,6.0,Morning,Night,3,5,0,1,0,1,5,0,1
2,2026-05-24,2026-05-26,0986f63f8fabd84760771cea6b3f2418a9d61c57c2f7d1a3708f3441f2fefb73,KRK,MRS,1329.5761584710265,large_airport,large_airport,"KLM, Air France",Economy,1,One_way,2.0,585.0,316.0,11.0,Morning,Night,3,5,0,1,0,1,5,0,1
2,2026-05-24,2026-05-26,149fc793c3fe297d2d764345de1e064fb8eb1c4846b2244ba8b47b4f26a41fef,KRK,MRS,1329.5761584710265,large_airport,large_airport,KLM,Economy,1,One_way,1.0,610.0,341.0,6.0,Morning,Afternoon,3,5,0,1,0,1,5,0,1
2,2026-05-24,2026-05-26,837a62cb89e11130c45b4ac69049e4dfb0200049fbd0474d9c580aa99c55c17a,KRK,MRS,1329.5761584710265,large_airport,large_airport,"KLM, Air France",Economy,1,One_way,2.0,465.0,362.0,6.0,Morning,Afternoon,3,5,0,1,0,1,5,0,1
2,2026-05-24,2026-05-26,3a8ba623168b4e10fa723bfbfb01e83a7a599fe27857bad6fd58427e6b30870d,KRK,MRS,1329.5761584710265,large_airport,large_airport,KLM,Economy,1,One_way,1.0,990.0,363.0,19.0,Evening,Morning,3,5,0,1,0,1,5,0,1
2,2026-05-24,2026-05-26,691301df736df7f738e859669a626e2d0d32639c5c2d2c8697cdc5f316a04e80,KRK,MRS,1329.5761584710265,large_airport,large_airport,"KLM, Air France",Economy,1,One_way,2.0,685.0,377.0,6.0,Morning,Evening,3,5,0,1,0,1,5,0,1
2,2026-05-24,2026-05-26,33a7d5366979f9eaa3c443b4d8ae78909d34d410a2296d091a78e16ff456d5b1,KRK,MRS,1329.5761584710265,large_airport,large_airport,"KLM, Air France",Economy,1,One_way,2.0,790.0,377.0,6.0,Morning,Evening,3,5,0,1,0,1,5,0,1
2,2026-05-24,2026-05-26,f44389e23d74e4ab0a9055b82adf83e0182c7400e7de72200709d9c69ebb69b5,KRK,MRS,1329.5761584710265,large_airport,large_airport,"KLM, Air France",Economy,1,One_way,2.0,470.0,377.0,11.0,Morning,Evening,3,5,0,1,0,1,5,0,1
2,2026-05-24,2026-05-26,bdd2a569fd58746aecb26b6448f6cfe033035afca6bb8d6175a6493188daa404,KRK,MRS,1329.5761584710265,large_airport,large_airport,"KLM, Air France",Economy,1,One_way,2.0,470.0,377.0,14.0,Afternoon,Night,3,5,0,1,0,1,5,0,1
2,2026-05-24,2026-05-26,b6e3787e13ab94b8bbf1e8139f7ed7d291e2e60a6a8174e1f3641062c54f9b51,KRK,MRS,1329.5761584710265,large_airport,large_airport,Lufthansa,Economy,1,One_way,1.0,405.0,396.0,11.0,Morning,Evening,3,5,0,1,0,1,5,0,1
2,2026-05-24,2026-05-26,bda31765bfa177278b9e2c111ec52ff12fac5b4366be782054fa353348b7586c,KRK,MRS,1329.5761584710265,large_airport,large_airport,"Lufthansa, Brussels Airlines",Economy,1,One_way,2.0,570.0,403.0,13.0,Afternoon,Night,3,5,0,1,0,1,5,0,1
2,2026-05-24,2026-05-26,d58ac4fc1fd74fc70bc469eefa49cb1a42c8804a7aaaa01f42498762de0570d9,KRK,MRS,1329.5761584710265,large_airport,large_airport,Lufthansa,Economy,1,One_way,1.0,685.0,413.0,11.0,Morning,Night,3,5,0,1,0,1,5,0,1
2,2026-05-24,2026-05-26,c07bc422513aee8d0f7af28f448f7e47e40cc34234744111771e5862eec99214,KRK,MRS,1329.5761584710265,large_airport,large_airport,Lufthansa,Economy,1,One_way,1.0,595.0,413.0,12.0,Afternoon,Night,3,5,0,1,0,1,5,0,1
2,2026-05-24,2026-05-26,29613280920e58f4db0653d7dfc29bffb857f483464895961d47e2b58ea56d17,KRK,MRS,1329.5761584710265,large_airport,large_airport,"Lufthansa, Brussels Airlines",Economy,1,One_way,2.0,405.0,434.0,6.0,Morning,Afternoon,3,5,0,1,0,1,5,0,1
2,2026-05-24,2026-05-26,13ed125031b5014cfc18f4de182fcc01b39934645b8842245ac73451401caea5,KRK,MRS,1329.5761584710265,large_airport,large_airport,KLM,Economy,1,One_way,1.0,1055.0,439.0,17.0,Evening,Morning,3,5,0,1,0,1,5,0,1
2,2026-05-24,2026-05-26,c72d677b55e337b7ec9a822a0da16ed5298247c195a24130b3dba46b649188ec,KRK,MRS,1329.5761584710265,large_airport,large_airport,"KLM, Air France",Economy,1,One_way,2.0,595.0,448.0,6.0,Morning,Afternoon,3,5,0,1,0,1,5,0,1
2,2026-05-24,2026-05-26,ebd5b96996945e378ebaa15eb42385dda2923c070ec2362643e9e60188328078,KRK,MRS,1329.5761584710265,large_airport,large_airport,"KLM, Air France",Economy,1,One_way,2.0,605.0,448.0,11.0,Morning,Night,3,5,0,1,0,1,5,0,1
2,2026-05-24,2026-05-26,c44f809081f7f6a7871b730691cb45ae1f2e691a9bbc1784d7306cec3687f4a7,KRK,MRS,1329.5761584710265,large_airport,large_airport,"KLM, Air France",Economy,1,One_way,2.0,660.0,448.0,11.0,Morning,Night,3,5,0,1,0,1,5,0,1
2,2026-05-24,2026-05-26,e101a2af785d222f83c697a31ff96847bc03fe12f7786f73afc2d768fb1ceb64,KRK,MRS,1329.5761584710265,large_airport,large_airport,"KLM, Air France",Economy,1,One_way,2.0,525.0,448.0,14.0,Afternoon,Night,3,5,0,1,0,1,5,0,1
2,2026-05-24,2026-05-26,e607e92c214b7db21f92add02d9a2b785ab04f660403b2017d25cb9f7cf7043d,KRK,MRS,1329.5761584710265,large_airport,large_airport,Austrian,Economy,1,One_way,1.0,1105.0,449.0,14.0,Afternoon,Morning,3,5,0,1,0,1,5,0,1
2,2026-05-24,2026-05-26,75cad09ff2a345e42cd2216fa42ed063e95c86150e00ab7469addc15a0a9551e,KRK,MRS,1329.5761584710265,large_airport,large_airport,Lufthansa,Economy,1,One_way,2.0,550.0,483.0,13.0,Afternoon,Night,3,5,0,1,0,1,5,0,1
2,2026-05-24,2026-05-26,6f76a09f33ff15fadfcb84c290790d9bd7fab95aa3a253b5cc1db0efd86d1976,KRK,MRS,1329.5761584710265,large_airport,large_airport,"Air Dolomiti, Lufthansa",Economy,1,One_way,2.0,350.0,495.0,16.0,Afternoon,Night,3,5,0,1,0,1,5,0,1
2,2026-05-24,2026-05-26,aab9b41ae628429eab0864c318de4d7959eb271f70bc044a16b34e7f50007aa3,KRK,MRS,1329.5761584710265,large_airport,large_airport,Lufthansa,Economy,1,One_way,1.0,920.0,542.0,19.0,Evening,Morning,3,5,0,1,0,1,5,0,1
2,2026-05-24,2026-05-26,ed219e460dd99c85ed71ad92f486e34245eeb86e51decb321d045eb24f48fc89,KRK,MRS,1329.5761584710265,large_airport,large_airport,Eurowings,Economy,1,One_way,1.0,1095.0,545.0,14.0,Afternoon,Morning,3,5,0,1,0,1,5,0,1
2,2026-05-24,2026-05-26,05eb2b249f052accb0b8d8af8409f7cab72a6b2977ee038cd0a2a2c6e22c0b0a,KRK,MRS,1329.5761584710265,large_airport,large_airport,"Austrian, Brussels Airlines",Economy,1,One_way,2.0,485.0,550.0,14.0,Afternoon,Night,3,5,0,1,0,1,5,0,1
2,2026-05-24,2026-05-26,1ac9098fd26906ce17e1cb0057bb63210a41bf4bcd375c0b072e12e8be4e26c5,KRK,MRS,1329.5761584710265,large_airport,large_airport,"LOT, Brussels Airlines",Economy,1,One_way,2.0,480.0,600.0,14.0,Afternoon,Night,3,5,0,1,0,1,5,0,1
2,2026-05-24,2026-05-26,94c03cd8740a062cc16ccb04c1dbb9ca11c92fff3d2b681321595ce11511732f,KRK,MRS,1329.5761584710265,large_airport,large_airport,"Austrian, Lufthansa",Economy,1,One_way,2.0,465.0,1218.0,14.0,Afternoon,Night,3,5,0,1,0,1,5,0,1
2,2026-05-24,2026-05-26,d3152516bd6d847c697d3f8ac06b47b9d4404b43ee497ee7f57c1d2597ea2982,KRK,CDG,1246.0836651616955,large_airport,large_airport,LOT,Business,1,One_way,1.0,235.0,812.0,14.0,Afternoon,Evening,3,5,0,1,0,1,5,0,1
2,2026-05-24,2026-05-26,fc4303b99e623c2393f181fadcdd31de52d212af05a063bcd448d09806083dbd,KRK,CDG,1246.0836651616955,large_airport,large_airport,LOT,Business,1,One_way,1.0,260.0,812.0,18.0,Evening,Night,3,5,0,1,0,1,5,0,1
2,2026-05-24,2026-05-26,799312bbcdd5c70fddbdfbf70157b91d5cc60b1c2694ba1899c3091297335679,KRK,CDG,1246.0836651616955,large_airport,large_airport,KLM,Business,1,One_way,1.0,300.0,1042.0,14.0,Afternoon,Evening,3,5,0,1,0,1,5,0,1
2,2026-05-24,2026-05-26,1480258b65dcbdf22adfa59ae9a9605bc39d851357d8cb5d732e844388d72f16,KRK,CDG,1246.0836651616955,large_airport,large_airport,SWISS,Business,1,One_way,1.0,235.0,1430.0,14.0,Afternoon,Evening,3,5,0,1,0,1,5,0,1
2,2026-05-24,2026-05-26,e2cb033b9d904888a57be91644964a4c8c864e6e486ca8ebe3ff0bae2e77488f,KRK,CDG,1246.0836651616955,large_airport,large_airport,Scandinavian Airlines,Business,1,One_way,1.0,560.0,626.0,10.0,Morning,Evening,3,5,0,1,0,1,5,0,1
2,2026-05-24,2026-05-26,4df8c368ca63f67227bae380fc1c4cf966fde4183197fe942b2abdbde1f4c892,KRK,CDG,1246.0836651616955,large_airport,large_airport,Scandinavian Airlines,Business,1,One_way,1.0,770.0,629.0,20.0,Evening,Morning,3,5,0,1,0,1,5,0,1
2,2026-05-24,2026-05-26,4ad31053910ccf5058c3db16a6b71b2b576b3f4ce8d5937ad88f2ff3aa662d28,KRK,CDG,1246.0836651616955,large_airport,large_airport,Scandinavian Airlines,Business,1,One_way,1.0,855.0,629.0,20.0,Evening,Morning,3,5,0,1,0,1,5,0,1
2,2026-05-24,2026-05-26,d467091bbf9dba484a2089a96a247bad0b5416aeb059e6bf3969210f1909b12b,KRK,CDG,1246.0836651616955,large_airport,large_airport,LOT,Business,1,One_way,1.0,250.0,812.0,5.0,Morning,Morning,3,5,0,1,0,1,5,0,1
2,2026-05-24,2026-05-26,44d7ccb7dbe0080be3998447c8ab033b1164a2b8a6e98de8539759fad939c395,KRK,CDG,1246.0836651616955,large_airport,large_airport,LOT,Business,1,One_way,1.0,395.0,812.0,12.0,Afternoon,Evening,3,5,0,1,0,1,5,0,1
2,2026-05-24,2026-05-26,0bfa295206d72c69b1a9106cb9c25a4f05e132ccaa5cf6a239f4360c2d259015,KRK,CDG,1246.0836651616955,large_airport,large_airport,LOT,Business,1,One_way,1.0,305.0,812.0,13.0,Afternoon,Evening,3,5,0,1,0,1,5,0,1
2,2026-05-24,2026-05-26,3db8c011c4e634a88ae7812334737fe9c020af228595dd37dcd1c36c6c56040c,KRK,CDG,1246.0836651616955,large_airport,large_airport,"Lufthansa, Austrian",Business,1,One_way,2.0,585.0,967.0,12.0,Afternoon,Night,3,5,0,1,0,1,5,0,1
2,2026-05-24,2026-05-26,b530e0511e63f3e1befe324e83d1da43bcc41317d0d2e9fd4e26d7df4cdc81a5,KRK,CDG,1246.0836651616955,large_airport,large_airport,"KLM, Air France",Business,1,One_way,1.0,265.0,1042.0,6.0,Morning,Morning,3,5,0,1,0,1,5,0,1
2,2026-05-24,2026-05-26,1e1aeb20307e428660b888052ff012fd917ee28c71ffac439c7a2acd76d440b5,KRK,CDG,1246.0836651616955,large_airport,large_airport,"KLM, Air France",Business,1,One_way,1.0,330.0,1042.0,6.0,Morning,Afternoon,3,5,0,1,0,1,5,0,1
2,2026-05-24,2026-05-26,cb7c2bba59b38cd06ee918239f5ec42d7bd900b7dd7f32ac2ea5832bb58f87cc,KRK,CDG,1246.0836651616955,large_airport,large_airport,KLM,Business,1,One_way,1.0,430.0,1042.0,6.0,Morning,Afternoon,3,5,0,1,0,1,5,0,1
2,2026-05-24,2026-05-26,7eb2bb7763f241baddf3ef24bad9bbaa229b5a3cc17d9181ddcbac02bd3b5c6d,KRK,CDG,1246.0836651616955,large_airport,large_airport,"KLM, Air France",Business,1,One_way,1.0,545.0,1042.0,6.0,Morning,Afternoon,3,5,0,1,0,1,5,0,1
2,2026-05-24,2026-05-26,d549e1a59dd2013406265318cdfe6445d34e2b1d9f7bab20dc5115ee7ef75258,KRK,CDG,1246.0836651616955,large_airport,large_airport,"KLM, Air France",Business,1,One_way,1.0,570.0,1042.0,6.0,Morning,Afternoon,3,5,0,1,0,1,5,0,1
2,2026-05-24,2026-05-26,bb172acbb19a5e4a8225e8f6dc3f8d930b18848928a1eba6df6d1224ecf75cc7,KRK,CDG,1246.0836651616955,large_airport,large_airport,KLM,Business,1,One_way,1.0,675.0,1042.0,6.0,Morning,Evening,3,5,0,1,0,1,5,0,1
2,2026-05-24,2026-05-26,f80768e76b364bcc7bbaf78e93bfc8e2d0273ba799f8254ae95fc7680847fc60,KRK,CDG,1246.0836651616955,large_airport,large_airport,KLM,Business,1,One_way,1.0,755.0,1042.0,6.0,Morning,Evening,3,5,0,1,0,1,5,0,1
2,2026-05-24,2026-05-26,31894118430097ed71a24b7ed61b4dd5d4900699290139647e85cd52103c48a8,KRK,CDG,1246.0836651616955,large_airport,large_airport,"KLM, Air France",Business,1,One_way,1.0,815.0,1042.0,6.0,Morning,Evening,3,5,0,1,0,1,5,0,1
2,2026-05-24,2026-05-26,84508cfde9a5d3f389ebb708c7750f390b89a6d5165e20330cf832a8bf5b5b36,KRK,CDG,1246.0836651616955,large_airport,large_airport,"KLM, Air France",Business,1,One_way,1.0,920.0,1042.0,6.0,Morning,Night,3,5,0,1,0,1,5,0,1
2,2026-05-24,2026-05-26,54d27e79b4bc604cd051bfaa2b88837a8ba3286f41234d8640f268225e4db161,KRK,CDG,1246.0836651616955,large_airport,large_airport,"KLM, Air France",Business,1,One_way,1.0,360.0,1042.0,14.0,Afternoon,Evening,3,5,0,1,0,1,5,0,1
2,2026-05-24,2026-05-26,2e13eaee12e62bc9b3be417e7a02720fcbd317ed15b2951a5d4adda39581f59c,KRK,CDG,1246.0836651616955,large_airport,large_airport,"KLM, Air France",Business,1,One_way,1.0,465.0,1042.0,14.0,Afternoon,Night,3,5,0,1,0,1,5,0,1
2,2026-05-24,2026-05-26,d8c63089f1fd3a876297403522b8da06a0fe958ed0201182e7ff38205b0e536f,KRK,CDG,1246.0836651616955,large_airport,large_airport,Turkish Airlines,Business,1,One_way,1.0,820.0,1065.0,20.0,Evening,Morning,3,5,0,1,0,1,5,0,1
2,2026-05-24,2026-05-26,2b539682d9c201a6a1f0f58ac0baaa541a74a4249028c125495efb34202d4225,KRK,CDG,1246.0836651616955,large_airport,large_airport,Turkish Airlines,Business,1,One_way,1.0,990.0,1065.0,20.0,Evening,Afternoon,3,5,0,1,0,1,5,0,1
2,2026-05-24,2026-05-26,29b82dfb3689ee67a3d5eb979a6b6d6a58f10f1cde2fc95132350d7b31ba923c,KRK,CDG,1246.0836651616955,large_airport,large_airport,Turkish Airlines,Business,1,One_way,1.0,1125.0,1065.0,20.0,Evening,Afternoon,3,5,0,1,0,1,5,0,1
2,2026-05-24,2026-05-26,d05e89984feafa30cfd058710e35ba8aea8d342d9b97cae22f9d555ebc362914,KRK,CDG,1246.0836651616955,large_airport,large_airport,"LOT, ITA",Business,1,One_way,2.0,660.0,1126.0,9.0,Morning,Evening,3,5,0,1,0,1,5,0,1
2,2026-05-24,2026-05-26,a200e2c15920961fc1928d4eb4c29985fb640505dc7cd8dc496d2258443348ca,KRK,CDG,1246.0836651616955,large_airport,large_airport,"SWISS, ITA",Business,1,One_way,2.0,525.0,1143.0,14.0,Afternoon,Night,3,5,0,1,0,1,5,0,1
2,2026-05-24,2026-05-26,018d3b3331f0b7f00008ed171359fbe19074f523d2c4d147245f9cea2f4636a2,KRK,CDG,1246.0836651616955,large_airport,large_airport,"Lufthansa, ITA",Business,1,One_way,2.0,435.0,1146.0,6.0,Morning,Afternoon,3,5,0,1,0,1,5,0,1
2,2026-05-24,2026-05-26,95526118638057b3441233509f5cf4989227e758d6053c96bdedb4723a37cd40,KRK,CDG,1246.0836651616955,large_airport,large_airport,"KLM, Air France",Business,1,One_way,2.0,525.0,1146.0,6.0,Morning,Afternoon,3,5,0,1,0,1,5,0,1
2,2026-05-24,2026-05-26,bcea77ed6037a360fd872d44941259c230768ef7b4dfba4216e26ca2df4679d4,KRK,CDG,1246.0836651616955,large_airport,large_airport,"KLM, Air France",Business,1,One_way,2.0,440.0,1147.0,6.0,Morning,Afternoon,3,5,0,1,0,1,5,0,1
2,2026-05-24,2026-05-26,bc926fa9d6f6a78747f61fbc6aae0e43c94d1261e5a8baad406a789c263c5532,KRK,CDG,1246.0836651616955,large_airport,large_airport,"KLM, Air France",Business,1,One_way,2.0,535.0,1147.0,6.0,Morning,Afternoon,3,5,0,1,0,1,5,0,1
2,2026-05-24,2026-05-26,cb38a9cf6b62297955476ab13b9a0a1e929bd524bfeb00c98be603fe668c2b64,KRK,CDG,1246.0836651616955,large_airport,large_airport,"Lufthansa, Eurowings",Business,1,One_way,2.0,400.0,1209.0,13.0,Afternoon,Evening,3,5,0,1,0,1,5,0,1
2,2026-05-24,2026-05-26,274dd1743b3029be5ff3f7ec83569093dd0a5ac8332c0948724e8e8bee217e91,KRK,CDG,1246.0836651616955,large_airport,large_airport,"KLM, Air France",Business,1,One_way,1.0,250.0,1331.0,11.0,Morning,Afternoon,3,5,0,1,0,1,5,0,1
2,2026-05-24,2026-05-26,c3ccf49750fd879f990c887a64a7e0f552ac8c5b9b84fc6287975a77a7b5fd29,KRK,CDG,1246.0836651616955,large_airport,large_airport,KLM,Business,1,One_way,1.0,355.0,1331.0,11.0,Morning,Evening,3,5,0,1,0,1,5,0,1
2,2026-05-24,2026-05-26,480d7e168e954fa1ab16f73e85ae89a649fe8de5495e42050fa06e21a1795e65,KRK,CDG,1246.0836651616955,large_airport,large_airport,KLM,Business,1,One_way,1.0,435.0,1331.0,11.0,Morning,Evening,3,5,0,1,0,1,5,0,1
2,2026-05-24,2026-05-26,078f4a3a4a24a7506d74e13b123997d4c4ec2e58f0ec8bc8d1762425ee4b66cc,KRK,CDG,1246.0836651616955,large_airport,large_airport,"KLM, Air France",Business,1,One_way,1.0,495.0,1331.0,11.0,Morning,Evening,3,5,0,1,0,1,5,0,1
2,2026-05-24,2026-05-26,e635d84a354f7347bbeb0be090d71c161977bb7d64e0374289e305793bc96284,KRK,CDG,1246.0836651616955,large_airport,large_airport,"KLM, Air France",Business,1,One_way,1.0,600.0,1331.0,11.0,Morning,Night,3,5,0,1,0,1,5,0,1
2,2026-05-24,2026-05-26,fc3e71f5977454ee5505f401a47b8cfc711b24513871917f6c67ceba0f014ea9,KRK,CDG,1246.0836651616955,large_airport,large_airport,"LOT, Air Baltic",Business,1,One_way,2.0,575.0,1341.0,8.0,Morning,Evening,3,5,0,1,0,1,5,0,1
2,2026-05-24,2026-05-26,8c708a89ea74a4834f2ecee042388547bba13fe35ee029430542334b0f1885b6,KRK,CDG,1246.0836651616955,large_airport,large_airport,"Lufthansa, ITA",Business,1,One_way,2.0,480.0,1348.0,12.0,Afternoon,Evening,3,5,0,1,0,1,5,0,1
2,2026-05-24,2026-05-26,bf5bc4932f5e7d021d5eed0a8df30921fd49e68576813ceeb12c6509428a844d,KRK,CDG,1246.0836651616955,large_airport,large_airport,Austrian,Business,1,One_way,1.0,270.0,1426.0,14.0,Afternoon,Evening,3,5,0,1,0,1,5,0,1
2,2026-05-24,2026-05-26,856d3e27f7cda9ce12a35b03b34a49855874873b98a136e037798d7e23c4a758,KRK,CDG,1246.0836651616955,large_airport,large_airport,Austrian,Business,1,One_way,1.0,455.0,1426.0,14.0,Afternoon,Night,3,5,0,1,0,1,5,0,1
2,2026-05-24,2026-05-26,3669a9f3d421ccf977a05e8ba066e790de201fdd5a986cc1c2704e93cbba3ebb,KRK,CDG,1246.0836651616955,large_airport,large_airport,SWISS,Business,1,One_way,1.0,515.0,1430.0,14.0,Afternoon,Night,3,5,0,1,0,1,5,0,1
2,2026-05-24,2026-05-26,ec273da9c0a4fa5b7fe61bc5d5e92b177d902d5f3b5ae157920bc483b7fd9762,KRK,CDG,1246.0836651616955,large_airport,large_airport,SWISS,Business,1,One_way,1.0,760.0,1430.0,20.0,Evening,Morning,3,5,0,1,0,1,5,0,1
2,2026-05-24,2026-05-26,321c58c3c0f22eda872a29c00b15f6b462b7a85ed642c9297a8d6d7b17a4fa4a,KRK,CDG,1246.0836651616955,large_airport,large_airport,Lufthansa,Business,1,One_way,1.0,335.0,1430.0,6.0,Morning,Morning,3,5,0,1,0,1,5,0,1
2,2026-05-24,2026-05-26,041c61315ab5e3ac01065a319cf71fb8ce8cd8b58981573c5267d2e50e7bef76,KRK,CDG,1246.0836651616955,large_airport,large_airport,"Lufthansa, Lufthansa City Airlines",Business,1,One_way,1.0,450.0,1430.0,6.0,Morning,Afternoon,3,5,0,1,0,1,5,0,1
2,2026-05-24,2026-05-26,dc2648010ca94f836cfda006f47a197685b7319b6ee75dae97ab248690ae7c6b,KRK,CDG,1246.0836651616955,large_airport,large_airport,Lufthansa,Business,1,One_way,1.0,230.0,1430.0,13.0,Afternoon,Evening,3,5,0,1,0,1,5,0,1
2,2026-05-24,2026-05-26,915e3c0460277446ec3b50b4bcfd40c5badfc115f56a48142415d5b224e1a470,KRK,CDG,1246.0836651616955,large_airport,large_airport,Lufthansa,Business,1,One_way,1.0,410.0,1430.0,13.0,Afternoon,Evening,3,5,0,1,0,1,5,0,1
2,2026-05-24,2026-05-26,30d2f08f903a39da3c93a028b622e813a613a6a0a6881bfb1dcf289d78e2e601,KRK,CDG,1246.0836651616955,large_airport,large_airport,"Lufthansa, Lufthansa City Airlines",Business,1,One_way,1.0,610.0,1430.0,13.0,Afternoon,Night,3,5,0,1,0,1,5,0,1
2,2026-05-24,2026-05-26,96cf3552a7c6593fd67b3603aabb92660e37f73fa0fd22d8b1490130da2c7142,KRK,CDG,1246.0836651616955,large_airport,large_airport,"Air Dolomiti, Lufthansa City Airlines",Business,1,One_way,1.0,410.0,1430.0,16.0,Afternoon,Night,3,5,0,1,0,1,5,0,1
2,2026-05-24,2026-05-26,5db7555a10fc69fb4122d316290e828388eb013dc6134ddbdbef2a03ff83b943,KRK,CDG,1246.0836651616955,large_airport,large_airport,Lufthansa,Business,1,One_way,1.0,405.0,1439.0,11.0,Morning,Evening,3,5,0,1,0,1,5,0,1
2,2026-05-24,2026-05-26,85169a2e187bca54c41294e6fd0af143b3eaf6e5f3770c7f76a2bf41a10ee4a9,KRK,CDG,1246.0836651616955,large_airport,large_airport,Lufthansa,Business,1,One_way,1.0,460.0,1439.0,11.0,Morning,Evening,3,5,0,1,0,1,5,0,1
2,2026-05-24,2026-05-26,217fe1c32ccffa32013a6bb273e473a47945f21f184104c098dbb88ef0fcf52c,KRK,CDG,1246.0836651616955,large_airport,large_airport,Lufthansa,Business,1,One_way,1.0,655.0,1439.0,11.0,Morning,Night,3,5,0,1,0,1,5,0,1
2,2026-05-24,2026-05-26,0303f4386b93e1134ab55ed7831bca0d42b6bb506b0e3d178ef8a4eaa7bc6d67,KRK,CDG,1246.0836651616955,large_airport,large_airport,Lufthansa,Business,1,One_way,1.0,315.0,1439.0,12.0,Afternoon,Evening,3,5,0,1,0,1,5,0,1
2,2026-05-24,2026-05-26,42061870431c6df1838f5d5f7c7fc2fa241ead500645c55d6ca414185ef7963b,KRK,CDG,1246.0836651616955,large_airport,large_airport,Lufthansa,Business,1,One_way,1.0,370.0,1439.0,12.0,Afternoon,Evening,3,5,0,1,0,1,5,0,1
2,2026-05-24,2026-05-26,7a7c4df5384de1a9227899754fb7d6aedeb99cf27f4fd0c8659b16f673357695,KRK,CDG,1246.0836651616955,large_airport,large_airport,Lufthansa,Business,1,One_way,1.0,565.0,1439.0,12.0,Afternoon,Night,3,5,0,1,0,1,5,0,1
2,2026-05-24,2026-05-26,0fc553cc9c8cc13e7be2eadbfee1d647728b7ccc6b2283788ae82b71b49307df,KRK,CDG,1246.0836651616955,large_airport,large_airport,"Lufthansa, Brussels Airlines",Business,1,One_way,2.0,1085.0,1520.0,13.0,Afternoon,Morning,3,5,0,1,0,1,5,0,1
2,2026-05-24,2026-05-26,e5c102db8d681d0f89ae1a6976bae677e32333255320f44b3cb8db44c4ffd03f,KRK,CDG,1246.0836651616955,large_airport,large_airport,"LOT, Turkish Airlines",Business,1,One_way,1.0,485.0,1592.0,7.0,Morning,Afternoon,3,5,0,1,0,1,5,0,1
2,2026-05-24,2026-05-26,3427344f552094c453ebd92b8356f83e7d185d761d8793a9c4a4fd4651674800,KRK,CDG,1246.0836651616955,large_airport,large_airport,"LOT, Turkish Airlines",Business,1,One_way,1.0,600.0,1592.0,7.0,Morning,Evening,3,5,0,1,0,1,5,0,1
2,2026-05-24,2026-05-26,85fd83ea85ff7b49c66dedcf9e323a34e0a7f111c865da4301b6c86b47212cb7,KRK,CDG,1246.0836651616955,large_airport,large_airport,Austrian,Business,1,One_way,1.0,1095.0,1640.0,14.0,Afternoon,Morning,3,5,0,1,0,1,5,0,1
2,2026-05-24,2026-05-26,714af7ec2710143351191f35205ecf3172d356ced3cdb0c3bd45484a2f43525f,KRK,CDG,1246.0836651616955,large_airport,large_airport,Lufthansa,Business,1,One_way,1.0,825.0,1661.0,19.0,Evening,Morning,3,5,0,1,0,1,5,0,1
2,2026-05-24,2026-05-26,ae854e495574a985134530f4f7108ec6042538f5bd20a8e66ec1840ed4565d77,KRK,CDG,1246.0836651616955,large_airport,large_airport,Lufthansa,Business,1,One_way,1.0,880.0,1661.0,19.0,Evening,Morning,3,5,0,1,0,1,5,0,1
2,2026-05-24,2026-05-26,fb319bfcdac74d3e757821343cff6f8b2e24b72b41bfae6fd5bccdb8173dcf63,KRK,CDG,1246.0836651616955,large_airport,large_airport,SWISS,Business,1,One_way,1.0,1065.0,1667.0,20.0,Evening,Afternoon,3,5,0,1,0,1,5,0,1
2,2026-05-24,2026-05-26,522836c63db29fce91dac9ed5da310ba2cb14d0d278cc93f68d7f27096e5c8e3,KRK,CDG,1246.0836651616955,large_airport,large_airport,"Air Dolomiti, Lufthansa City Airlines",Business,1,One_way,1.0,935.0,1670.0,16.0,Afternoon,Morning,3,5,0,1,0,1,5,0,1
2,2026-05-24,2026-05-26,fa245db157698e4fd3ca3a994119fe809feda3f15375c8b59100d962c3733256,KRK,CDG,1246.0836651616955,large_airport,large_airport,Lufthansa,Business,1,One_way,1.0,935.0,1679.0,19.0,Evening,Morning,3,5,0,1,0,1,5,0,1
2,2026-05-24,2026-05-26,01ae4f7eb0a86b4d295c582cbc12b490879e1be0aaf3fdd6ac921f79b04ae41e,KRK,CDG,1246.0836651616955,large_airport,large_airport,Lufthansa,Business,1,One_way,1.0,1125.0,1679.0,19.0,Evening,Afternoon,3,5,0,1,0,1,5,0,1
2,2026-05-24,2026-05-26,78d7952a58bd3f61938ab17235a7797c9cf32379d0799dc9c0cf67530119504a,KRK,CDG,1246.0836651616955,large_airport,large_airport,Lufthansa,Business,1,One_way,1.0,1375.0,1679.0,19.0,Evening,Evening,3,5,0,1,0,1,5,0,1
2,2026-05-24,2026-05-26,2d5abaa3f490dc137f8fd99910d06545a2dba4efb70edea5a25c4dee1199e2d6,KRK,CDG,1246.0836651616955,large_airport,large_airport,Lufthansa,Business,1,One_way,1.0,1430.0,1679.0,19.0,Evening,Evening,3,5,0,1,0,1,5,0,1
2,2026-05-24,2026-05-26,60f937a40b779a4c1f1a82f1317f5c30d84a62cd4797926990818fa258e63be9,KRK,CDG,1246.0836651616955,large_airport,large_airport,British Airways,Business,1,One_way,1.0,835.0,1705.0,19.0,Evening,Morning,3,5,0,1,0,1,5,0,1
2,2026-05-24,2026-05-26,e0888840731ed59607e2d1327336b7d23ada52fb891cd6a9be06f10b2533bf80,KRK,CDG,1246.0836651616955,large_airport,large_airport,British Airways,Business,1,One_way,1.0,915.0,1705.0,19.0,Evening,Morning,3,5,0,1,0,1,5,0,1
2,2026-05-24,2026-05-26,c4fd24ba5931ed84ddfebb00d7f4ead50af57bb9a6fc83417b0cc5f41ae8b37a,KRK,CDG,1246.0836651616955,large_airport,large_airport,British Airways,Business,1,One_way,1.0,1075.0,1705.0,19.0,Evening,Afternoon,3,5,0,1,0,1,5,0,1
2,2026-05-24,2026-05-26,522faedb7d1339f64ca38b7b9e71d64385938550e22578767a68a1246bf1646b,KRK,CDG,1246.0836651616955,large_airport,large_airport,British Airways,Business,1,One_way,1.0,1170.0,1705.0,19.0,Evening,Afternoon,3,5,0,1,0,1,5,0,1
2,2026-05-24,2026-05-26,100d911eb2a670c6306ae4a0ce7c16c952da9cda98cbefd28906b0c9067a01c1,KRK,CDG,1246.0836651616955,large_airport,large_airport,"Scandinavian Airlines, Air France",Business,1,One_way,1.0,725.0,1718.0,20.0,Evening,Morning,3,5,0,1,0,1,5,0,1
2,2026-05-24,2026-05-26,ac10ff3101a41e62354604a488b9893d92f2f97de70c26507278d454a1f81737,KRK,CDG,1246.0836651616955,large_airport,large_airport,"Air Dolomiti, ITA",Business,1,One_way,2.0,415.0,1735.0,16.0,Afternoon,Night,3,5,0,1,0,1,5,0,1
2,2026-05-24,2026-05-26,500ca6e1f27757ed12d62b4f03eb296f1cd0d00d934ec6200f48198e055bab4e,KRK,CDG,1246.0836651616955,large_airport,large_airport,"SWISS, Air France",Business,1,One_way,2.0,420.0,2226.0,14.0,Afternoon,Night,3,5,0,1,0,1,5,0,1
2,2026-05-24,2026-05-26,aa126748aa577e3fb3b013a9a254b7d178b3f8de4ee7bcf8ae061d4c078aa4f1,KRK,CDG,1246.0836651616955,large_airport,large_airport,"Scandinavian Airlines, Air France",Business,1,One_way,1.0,960.0,2823.0,20.0,Evening,Afternoon,3,5,0,1,0,1,5,0,1
2,2026-05-24,2026-05-26,54ac0445a0a4c87000fd85b3451e9efabd8bb84e71aacbdd40675820fa27da27,KRK,CDG,1246.0836651616955,large_airport,large_airport,"Lufthansa, Luxair",Business,1,One_way,2.0,350.0,3771.0,6.0,Morning,Morning,3,5,0,1,0,1,5,0,1
2,2026-05-24,2026-05-26,df4d7e9a1c136e6b39ed0bbafac01bdee5cace108b797f908f214753d938d0d9,KRK,CDG,1246.0836651616955,large_airport,large_airport,"LOT, Lufthansa",Business,1,One_way,2.0,355.0,4053.0,5.0,Morning,Morning,3,5,0,1,0,1,5,0,1
2,2026-05-24,2026-05-26,a5e35e4c6f01972ba22ddee24c3104cdb2a8106b795827e481370b0fff6b1934,KRK,MRS,1329.5761584710265,large_airport,large_airport,"Scandinavian Airlines, Lufthansa",Premium economy,1,One_way,2.0,470.0,4391.0,10.0,Morning,Evening,3,5,0,1,0,1,5,0,1
2,2026-05-24,2026-05-26,9e60d40c57da1a7d232788f48b537d181534246a4ef59e6d5d94c2eb78d46382,KRK,MRS,1329.5761584710265,large_airport,large_airport,"Scandinavian Airlines, Lufthansa",Premium economy,1,One_way,2.0,750.0,4391.0,10.0,Morning,Night,3,5,0,1,0,1,5,0,1
2,2026-05-24,2026-05-26,ba7fd85ded1ed8e82a0a6f22f0c392770229a361c402df46e9e88539c9662e22,KRK,MRS,1329.5761584710265,large_airport,large_airport,,Premium economy,1,One_way,,,0.0,,,,3,5,0,1,0,1,5,0,1
2,2026-05-24,2026-05-26,281d531d533c8769f3cfc5a557dcf3b0d2393500a6f6fa7a33ea4bd17bd2a985,KRK,NCE,1190.0981196938565,large_airport,large_airport,Wizz Air,Economy,1,One_way,0.0,140.0,61.0,17.0,Evening,Evening,3,5,0,1,0,1,5,0,1
2,2026-05-24,2026-05-26,fe41c8cc7bc0fa6ab24ae9dfe6f043d514862744b0f1a3a5be5c96a50b36d3ba,KRK,NCE,1190.0981196938565,large_airport,large_airport,Norwegian,Economy,1,One_way,1.0,420.0,184.0,14.0,Afternoon,Night,3,5,0,1,0,1,5,0,1
2,2026-05-24,2026-05-26,ecbd9769ed113a4e32b2c6d8c030d456dba6a6d18058f9ae09dfaa7b58b2c4a3,KRK,NCE,1190.0981196938565,large_airport,large_airport,Eurowings,Economy,1,One_way,1.0,305.0,196.0,14.0,Afternoon,Evening,3,5,0,1,0,1,5,0,1
2,2026-05-24,2026-05-26,14a359c6fb84416f32552b2bb55d186209c04e50f7a3fd545e8e4200de44013b,KRK,NCE,1190.0981196938565,large_airport,large_airport,KLM,Economy,1,One_way,1.0,595.0,252.0,6.0,Morning,Afternoon,3,5,0,1,0,1,5,0,1
2,2026-05-24,2026-05-26,00593eedf6560ed35d8d91786c6ba365fad65867c78b539e42f600d03e3cdbcc,KRK,NCE,1190.0981196938565,large_airport,large_airport,KLM,Economy,1,One_way,1.0,955.0,252.0,6.0,Morning,Night,3,5,0,1,0,1,5,0,1
2,2026-05-24,2026-05-26,f6c31c68166303f78a1a044fbab81f9a6c3782795c19ad6d9ffbd26cca222000,KRK,NCE,1190.0981196938565,large_airport,large_airport,KLM,Economy,1,One_way,1.0,635.0,252.0,11.0,Morning,Night,3,5,0,1,0,1,5,0,1
2,2026-05-24,2026-05-26,c872fb140c1326f7a1378498c67ddfe74831d607ff56734aa7be783c711032ba,KRK,NCE,1190.0981196938565,large_airport,large_airport,KLM,Economy,1,One_way,1.0,500.0,252.0,14.0,Afternoon,Night,3,5,0,1,0,1,5,0,1
2,2026-05-24,2026-05-26,2cefedb9c8485a2bf7f5b1c7f7d793513c2308888e59a2a5a92c53088e6bb771,KRK,NCE,1190.0981196938565,large_airport,large_airport,Turkish Airlines,Economy,1,One_way,1.0,755.0,255.0,20.0,Evening,Morning,3,5,0,1,0,1,5,0,1
2,2026-05-24,2026-05-26,d227ef412ad40902560106079f1f00d7752ecd60d3f7e284d78e496a0241c25b,KRK,NCE,1190.0981196938565,large_airport,large_airport,KLM,Economy,1,One_way,1.0,300.0,280.0,6.0,Morning,Morning,3,5,0,1,0,1,5,0,1
2,2026-05-24,2026-05-26,baff8239bdcfd859a77d742bbfe682ca481ad754c70022002e36a3bcc8b61c47,KRK,NCE,1190.0981196938565,large_airport,large_airport,Norwegian,Economy,1,One_way,1.0,470.0,320.0,12.0,Afternoon,Evening,3,5,0,1,0,1,5,0,1
2,2026-05-24,2026-05-26,d1a103dfbc0170b44ac2334b7c249c42899a3e816b5f999a93147ac251e0a2c4,KRK,NCE,1190.0981196938565,large_airport,large_airport,"LOT, ITA",Economy,1,One_way,1.0,290.0,333.0,9.0,Morning,Afternoon,3,5,0,1,0,1,5,0,1
2,2026-05-24,2026-05-26,197fb40ab3a578d3ce39c4b16f178b74849fcf660a69d100d18f7e55e11ca39c,KRK,NCE,1190.0981196938565,large_airport,large_airport,Norwegian,Economy,1,One_way,1.0,805.0,370.0,21.0,Night,Morning,3,5,0,1,0,1,5,0,1
2,2026-05-24,2026-05-26,ebe2806c2686928278e0ed68d0f4a1a4c98cf36dd5fbe2d70fbda3cb42454958,KRK,NCE,1190.0981196938565,large_airport,large_airport,"KLM, Air France",Economy,1,One_way,2.0,400.0,384.0,11.0,Morning,Evening,3,5,0,1,0,1,5,0,1
2,2026-05-24,2026-05-26,77ac5a2d59f511e703c9aaf1177f3770c3964cb27078f8620f9641d5f37a6faa,KRK,NCE,1190.0981196938565,large_airport,large_airport,LOT,Economy,1,One_way,1.0,250.0,398.0,5.0,Morning,Morning,3,5,0,1,0,1,5,0,1
2,2026-05-24,2026-05-26,af52903acb46ae85ce338aa2d2a288afa5266a14c219cebe9ec14f6b70a88d1c,KRK,NCE,1190.0981196938565,large_airport,large_airport,"KLM, Air France",Economy,1,One_way,2.0,470.0,435.0,6.0,Morning,Afternoon,3,5,0,1,0,1,5,0,1
2,2026-05-24,2026-05-26,dbfaccf972229b7db35e806a09f6ef99e1cea291fb5511cf56184cd173e5f450,KRK,NCE,1190.0981196938565,large_airport,large_airport,KLM,Economy,1,One_way,1.0,990.0,597.0,19.0,Evening,Morning,3,5,0,1,0,1,5,0,1
2,2026-05-24,2026-05-26,ae55a4955a38310e769f9fe77a6f67dbcfdc5f34dc25b66260d077b21cf7fe9e,KRK,NCE,1190.0981196938565,large_airport,large_airport,Lufthansa,Economy,1,One_way,1.0,325.0,627.0,12.0,Afternoon,Evening,3,5,0,1,0,1,5,0,1
2,2026-05-24,2026-05-26,c1b46f201d81c3a480b50969fb87e464a0c5248d398b04e9b0f75905657216da,KRK,NCE,1190.0981196938565,large_airport,large_airport,SWISS,Economy,1,One_way,1.0,750.0,674.0,20.0,Evening,Morning,3,5,0,1,0,1,5,0,1
2,2026-05-24,2026-05-26,032e5c01e7a442b370e8b1005cc9bcc35bb30acf007a6b58e6addc7a1d59c01a,KRK,NCE,1190.0981196938565,large_airport,large_airport,KLM,Economy,1,One_way,1.0,1055.0,693.0,17.0,Evening,Morning,3,5,0,1,0,1,5,0,1
2,2026-05-24,2026-05-26,002fe6e4ea3d18164267e64e4ecfef800146ff07ba2c8c87d22570ff8e7efde7,KRK,NCE,1190.0981196938565,large_airport,large_airport,Austrian,Economy,1,One_way,1.0,350.0,694.0,14.0,Afternoon,Evening,3,5,0,1,0,1,5,0,1
2,2026-05-24,2026-05-26,9b8b14593af144014cb7c0204e4b9b96b4fb877df70298e3407bbe84f161919f,KRK,NCE,1190.0981196938565,large_airport,large_airport,"KLM, Air France",Economy,1,One_way,2.0,445.0,835.0,14.0,Afternoon,Night,3,5,0,1,0,1,5,0,1
2,2026-05-24,2026-05-26,15ef5d917291ae2814d78020c876be9d96cbe0f4654bad428b8c940ba97a0278,KRK,NCE,1190.0981196938565,large_airport,large_airport,"Air Dolomiti, Lufthansa",Economy,1,One_way,1.0,405.0,840.0,16.0,Afternoon,Night,3,5,0,1,0,1,5,0,1
2,2026-05-24,2026-05-26,ee3f5b4786cb3571ad1c1b60f083ecfb44eac190581ed3f0b847666425b73e62,KRK,MRS,1329.5761584710265,large_airport,large_airport,Lufthansa,Business,1,One_way,1.0,315.0,891.0,12.0,Afternoon,Evening,3,5,0,1,0,1,5,0,1
2,2026-05-24,2026-05-26,2ad24e10a254c1d53931e6d9c386b4050ff2434c30b6b9c80720432f68ade6f0,KRK,MRS,1329.5761584710265,large_airport,large_airport,KLM,Business,1,One_way,1.0,300.0,934.0,6.0,Morning,Morning,3,5,0,1,0,1,5,0,1
2,2026-05-24,2026-05-26,9523f503fe47ab783b63fd0e5f4ef0deadb9924d9d4fe2403bfe7d217fc3dc39,KRK,MRS,1329.5761584710265,large_airport,large_airport,KLM,Business,1,One_way,1.0,290.0,1646.0,11.0,Morning,Afternoon,3,5,0,1,0,1,5,0,1
2,2026-05-24,2026-05-26,8a6631d161e6006956211b0f2824a6caac74525cdeee91d2aa062d4d21cb1370,KRK,MRS,1329.5761584710265,large_airport,large_airport,"KLM, Air France",Business,1,One_way,2.0,470.0,838.0,14.0,Afternoon,Night,3,5,0,1,0,1,5,0,1
2,2026-05-24,2026-05-26,02cc433d1c431e882d9be3986a165a981184fa49b862ea1249bc1de22f00e864,KRK,MRS,1329.5761584710265,large_airport,large_airport,"KLM, Air France",Business,1,One_way,2.0,525.0,838.0,14.0,Afternoon,Night,3,5,0,1,0,1,5,0,1
2,2026-05-24,2026-05-26,b87494750e87adf35bef7d4ed58c8bade8fca9aa6e7775d9f9ba3e139a085e1c,KRK,MRS,1329.5761584710265,large_airport,large_airport,Lufthansa,Business,1,One_way,1.0,405.0,891.0,11.0,Morning,Evening,3,5,0,1,0,1,5,0,1
2,2026-05-24,2026-05-26,dcbd48cca6ea334887cfa584e0396740a25dd586785e9ef7bed82e84605e99a7,KRK,MRS,1329.5761584710265,large_airport,large_airport,Lufthansa,Business,1,One_way,1.0,685.0,891.0,11.0,Morning,Night,3,5,0,1,0,1,5,0,1
2,2026-05-24,2026-05-26,a4d1033cec562ea471b654deac78764443b553b50974085f5020bb4892384c01,KRK,MRS,1329.5761584710265,large_airport,large_airport,Lufthansa,Business,1,One_way,1.0,595.0,891.0,12.0,Afternoon,Night,3,5,0,1,0,1,5,0,1
2,2026-05-24,2026-05-26,28aa3a8318330d585498353654013fd46f96389a9aeb3c7ea416e2d2f6884e60,KRK,MRS,1329.5761584710265,large_airport,large_airport,KLM,Business,1,One_way,1.0,520.0,934.0,14.0,Afternoon,Night,3,5,0,1,0,1,5,0,1
2,2026-05-24,2026-05-26,6972ca830631946fcc87e4be26d7a070d47b0121ae43df8f425d0daba79604a9,KRK,MRS,1329.5761584710265,large_airport,large_airport,KLM,Business,1,One_way,1.0,975.0,934.0,6.0,Morning,Night,3,5,0,1,0,1,5,0,1
2,2026-05-24,2026-05-26,e15b252e3c0b31024d8262a1f828d319c1b05bfb5edef7e4b6a4f3cf1d94d2f9,KRK,MRS,1329.5761584710265,large_airport,large_airport,KLM,Business,1,One_way,1.0,990.0,934.0,19.0,Evening,Morning,3,5,0,1,0,1,5,0,1
2,2026-05-24,2026-05-26,d3dae024d32378afce885509540be82ca45707720b04aaf2fd5d1bf646d8ae17,KRK,MRS,1329.5761584710265,large_airport,large_airport,"Lufthansa, Brussels Airlines",Business,1,One_way,2.0,405.0,961.0,6.0,Morning,Afternoon,3,5,0,1,0,1,5,0,1
2,2026-05-24,2026-05-26,2bd38c9b294aca77ae8239f8f8dd31a178a9b6e6bc9971c75130c1ef5590545f,KRK,MRS,1329.5761584710265,large_airport,large_airport,"Lufthansa, Brussels Airlines",Business,1,One_way,2.0,1015.0,961.0,6.0,Morning,Night,3,5,0,1,0,1,5,0,1
2,2026-05-24,2026-05-26,46372e01a223ca93844a71c09c2a3513382a7b09f20a5a26a26f7da13b667db2,KRK,MRS,1329.5761584710265,large_airport,large_airport,"Lufthansa, Brussels Airlines",Business,1,One_way,2.0,615.0,971.0,12.0,Afternoon,Night,3,5,0,1,0,1,5,0,1
2,2026-05-24,2026-05-26,b422931b98e458d4e8887b5ab70988d6b716a09410adb2b6a5b0c9e4ba94329e,KRK,MRS,1329.5761584710265,large_airport,large_airport,Lufthansa,Business,1,One_way,2.0,715.0,971.0,6.0,Morning,Evening,3,5,0,1,0,1,5,0,1
2,2026-05-24,2026-05-26,7977392e8925840eb30eef4e3dfc24f585d95329d0987a94126279346bd5bc35,KRK,MRS,1329.5761584710265,large_airport,large_airport,Lufthansa,Business,1,One_way,2.0,995.0,971.0,6.0,Morning,Night,3,5,0,1,0,1,5,0,1
2,2026-05-24,2026-05-26,d7a66d4e0fd5371be9708ca9e4d18b0cfd43b54222f85676509cd6ffa03d17e1,KRK,MRS,1329.5761584710265,large_airport,large_airport,Lufthansa,Business,1,One_way,2.0,550.0,971.0,13.0,Afternoon,Night,3,5,0,1,0,1,5,0,1
2,2026-05-24,2026-05-26,668188781ed0e183d29d464143be82afb84f284b531c5020744cff5e1984076c,KRK,MRS,1329.5761584710265,large_airport,large_airport,Austrian,Business,1,One_way,1.0,1105.0,1000.0,14.0,Afternoon,Morning,3,5,0,1,0,1,5,0,1
2,2026-05-24,2026-05-26,118541a54558505806f2d9392d8b318b3b576b4a8835c0904393a39ad51fccb0,KRK,MRS,1329.5761584710265,large_airport,large_airport,Lufthansa,Business,1,One_way,1.0,1390.0,1037.0,11.0,Morning,Morning,3,5,0,1,0,1,5,0,1
2,2026-05-24,2026-05-26,0824acf4d3758d9a1f39bd2ae2987c92ea8ef5d7fddd8957cbc13f975c823286,KRK,MRS,1329.5761584710265,large_airport,large_airport,Lufthansa,Business,1,One_way,1.0,1300.0,1037.0,12.0,Afternoon,Morning,3,5,0,1,0,1,5,0,1
2,2026-05-24,2026-05-26,89d63d87410139f83b0eeeebac5167482fa79bc1890f746c021ee25f4d40aca0,KRK,MRS,1329.5761584710265,large_airport,large_airport,Lufthansa,Business,1,One_way,1.0,920.0,1037.0,19.0,Evening,Morning,3,5,0,1,0,1,5,0,1
2,2026-05-24,2026-05-26,126c62a6383817e689eb3e179d624096b7e3801f8a52068c9e685d358e0a9e28,KRK,MRS,1329.5761584710265,large_airport,large_airport,"KLM, Air France",Business,1,One_way,2.0,465.0,1054.0,6.0,Morning,Afternoon,3,5,0,1,0,1,5,0,1
2,2026-05-24,2026-05-26,5417c373e7df71cc9caf60a154a29a2fa61d1c24d1db2d2cefd70f738edc8c87,KRK,MRS,1329.5761584710265,large_airport,large_airport,"KLM, Air France",Business,1,One_way,2.0,595.0,1054.0,6.0,Morning,Afternoon,3,5,0,1,0,1,5,0,1
2,2026-05-24,2026-05-26,31d61c1ed2fda443612a68ce6cfb5e3e4b0f9383c7209fc39f87ccbc878cc08b,KRK,MRS,1329.5761584710265,large_airport,large_airport,"KLM, Air France",Business,1,One_way,2.0,1120.0,1056.0,14.0,Afternoon,Morning,3,5,0,1,0,1,5,0,1
2,2026-05-24,2026-05-26,507f45d74424b7873c6422a48902a6a62f2b93292e1a81c605c8d0c185ac98b8,KRK,MRS,1329.5761584710265,large_airport,large_airport,Turkish Airlines,Business,1,One_way,1.0,780.0,1065.0,20.0,Evening,Morning,3,5,0,1,0,1,5,0,1
2,2026-05-24,2026-05-26,537005099d14f45ef5a1bff2d07a5788ee8912ebe27f1ebf4f39281de500dc55,KRK,MRS,1329.5761584710265,large_airport,large_airport,Turkish Airlines,Business,1,One_way,1.0,1295.0,1065.0,20.0,Evening,Evening,3,5,0,1,0,1,5,0,1
2,2026-05-24,2026-05-26,a5ff48b0a9dcecaa4f93bbac7ea270ca079c9fd7f32f87f2bd09b3b7ff74b4be,KRK,MRS,1329.5761584710265,large_airport,large_airport,"Lufthansa, Austrian",Business,1,One_way,2.0,855.0,1185.0,19.0,Evening,Morning,3,5,0,1,0,1,5,0,1
2,2026-05-24,2026-05-26,f119367ff3786189ad2f8c1da404fc238c38deefabf1134adc849b55b4c9036f,KRK,MRS,1329.5761584710265,large_airport,large_airport,KLM,Business,1,One_way,1.0,610.0,1229.0,6.0,Morning,Afternoon,3,5,0,1,0,1,5,0,1
2,2026-05-24,2026-05-26,0b7636927e4225f945ef01184984feb3637d0ae5e5a21eb0e464264b450625b5,KRK,MRS,1329.5761584710265,large_airport,large_airport,"Lufthansa, Brussels Airlines",Business,1,One_way,2.0,570.0,1285.0,13.0,Afternoon,Night,3,5,0,1,0,1,5,0,1
2,2026-05-24,2026-05-26,d9bc233b5f36cb42f27d85bb0ecd98d8a56e90e911acf5a499b32095ced6c915,KRK,MRS,1329.5761584710265,large_airport,large_airport,"Air Dolomiti, Lufthansa",Business,1,One_way,2.0,350.0,1295.0,16.0,Afternoon,Night,3,5,0,1,0,1,5,0,1
2,2026-05-24,2026-05-26,b5047ed88491432563bcbdd9b35ba628b2901c295c13cf4ba3f137d361f67918,KRK,MRS,1329.5761584710265,large_airport,large_airport,"KLM, Air France",Business,1,One_way,2.0,585.0,1352.0,11.0,Morning,Night,3,5,0,1,0,1,5,0,1
2,2026-05-24,2026-05-26,78fab2e7c01cba6c16eb7b36d97c8f50acd7f06f9f1a63bf462872ba2faec969,KRK,MRS,1329.5761584710265,large_airport,large_airport,"Air Dolomiti, Lufthansa",Business,1,One_way,2.0,1055.0,1432.0,16.0,Afternoon,Morning,3,5,0,1,0,1,5,0,1
2,2026-05-24,2026-05-26,991fa48e34f6d17193b33aa023966b4fe08e963bb3d6bda979821b831dd9d757,KRK,MRS,1329.5761584710265,large_airport,large_airport,"Austrian, Brussels Airlines",Business,1,One_way,2.0,485.0,1519.0,14.0,Afternoon,Night,3,5,0,1,0,1,5,0,1
2,2026-05-24,2026-05-26,7c0dec590e1a8858e5a4b2fdcadc7cbe82589ce3b06b4b3d7effb5efe12f55d6,KRK,MRS,1329.5761584710265,large_airport,large_airport,"LOT, Turkish Airlines",Business,1,One_way,1.0,655.0,1592.0,7.0,Morning,Evening,3,5,0,1,0,1,5,0,1
2,2026-05-24,2026-05-26,50ff0774e6a070861d05ccc5e252a862ae52effc9c37470991f6b45de8b75b79,KRK,MRS,1329.5761584710265,large_airport,large_airport,KLM,Business,1,One_way,1.0,655.0,1646.0,11.0,Morning,Night,3,5,0,1,0,1,5,0,1
2,2026-05-24,2026-05-26,6b49a4a0d93a4ecbf099ec1941a5d8a5bae01e00587211b5ca6bf19f3caf92c4,KRK,MRS,1329.5761584710265,large_airport,large_airport,KLM,Business,1,One_way,1.0,290.0,1646.0,17.0,Evening,Night,3,5,0,1,0,1,5,0,1
2,2026-05-24,2026-05-26,ad85e4ada42b4ba5842987ce1a468e5af11a2dd9463ee998eaea50f9fa5b655a,KRK,MRS,1329.5761584710265,large_airport,large_airport,KLM,Business,1,One_way,1.0,1055.0,1646.0,17.0,Evening,Morning,3,5,0,1,0,1,5,0,1
2,2026-05-24,2026-05-26,4d48cf0bb3b9b4a2fe6ef376dfb9f29fa3a9a16f7c2c0e5e60ce88b03b81054d,KRK,MRS,1329.5761584710265,large_airport,large_airport,British Airways,Business,1,One_way,1.0,865.0,1713.0,19.0,Evening,Morning,3,5,0,1,0,1,5,0,1
2,2026-05-24,2026-05-26,71e1d0890f8373bd7b43b94630d3823acdac3cb2ae6d868845c1abcc4f85272e,KRK,MRS,1329.5761584710265,large_airport,large_airport,British Airways,Business,1,One_way,1.0,1110.0,1713.0,19.0,Evening,Afternoon,3,5,0,1,0,1,5,0,1
2,2026-05-24,2026-05-26,d5cf33f37e3d8aadb4dc412c343068d0dc28cc19919dd91e1d25bb30cf2c87fa,KRK,MRS,1329.5761584710265,large_airport,large_airport,British Airways,Business,1,One_way,1.0,1255.0,1713.0,19.0,Evening,Afternoon,3,5,0,1,0,1,5,0,1
2,2026-05-24,2026-05-26,f80bf1cd118e80959e7bc3dadbf5da8b062faac90a0b18dfe14ae426c447a3d2,KRK,MRS,1329.5761584710265,large_airport,large_airport,British Airways,Business,1,One_way,1.0,1350.0,1713.0,19.0,Evening,Evening,3,5,0,1,0,1,5,0,1
2,2026-05-24,2026-05-26,efd8fe9531fbcfbe4d799197eccb2ce351f9cbfff8afbcfe818e3f77cc917178,KRK,MRS,1329.5761584710265,large_airport,large_airport,British Airways,Business,1,One_way,1.0,1625.0,1713.0,19.0,Evening,Night,3,5,0,1,0,1,5,0,1
2,2026-05-24,2026-05-26,fba3681bc2a4107716d27f0a2301f88b5e51579a76bebe58857b1d32d6025739,KRK,MRS,1329.5761584710265,large_airport,large_airport,"KLM, Air France",Business,1,One_way,2.0,470.0,1799.0,11.0,Morning,Evening,3,5,0,1,0,1,5,0,1
2,2026-05-24,2026-05-26,e40ce59775f5dda1ac94df9d2cfa1fb3a135d6333011aeaaf017b8f84d164a87,KRK,MRS,1329.5761584710265,large_airport,large_airport,"KLM, Air France",Business,1,One_way,2.0,605.0,1799.0,11.0,Morning,Night,3,5,0,1,0,1,5,0,1
2,2026-05-24,2026-05-26,411e9f07bfb188bfabfb3accb2c7ef72cb0e9879a79784f4af78ed19dacedde2,KRK,MRS,1329.5761584710265,large_airport,large_airport,"LOT, Brussels Airlines",Business,1,One_way,2.0,640.0,2198.0,12.0,Afternoon,Night,3,5,0,1,0,1,5,0,1
2,2026-05-24,2026-05-26,2082d9e9d9dd499a8e5b46104b757ed2b72259574e13b0c4a7623311571bb430,KRK,MRS,1329.5761584710265,large_airport,large_airport,"LOT, Brussels Airlines",Business,1,One_way,2.0,550.0,2198.0,13.0,Afternoon,Night,3,5,0,1,0,1,5,0,1
2,2026-05-24,2026-05-26,857ca1cac804081c344b227fd46edec52726ba512b6af6542aa6236292a11ca8,KRK,MRS,1329.5761584710265,large_airport,large_airport,"LOT, Brussels Airlines",Business,1,One_way,2.0,480.0,2198.0,14.0,Afternoon,Night,3,5,0,1,0,1,5,0,1
2,2026-05-24,2026-05-26,b769f1000bb123fd1ec078087dfa7359d9369f0c36d14f70de76bc6ea8fbda56,KRK,MRS,1329.5761584710265,large_airport,large_airport,"LOT, Brussels Airlines",Business,1,One_way,2.0,425.0,2335.0,5.0,Morning,Afternoon,3,5,0,1,0,1,5,0,1
2,2026-05-24,2026-05-26,ef75eb429ae0424082f7deb6a433c7b329818198fddde7c53976b1e22398391c,KRK,MRS,1329.5761584710265,large_airport,large_airport,"SWISS, Brussels Airlines",Business,1,One_way,2.0,990.0,2375.0,20.0,Evening,Afternoon,3,5,0,1,0,1,5,0,1
2,2026-05-24,2026-05-26,96cc57a6c8a60a4851874a30ae7c6471923607b0516a59cbea9353179936f990,KRK,NCE,1190.0981196938565,large_airport,large_airport,Scandinavian Airlines,Premium economy,1,One_way,1.0,745.0,553.0,20.0,Evening,Morning,3,5,0,1,0,1,5,0,1
2,2026-05-24,2026-05-26,cb6854c4a65888e6286d4b80a0f9fd9e83310b80f063f54e98c09aaf42b6231d,KRK,NCE,1190.0981196938565,large_airport,large_airport,"Scandinavian Airlines, Lufthansa",Premium economy,1,One_way,2.0,480.0,3886.0,10.0,Morning,Evening,3,5,0,1,0,1,5,0,1
2,2026-05-24,2026-05-26,98cd77017231431c02e389b103f4d2d2a2a2da6d041374306dbe31a468314bcb,KRK,NCE,1190.0981196938565,large_airport,large_airport,"Scandinavian Airlines, Lufthansa",Premium economy,1,One_way,2.0,760.0,3886.0,10.0,Morning,Night,3,5,0,1,0,1,5,0,1
2,2026-05-24,2026-05-26,c52ccf304d6b1e35b82e829dc1fa56ceec2bde28c63576d34c27fdc19f2e4849,KRK,NCE,1190.0981196938565,large_airport,large_airport,,Premium economy,1,One_way,,,0.0,,,,3,5,0,1,0,1,5,0,1
2,2026-05-24,2026-05-26,690d64d54eca777927fb6c63f1696d423e2497ae47e589c15ee7885bee9e2b9c,KRK,NCE,1190.0981196938565,large_airport,large_airport,"LOT, ITA",Business,1,One_way,1.0,290.0,874.0,9.0,Morning,Afternoon,3,5,0,1,0,1,5,0,1
2,2026-05-24,2026-05-26,1da5c45c939a0b3d610f7e145e735849016c4957d0bd6b3797a24c269ed45cc5,KRK,NCE,1190.0981196938565,large_airport,large_airport,KLM,Business,1,One_way,1.0,300.0,876.0,6.0,Morning,Morning,3,5,0,1,0,1,5,0,1
2,2026-05-24,2026-05-26,4ec79b111026bb2c25ab6da42630fabe370294ebf222bb3632e6090e07cf01cc,KRK,NCE,1190.0981196938565,large_airport,large_airport,LOT,Business,1,One_way,1.0,250.0,1193.0,5.0,Morning,Morning,3,5,0,1,0,1,5,0,1
2,2026-05-24,2026-05-26,6bd47b99824e8b496ffa7ca2bb6cde13425ef08e1748f4fb548900e5737dc416,KRK,NCE,1190.0981196938565,large_airport,large_airport,Austrian,Business,1,One_way,1.0,350.0,1768.0,14.0,Afternoon,Evening,3,5,0,1,0,1,5,0,1
2,2026-05-24,2026-05-26,d28e871d091c7ef572c6ffaef2f5e442fd27440f5210201484c2b1202576bdf9,KRK,NCE,1190.0981196938565,large_airport,large_airport,Lufthansa,Business,1,One_way,1.0,325.0,1781.0,12.0,Afternoon,Evening,3,5,0,1,0,1,5,0,1
2,2026-05-24,2026-05-26,7c01c1058ab40ac0edac279285acb95acc3ce11bca66adecf449033299774da2,KRK,NCE,1190.0981196938565,large_airport,large_airport,Scandinavian Airlines,Business,1,One_way,1.0,745.0,629.0,20.0,Evening,Morning,3,5,0,1,0,1,5,0,1
2,2026-05-24,2026-05-26,d57b27abd34b34d4b430ebfb12187b15363943c32d8c66b320966b5f68406ca9,KRK,NCE,1190.0981196938565,large_airport,large_airport,"LOT, ITA",Business,1,One_way,1.0,530.0,874.0,9.0,Morning,Evening,3,5,0,1,0,1,5,0,1
2,2026-05-24,2026-05-26,4ff26a17205f039edeb7e9c05db381b8e65ec271bb84f842b977fe190cd26a7c,KRK,NCE,1190.0981196938565,large_airport,large_airport,KLM,Business,1,One_way,1.0,595.0,876.0,6.0,Morning,Afternoon,3,5,0,1,0,1,5,0,1
2,2026-05-24,2026-05-26,0b9fc141603145fc3588ef0a90df71d5d5e8a8d7b89a8c533053f760da64eb68,KRK,NCE,1190.0981196938565,large_airport,large_airport,KLM,Business,1,One_way,1.0,955.0,876.0,6.0,Morning,Night,3,5,0,1,0,1,5,0,1
2,2026-05-24,2026-05-26,61d181f2d3146cf71401478e8ea5983472513bbdbb4f52a608a582984a60668a,KRK,NCE,1190.0981196938565,large_airport,large_airport,KLM,Business,1,One_way,1.0,500.0,876.0,14.0,Afternoon,Night,3,5,0,1,0,1,5,0,1
2,2026-05-24,2026-05-26,927feef6fb5289bd879131d57202492058a6d98c2b9d3cf2ec55e85b22c2072c,KRK,NCE,1190.0981196938565,large_airport,large_airport,"Lufthansa, ITA",Business,1,One_way,2.0,750.0,899.0,6.0,Morning,Evening,3,5,0,1,0,1,5,0,1
2,2026-05-24,2026-05-26,ac3b17f074a0acb9523235157c2a8edddf6191b4b6dc81276ad8f1a03c652039,KRK,NCE,1190.0981196938565,large_airport,large_airport,"KLM, Air France",Business,1,One_way,2.0,560.0,994.0,6.0,Morning,Afternoon,3,5,0,1,0,1,5,0,1
2,2026-05-24,2026-05-26,86f9da1eb09143200487449fad344fe90dfe96dd52415c149ee06cf6133f2928,KRK,NCE,1190.0981196938565,large_airport,large_airport,"KLM, Air France",Business,1,One_way,2.0,635.0,994.0,6.0,Morning,Evening,3,5,0,1,0,1,5,0,1
2,2026-05-24,2026-05-26,d0fea3189db3506b280832471a752958ef0969c13e50efc5064a72be3cdd9043,KRK,NCE,1190.0981196938565,large_airport,large_airport,"KLM, Air France",Business,1,One_way,2.0,445.0,994.0,14.0,Afternoon,Night,3,5,0,1,0,1,5,0,1
2,2026-05-24,2026-05-26,9e9eca598fe1642edbd723337620f19baa0b8a32f1d34ae8ec2f55b12855a89f,KRK,NCE,1190.0981196938565,large_airport,large_airport,"KLM, Air France",Business,1,One_way,2.0,515.0,994.0,14.0,Afternoon,Night,3,5,0,1,0,1,5,0,1
2,2026-05-24,2026-05-26,318909d576a8fa15796a46d3993717bc50352b7308f899a1254a8d79e0db4bed,KRK,NCE,1190.0981196938565,large_airport,large_airport,"Lufthansa, Austrian",Business,1,One_way,2.0,570.0,1066.0,11.0,Morning,Evening,3,5,0,1,0,1,5,0,1
2,2026-05-24,2026-05-26,8b1867e162b9b2c610a9ce0985d2d7a501612581bf9b6284cceca51b13f860f3,KRK,NCE,1190.0981196938565,large_airport,large_airport,"Lufthansa, Austrian",Business,1,One_way,2.0,480.0,1066.0,12.0,Afternoon,Evening,3,5,0,1,0,1,5,0,1
2,2026-05-24,2026-05-26,c4deefae215364556ec85b25c1a42cb252a8fd1e98fc74341d016a8cfc6dfa33,KRK,NCE,1190.0981196938565,large_airport,large_airport,KLM,Business,1,One_way,1.0,635.0,1152.0,11.0,Morning,Night,3,5,0,1,0,1,5,0,1
2,2026-05-24,2026-05-26,f9782be16d4aef3e3d496e5b30090a598f1064410dbeb9fe31a039caceeb2b11,KRK,NCE,1190.0981196938565,large_airport,large_airport,"Lufthansa, Eurowings",Business,1,One_way,2.0,505.0,1244.0,6.0,Morning,Afternoon,3,5,0,1,0,1,5,0,1
2,2026-05-24,2026-05-26,981a3fa077be4e46448edb8f1ea62e6361c900e1cdada273b97f1451e0113e5a,KRK,NCE,1190.0981196938565,large_airport,large_airport,"KLM, Air France",Business,1,One_way,2.0,585.0,1272.0,11.0,Morning,Night,3,5,0,1,0,1,5,0,1
2,2026-05-24,2026-05-26,7161c3eab2ad6fbdbe8c795893935620cb1a5ab5bc7636f4695b373300cae7e3,KRK,NCE,1190.0981196938565,large_airport,large_airport,"KLM, Air France",Business,1,One_way,2.0,470.0,1283.0,6.0,Morning,Afternoon,3,5,0,1,0,1,5,0,1
2,2026-05-24,2026-05-26,523e4f7eb3a64ae363222453dd1b7a5190047eca3beac62dfe42d97ee21cf45c,KRK,NCE,1190.0981196938565,large_airport,large_airport,"KLM, Air France",Business,1,One_way,2.0,720.0,1283.0,6.0,Morning,Evening,3,5,0,1,0,1,5,0,1
2,2026-05-24,2026-05-26,0ed2d81992283f40de8de9415b17c702748136d3e51a9dc468da25bbdc479628,KRK,NCE,1190.0981196938565,large_airport,large_airport,"KLM, Air France",Business,1,One_way,2.0,400.0,1283.0,11.0,Morning,Evening,3,5,0,1,0,1,5,0,1
2,2026-05-24,2026-05-26,d38ca4158bff1678c09b3e7d83a06d6db01900179da601278d228deba8003785,KRK,NCE,1190.0981196938565,large_airport,large_airport,"KLM, Air France",Business,1,One_way,2.0,475.0,1283.0,11.0,Morning,Evening,3,5,0,1,0,1,5,0,1
2,2026-05-24,2026-05-26,3ef8e1332c5264e7b48a8aecb2ea455b06f135f58642fe4c0d0a4e3767ffd39c,KRK,NCE,1190.0981196938565,large_airport,large_airport,"KLM, Air France",Business,1,One_way,2.0,650.0,1283.0,11.0,Morning,Night,3,5,0,1,0,1,5,0,1
2,2026-05-24,2026-05-26,11ab57fd6afd15192019e4303968e4889e5804cceb6bfbf6c11fa3aa037fceba,KRK,NCE,1190.0981196938565,large_airport,large_airport,Turkish Airlines,Business,1,One_way,1.0,755.0,1381.0,20.0,Evening,Morning,3,5,0,1,0,1,5,0,1
2,2026-05-24,2026-05-26,9fabeab31bf79937a3d6850d1c0ddb2c6467bc1f15e3aa2a326b9d59beff3ff6,KRK,NCE,1190.0981196938565,large_airport,large_airport,"Lufthansa, Brussels Airlines",Business,1,One_way,2.0,415.0,1393.0,6.0,Morning,Afternoon,3,5,0,1,0,1,5,0,1
2,2026-05-24,2026-05-26,bfff0cae41d818e4b50bded7c1524c4edca361beeb56d8e120373f318afb4a3a,KRK,NCE,1190.0981196938565,large_airport,large_airport,"Austrian, Lufthansa",Business,1,One_way,2.0,475.0,1435.0,14.0,Afternoon,Night,3,5,0,1,0,1,5,0,1
2,2026-05-24,2026-05-26,56bf7b2c0b3965cc47ea1ca12b5d2f1c3d4538a54fd7171fb1833181fa3c883e,KRK,NCE,1190.0981196938565,large_airport,large_airport,"LOT, Turkish Airlines",Business,1,One_way,1.0,685.0,1592.0,7.0,Morning,Evening,3,5,0,1,0,1,5,0,1
2,2026-05-24,2026-05-26,40152e67889db321d2b57bf99d16c221eb669bd79853bc359332c2d8d7fa6f27,KRK,NCE,1190.0981196938565,large_airport,large_airport,SWISS,Business,1,One_way,1.0,750.0,1771.0,20.0,Evening,Morning,3,5,0,1,0,1,5,0,1
2,2026-05-24,2026-05-26,f81e6b6ff826950a8add05f47f692f038f7ddb403d2a472ab09da75f5b070483,KRK,NCE,1190.0981196938565,large_airport,large_airport,SWISS,Business,1,One_way,1.0,820.0,1771.0,20.0,Evening,Morning,3,5,0,1,0,1,5,0,1
2,2026-05-24,2026-05-26,009e43891b1c552bef28288885013287858dc63a4d64742f0eb4442e63e681a1,KRK,NCE,1190.0981196938565,large_airport,large_airport,Lufthansa,Business,1,One_way,1.0,400.0,1772.0,6.0,Morning,Afternoon,3,5,0,1,0,1,5,0,1
2,2026-05-24,2026-05-26,5158b09ac33f91825269dd47dadfcc723d2a23d912cc151472233c7e78e3925f,KRK,NCE,1190.0981196938565,large_airport,large_airport,Lufthansa,Business,1,One_way,1.0,605.0,1772.0,13.0,Afternoon,Night,3,5,0,1,0,1,5,0,1
2,2026-05-24,2026-05-26,906b7cf8670db6121b9a4ecb0ae3d67e62ae10aaf06ab19f2756bc7d9913064e,KRK,NCE,1190.0981196938565,large_airport,large_airport,"Air Dolomiti, Lufthansa",Business,1,One_way,1.0,405.0,1772.0,16.0,Afternoon,Night,3,5,0,1,0,1,5,0,1
2,2026-05-24,2026-05-26,ec2613d0635c95c3d3696f7ddeb1efb43228401010eb12ff7f821bfe6e952082,KRK,NCE,1190.0981196938565,large_airport,large_airport,Lufthansa,Business,1,One_way,1.0,415.0,1781.0,11.0,Morning,Evening,3,5,0,1,0,1,5,0,1
2,2026-05-24,2026-05-26,e6a7dcdd8f0ed91beea357d6687c8043f92ad4b02dd6378c5da47e5c0e79220d,KRK,NCE,1190.0981196938565,large_airport,large_airport,Lufthansa,Business,1,One_way,1.0,695.0,1781.0,11.0,Morning,Night,3,5,0,1,0,1,5,0,1
2,2026-05-24,2026-05-26,9165722ee3096ce695efd1459ecfac1b1f8c663fd94aece56b8ecf3e0db5730d,KRK,NCE,1190.0981196938565,large_airport,large_airport,Lufthansa,Business,1,One_way,1.0,605.0,1781.0,12.0,Afternoon,Night,3,5,0,1,0,1,5,0,1
2,2026-05-24,2026-05-26,aa735e1062affbb7c13611902f7b0006e381e32697eabe6bd9f337573489eecf,WAW,CDG,1342.3755951921296,large_airport,large_airport,LOT,Business,1,One_way,0.0,150.0,1318.0,16.0,Afternoon,Evening,3,5,0,1,0,1,5,0,1
2,2026-05-24,2026-05-26,853fbbb9b1422318f38244912e915f817855be69803d8767c657f5338f4da43b,WAW,CDG,1342.3755951921296,large_airport,large_airport,LOT,Business,1,One_way,0.0,150.0,1318.0,20.0,Evening,Night,3,5,0,1,0,1,5,0,1
2,2026-05-24,2026-05-26,b761009ae96ac7b3ebc18ad88ba1b5e261c0d6c778cc0e57646b2b636d0747b0,WAW,CDG,1342.3755951921296,large_airport,large_airport,Air France,Business,1,One_way,0.0,145.0,1666.0,12.0,Afternoon,Afternoon,3,5,0,1,0,1,5,0,1
2,2026-05-24,2026-05-26,e89f7e1f09c477bd85d9d5086b88726ec2b3016fef90f23437a9bd253aea3776,WAW,CDG,1342.3755951921296,large_airport,large_airport,Scandinavian Airlines,Business,1,One_way,1.0,550.0,634.0,10.0,Morning,Evening,3,5,0,1,0,1,5,0,1
2,2026-05-24,2026-05-26,bd2b53694ffec8e9d31ca80164b15f164f29e5f0a454290224ac35503cb18864,WAW,CDG,1342.3755951921296,large_airport,large_airport,Scandinavian Airlines,Business,1,One_way,1.0,260.0,634.0,15.0,Afternoon,Evening,3,5,0,1,0,1,5,0,1
2,2026-05-24,2026-05-26,1b89a8a85f9e26d538ee5a5e360951875ed0670c9585bf452f603131b89981b5,WAW,CDG,1342.3755951921296,large_airport,large_airport,Scandinavian Airlines,Business,1,One_way,1.0,795.0,637.0,19.0,Evening,Morning,3,5,0,1,0,1,5,0,1
2,2026-05-24,2026-05-26,7d3b4bcbb5041b59d48ce3ffa34b7c49d656ce71a1f5d11d5cdedfaddcefa061,WAW,CDG,1342.3755951921296,large_airport,large_airport,Scandinavian Airlines,Business,1,One_way,1.0,880.0,637.0,19.0,Evening,Morning,3,5,0,1,0,1,5,0,1
2,2026-05-24,2026-05-26,62ace6f5ba7fbc241803b3d138b7d8bfc013765e6f290ba95fe37eac3cdc79ed,WAW,CDG,1342.3755951921296,large_airport,large_airport,KLM,Business,1,One_way,1.0,460.0,836.0,6.0,Morning,Afternoon,3,5,0,1,0,1,5,0,1
2,2026-05-24,2026-05-26,94ba8bc01d6f41908794291f5c222f19e9ec57537424cbfd804dea9f59ce17ab,WAW,CDG,1342.3755951921296,large_airport,large_airport,"KLM, Air France",Business,1,One_way,1.0,575.0,836.0,6.0,Morning,Afternoon,3,5,0,1,0,1,5,0,1
2,2026-05-24,2026-05-26,483fc27898aa253866b091ae4a5e4896f072601a3c4e5546014014bf8fad3024,WAW,CDG,1342.3755951921296,large_airport,large_airport,"KLM, Air France",Business,1,One_way,1.0,600.0,836.0,6.0,Morning,Afternoon,3,5,0,1,0,1,5,0,1
2,2026-05-24,2026-05-26,63b92dd331998df5f09c1bb1b58515e1909ee6f446faad361ff2da5d8c4ccd75,WAW,CDG,1342.3755951921296,large_airport,large_airport,British Airways,Business,1,One_way,1.0,570.0,850.0,8.0,Morning,Evening,3,5,0,1,0,1,5,0,1
2,2026-05-24,2026-05-26,628a3f7e1a1f343ff8ad54fb0f27f6b5f2c0728910a9135e0903d9c599de99ca,WAW,CDG,1342.3755951921296,large_airport,large_airport,British Airways,Business,1,One_way,1.0,895.0,850.0,8.0,Morning,Night,3,5,0,1,0,1,5,0,1
2,2026-05-24,2026-05-26,d3a40e0c1c9b191f67a94730d544e3ae6fc3228105b5142d0bef072df2cab5a9,WAW,CDG,1342.3755951921296,large_airport,large_airport,"Lufthansa, Austrian",Business,1,One_way,2.0,505.0,983.0,6.0,Morning,Afternoon,3,5,0,1,0,1,5,0,1
2,2026-05-24,2026-05-26,ffe981bf9117fa86849acb69355da184513f85a7b14ff6dd305a960f480c947c,WAW,CDG,1342.3755951921296,large_airport,large_airport,"Lufthansa, Austrian",Business,1,One_way,2.0,440.0,983.0,9.0,Morning,Evening,3,5,0,1,0,1,5,0,1
2,2026-05-24,2026-05-26,b5258ad1b7c40fb58d4fef7a09c616d12547fd86013511d885bf8547ba29d241,WAW,CDG,1342.3755951921296,large_airport,large_airport,Aegean,Business,1,One_way,1.0,945.0,993.0,18.0,Evening,Morning,3,5,0,1,0,1,5,0,1
2,2026-05-24,2026-05-26,bc5166f424cd946fb01ab5649db3a9183475dab3c3131783e20c9908058d3e5b,WAW,CDG,1342.3755951921296,large_airport,large_airport,Aegean,Business,1,One_way,1.0,1125.0,993.0,18.0,Evening,Afternoon,3,5,0,1,0,1,5,0,1
2,2026-05-24,2026-05-26,ecc076917e85da1661bf151a53c5ca754e789e5c3e73a0a5e1c8536688ea5cb5,WAW,CDG,1342.3755951921296,large_airport,large_airport,"Lufthansa, Austrian",Business,1,One_way,2.0,490.0,1052.0,14.0,Afternoon,Night,3,5,0,1,0,1,5,0,1
2,2026-05-24,2026-05-26,5f19b00b1d070f4f12c477971cbbc10c59116a5cdfbe5cd208085b50c3d3f391,WAW,CDG,1342.3755951921296,large_airport,large_airport,"KLM, Air France",Business,1,One_way,1.0,295.0,1074.0,6.0,Morning,Morning,3,5,0,1,0,1,5,0,1
2,2026-05-24,2026-05-26,48d182ab96c0eff56f124243fd4a202da4f241997b26b6d9333bd4a202f00b06,WAW,CDG,1342.3755951921296,large_airport,large_airport,"KLM, Air France",Business,1,One_way,1.0,360.0,1074.0,6.0,Morning,Afternoon,3,5,0,1,0,1,5,0,1
2,2026-05-24,2026-05-26,1e93d070659288fbe95d387c73af8ea23b6baec00bb5935880505abe0794570d,WAW,CDG,1342.3755951921296,large_airport,large_airport,KLM,Business,1,One_way,1.0,705.0,1074.0,6.0,Morning,Evening,3,5,0,1,0,1,5,0,1
2,2026-05-24,2026-05-26,44d9fbcb840d797dfb3b1719668495ea661042bc43a4684762c9f9142a6fc89a,WAW,CDG,1342.3755951921296,large_airport,large_airport,KLM,Business,1,One_way,1.0,785.0,1074.0,6.0,Morning,Evening,3,5,0,1,0,1,5,0,1
2,2026-05-24,2026-05-26,67c53c61b80b2e3e44abd98c32fbe77829fd0fe1fae79f579c6d8088b35dd919,WAW,CDG,1342.3755951921296,large_airport,large_airport,"KLM, Air France",Business,1,One_way,1.0,845.0,1074.0,6.0,Morning,Evening,3,5,0,1,0,1,5,0,1
2,2026-05-24,2026-05-26,bdedb028e9bdb2531411f63a59899ac68b57036e7f985c0ca988382003d57567,WAW,CDG,1342.3755951921296,large_airport,large_airport,KLM,Business,1,One_way,1.0,320.0,1074.0,12.0,Afternoon,Evening,3,5,0,1,0,1,5,0,1
2,2026-05-24,2026-05-26,116d40513dab0a66e0a570f03c0b8ebd6c248d3068826ae0d3d9747b69925cc1,WAW,CDG,1342.3755951921296,large_airport,large_airport,KLM,Business,1,One_way,1.0,400.0,1074.0,12.0,Afternoon,Evening,3,5,0,1,0,1,5,0,1
2,2026-05-24,2026-05-26,a9d246858f5c61cfaf699d5af6efd701b06d5c7539ea3e7cbb9e0e4848f6d284,WAW,CDG,1342.3755951921296,large_airport,large_airport,"KLM, Air France",Business,1,One_way,1.0,460.0,1074.0,12.0,Afternoon,Evening,3,5,0,1,0,1,5,0,1
2,2026-05-24,2026-05-26,d106daa65dffcce636c119d3aec1e4c2534f2c4f98d957f5d41cce7c3359313d,WAW,CDG,1342.3755951921296,large_airport,large_airport,"KLM, Air France",Business,1,One_way,1.0,565.0,1074.0,12.0,Afternoon,Night,3,5,0,1,0,1,5,0,1
2,2026-05-24,2026-05-26,fdde945d0ed3ad6313958b2141bcbc1a920b700c39ebaddef83e3ef631cd02aa,WAW,CDG,1342.3755951921296,large_airport,large_airport,"KLM, Air France",Business,1,One_way,1.0,280.0,1074.0,17.0,Evening,Night,3,5,0,1,0,1,5,0,1
2,2026-05-24,2026-05-26,18e48a911d7cb81a1417b5295c39a5157af8a94d137ea02b42f6b6761d506406,WAW,CDG,1342.3755951921296,large_airport,large_airport,Turkish Airlines,Business,1,One_way,1.0,480.0,1074.0,10.0,Morning,Evening,3,5,0,1,0,1,5,0,1
2,2026-05-24,2026-05-26,8c6bffb153c9f5a070bbc1c60890b79629dd8c4a19bdbca01dc6471de820c83c,WAW,CDG,1342.3755951921296,large_airport,large_airport,Turkish Airlines,Business,1,One_way,1.0,745.0,1074.0,10.0,Morning,Night,3,5,0,1,0,1,5,0,1
2,2026-05-24,2026-05-26,c70faf8185ca6acfc00202e86ad3c399beb450302aba1b24d8e8b0b385cd44fc,WAW,CDG,1342.3755951921296,large_airport,large_airport,Turkish Airlines,Business,1,One_way,1.0,880.0,1080.0,19.0,Evening,Morning,3,5,0,1,0,1,5,0,1
2,2026-05-24,2026-05-26,94939b46232e85cfeafe7ce78a51d996d49b789f5d68fcdf364af5214bba8a6d,WAW,CDG,1342.3755951921296,large_airport,large_airport,Turkish Airlines,Business,1,One_way,1.0,1050.0,1080.0,19.0,Evening,Afternoon,3,5,0,1,0,1,5,0,1
2,2026-05-24,2026-05-26,4e7b85ad74379630029211dcc391ab0f26460ff495c9834d911c2deff2283848,WAW,CDG,1342.3755951921296,large_airport,large_airport,"LOT, Austrian",Business,1,One_way,2.0,445.0,1111.0,7.0,Morning,Afternoon,3,5,0,1,0,1,5,0,1
2,2026-05-24,2026-05-26,e08710537b8a54d4624dde74878416752a8d6692c11d4e01392381e75d8ddf11,WAW,CDG,1342.3755951921296,large_airport,large_airport,"LOT, Air Baltic",Business,1,One_way,1.0,725.0,1132.0,21.0,Night,Morning,3,5,0,1,0,1,5,0,1
2,2026-05-24,2026-05-26,6ec17e3d0dcb8e304b0049a1c1bc6e8233654f133fd22cbfffa7a2a490ce43a8,WAW,CDG,1342.3755951921296,large_airport,large_airport,"LOT, Air Baltic",Business,1,One_way,1.0,630.0,1132.0,23.0,Night,Morning,3,5,0,1,0,1,5,0,1
2,2026-05-24,2026-05-26,b8e59162c19cfd7d64a9050bb498f14fdf0e3bca363b6b63c248f66770b67677,WAW,CDG,1342.3755951921296,large_airport,large_airport,British Airways,Business,1,One_way,1.0,325.0,1134.0,8.0,Morning,Afternoon,3,5,0,1,0,1,5,0,1
2,2026-05-24,2026-05-26,656a1477ed8c3b9899fc831f06b0f41bf9cc0047996238b78b2bfc619df0eeec,WAW,CDG,1342.3755951921296,large_airport,large_airport,"LOT, ITA",Business,1,One_way,1.0,355.0,1240.0,7.0,Morning,Afternoon,3,5,0,1,0,1,5,0,1
2,2026-05-24,2026-05-26,9a95e86850a2cba284f3ddd4fc5a067b76e742eb09d82cfded366e35aa7c4892,WAW,CDG,1342.3755951921296,large_airport,large_airport,"LOT, ITA",Business,1,One_way,1.0,600.0,1240.0,7.0,Morning,Evening,3,5,0,1,0,1,5,0,1
2,2026-05-24,2026-05-26,9aabfd31fc140c17917814884b2576c3fc59606607a0bb33243ecf8c94e3e736,WAW,CDG,1342.3755951921296,large_airport,large_airport,"LOT, ITA",Business,1,One_way,1.0,980.0,1240.0,7.0,Morning,Night,3,5,0,1,0,1,5,0,1
2,2026-05-24,2026-05-26,f77dbb8d4cb6982ab9ce6d85a107c315bee7fdafccb6fbb67b549601b07b054f,WAW,CDG,1342.3755951921296,large_airport,large_airport,"LOT, ITA",Business,1,One_way,1.0,485.0,1240.0,15.0,Afternoon,Night,3,5,0,1,0,1,5,0,1
2,2026-05-24,2026-05-26,336630d40df6a048c16ee2ff6d2d2bccf09208fec14abac4e85d44f5a0a435d4,WAW,CDG,1342.3755951921296,large_airport,large_airport,LOT,Business,1,One_way,0.0,150.0,1318.0,7.0,Morning,Morning,3,5,0,1,0,1,5,0,1
2,2026-05-24,2026-05-26,16e655f3ed1b9ac923f10d7969c1ea682ae9a482640be849352939e281da2334,WAW,CDG,1342.3755951921296,large_airport,large_airport,"Brussels Airlines, Lufthansa City Airlines",Business,1,One_way,2.0,400.0,1320.0,6.0,Morning,Afternoon,3,5,0,1,0,1,5,0,1
2,2026-05-24,2026-05-26,6b71f9aa2b6580a292f7a0697c8f9c28e7732a6ed12826d29dff7b7a9a2a6b5f,WAW,CDG,1342.3755951921296,large_airport,large_airport,British Airways,Business,1,One_way,1.0,340.0,1375.0,11.0,Morning,Evening,3,5,0,1,0,1,5,0,1
2,2026-05-24,2026-05-26,7e88d2b65eaddea00446bb3aa0a6c5456f96b52b2d05158ed56a170527875a17,WAW,CDG,1342.3755951921296,large_airport,large_airport,British Airways,Business,1,One_way,1.0,665.0,1375.0,11.0,Morning,Night,3,5,0,1,0,1,5,0,1
2,2026-05-24,2026-05-26,50079474848c78d23bcdb4b1b9ec89ee2ac84964ed61e1fd7d22bada35de9902,WAW,CDG,1342.3755951921296,large_airport,large_airport,"LOT, Air Baltic",Business,1,One_way,1.0,590.0,1424.0,23.0,Night,Morning,3,5,0,1,0,1,5,0,1
2,2026-05-24,2026-05-26,3bf0266f4f24437dc378b4978743cee424082ff3e0f0cd6c8ef3173fec98efb1,WAW,CDG,1342.3755951921296,large_airport,large_airport,"LOT, Austrian",Business,1,One_way,2.0,455.0,1489.0,7.0,Morning,Afternoon,3,5,0,1,0,1,5,0,1
2,2026-05-24,2026-05-26,a10cb8320f9413b960f8cc5729d623cdb741a004bde6ca05e0a4b6d14a9e6057,WAW,CDG,1342.3755951921296,large_airport,large_airport,"Lufthansa, Austrian",Business,1,One_way,2.0,545.0,1491.0,6.0,Morning,Afternoon,3,5,0,1,0,1,5,0,1
2,2026-05-24,2026-05-26,46224a4feb41fbe9f0385b27023d1b040f3c7452d0ab25f9d6519a1c64e056e8,WAW,CDG,1342.3755951921296,large_airport,large_airport,Air France,Business,1,One_way,0.0,160.0,1666.0,6.0,Morning,Morning,3,5,0,1,0,1,5,0,1
2,2026-05-24,2026-05-26,d87195228d8600e1090488839ebbbaad5493852394a9b1afeee12fbdd6ed5085,WAW,CDG,1342.3755951921296,large_airport,large_airport,Air France,Business,1,One_way,0.0,150.0,1666.0,16.0,Afternoon,Evening,3,5,0,1,0,1,5,0,1
2,2026-05-24,2026-05-26,6456b7cf0965fa17d4de90095c248d9eb1b775ba6fbf1b93b1101124964d7507,WAW,CDG,1342.3755951921296,large_airport,large_airport,Air France,Business,1,One_way,0.0,145.0,1666.0,19.0,Evening,Night,3,5,0,1,0,1,5,0,1
2,2026-05-24,2026-05-26,c869829b2c69c45ab6e7f70671e8510d23b114c546b0af06c4e737e6506218e8,WAW,CDG,1342.3755951921296,large_airport,large_airport,"LOT, Austrian",Business,1,One_way,1.0,470.0,1840.0,7.0,Morning,Afternoon,3,5,0,1,0,1,5,0,1
2,2026-05-24,2026-05-26,5878e03a9ab1b693cc35169b23c8ae02106007b969c2e6cad4e9e014ae99b020,WAW,CDG,1342.3755951921296,large_airport,large_airport,Austrian,Business,1,One_way,1.0,400.0,1840.0,8.0,Morning,Afternoon,3,5,0,1,0,1,5,0,1
2,2026-05-24,2026-05-26,75f82263fa20ab6287106f0d9327f25cce1e0f36ada8277ddff6cd0ab78440b1,WAW,CDG,1342.3755951921296,large_airport,large_airport,Austrian,Business,1,One_way,1.0,260.0,1840.0,15.0,Afternoon,Evening,3,5,0,1,0,1,5,0,1
2,2026-05-24,2026-05-26,33cf9e572e97445bc7c52ece326ee212da7161ff6098d0e896218304cf686216,WAW,CDG,1342.3755951921296,large_airport,large_airport,Austrian,Business,1,One_way,1.0,445.0,1840.0,15.0,Afternoon,Night,3,5,0,1,0,1,5,0,1
2,2026-05-24,2026-05-26,263f2aa92ebf8b72c817ac8390e4cc5d79d1cbfb9c6d5f787a92f47ae5d71083,WAW,CDG,1342.3755951921296,large_airport,large_airport,"LOT, Austrian",Business,1,One_way,1.0,305.0,1840.0,17.0,Evening,Night,3,5,0,1,0,1,5,0,1
2,2026-05-24,2026-05-26,519aca92a6d6eca577462815eed681d430b070e26d225b038fe1e49eb128227b,WAW,CDG,1342.3755951921296,large_airport,large_airport,"LOT, Turkish Airlines",Business,1,One_way,1.0,530.0,1841.0,9.0,Morning,Evening,3,5,0,1,0,1,5,0,1
2,2026-05-24,2026-05-26,23bbf94dca8c9a63982e585c7cd4b8eb1f854a64e474dc86422fb26264210695,WAW,CDG,1342.3755951921296,large_airport,large_airport,"LOT, SWISS",Business,1,One_way,1.0,385.0,1843.0,7.0,Morning,Afternoon,3,5,0,1,0,1,5,0,1
2,2026-05-24,2026-05-26,501837e5f1dcbefe5e054feae8d33590cef3972d050118f919ab2ab0bea46b34,WAW,CDG,1342.3755951921296,large_airport,large_airport,"LOT, SWISS",Business,1,One_way,1.0,675.0,1843.0,7.0,Morning,Evening,3,5,0,1,0,1,5,0,1
2,2026-05-24,2026-05-26,cedd290eebf2808fd97ae6ff2a54828353b2c12cd68e9fcb90534f5a6998fa06,WAW,CDG,1342.3755951921296,large_airport,large_airport,SWISS,Business,1,One_way,1.0,520.0,1843.0,14.0,Afternoon,Night,3,5,0,1,0,1,5,0,1
2,2026-05-24,2026-05-26,a83a5aa31d5c52e003ede1a01d0064ddef150174b36a79ca9a9f7b32b0dabc66,WAW,CDG,1342.3755951921296,large_airport,large_airport,SWISS,Business,1,One_way,1.0,795.0,1843.0,19.0,Evening,Morning,3,5,0,1,0,1,5,0,1
2,2026-05-24,2026-05-26,bffbd2da39fd8443dd9a9352684af46312fe866ebacf0329b3d458066fc32b89,WAW,CDG,1342.3755951921296,large_airport,large_airport,Lufthansa,Business,1,One_way,1.0,335.0,1845.0,6.0,Morning,Morning,3,5,0,1,0,1,5,0,1
2,2026-05-24,2026-05-26,f94c8c845f1d46b35bacf9859295a56f3bfc6116a7877fdce61b41cbbbb9a793,WAW,CDG,1342.3755951921296,large_airport,large_airport,"LOT, Lufthansa",Business,1,One_way,1.0,245.0,1845.0,7.0,Morning,Morning,3,5,0,1,0,1,5,0,1
2,2026-05-24,2026-05-26,4297dccd031bb3712ad84d8be248a10c0c98851728a15a3e9aa6d579480b8252,WAW,CDG,1342.3755951921296,large_airport,large_airport,"LOT, Lufthansa City Airlines",Business,1,One_way,1.0,360.0,1845.0,7.0,Morning,Afternoon,3,5,0,1,0,1,5,0,1
2,2026-05-24,2026-05-26,7233e99428f60b4eda8fe2769ab549e8889010f478bc35644ab470dbd622d0d5,WAW,CDG,1342.3755951921296,large_airport,large_airport,Lufthansa,Business,1,One_way,1.0,240.0,1845.0,13.0,Afternoon,Evening,3,5,0,1,0,1,5,0,1
2,2026-05-24,2026-05-26,232e26d010cff9dc575d270bdbec8f2dd7393b28fc5d64a48469e5fa4da7043a,WAW,CDG,1342.3755951921296,large_airport,large_airport,"LOT, Lufthansa City Airlines",Business,1,One_way,1.0,385.0,1845.0,17.0,Evening,Night,3,5,0,1,0,1,5,0,1
2,2026-05-24,2026-05-26,45940cb6a219659b9f7f7d1693d409795aebe1500004706ce8756769c07318f0,WAW,CDG,1342.3755951921296,large_airport,large_airport,"Lufthansa, Lufthansa City Airlines",Business,1,One_way,1.0,345.0,1845.0,17.0,Evening,Night,3,5,0,1,0,1,5,0,1
2,2026-05-24,2026-05-26,f27e62bb241fdd9e29c57070133acdf2f1c340b91c0b9b11d19ce50d69793a8b,WAW,CDG,1342.3755951921296,large_airport,large_airport,"LOT, Turkish Airlines",Business,1,One_way,1.0,835.0,1853.0,20.0,Evening,Morning,3,5,0,1,0,1,5,0,1
2,2026-05-24,2026-05-26,e8b9e79363d860bdec5da1c2f88956e5bc187294f4c1c665f07a7b788c4a83be,WAW,CDG,1342.3755951921296,large_airport,large_airport,Brussels Airlines,Business,1,One_way,1.0,805.0,1853.0,18.0,Evening,Morning,3,5,0,1,0,1,5,0,1
2,2026-05-24,2026-05-26,d248955784c48284ae27ee2115c7d6213e73bd3f42d6c0bcd5d6e0e30d7d0c08,WAW,CDG,1342.3755951921296,large_airport,large_airport,Brussels Airlines,Business,1,One_way,1.0,895.0,1853.0,18.0,Evening,Morning,3,5,0,1,0,1,5,0,1
2,2026-05-24,2026-05-26,ed62e77226b831e6fdab544801c7047aabd9761f5819e23b68094f01a605e37a,WAW,CDG,1342.3755951921296,large_airport,large_airport,Lufthansa,Business,1,One_way,1.0,260.0,1854.0,6.0,Morning,Morning,3,5,0,1,0,1,5,0,1
2,2026-05-24,2026-05-26,77761f805aaa379b3d79bf48313650896e85a29ea2ff9b808b366b352f771097,WAW,CDG,1342.3755951921296,large_airport,large_airport,Lufthansa,Business,1,One_way,1.0,255.0,1854.0,9.0,Morning,Afternoon,3,5,0,1,0,1,5,0,1
2,2026-05-24,2026-05-26,0209eb64f7c2184cf46e884e4ff75eb071cc654b864e9a9d9dc173eedf19f099,WAW,CDG,1342.3755951921296,large_airport,large_airport,Lufthansa,Business,1,One_way,1.0,275.0,1854.0,14.0,Afternoon,Evening,3,5,0,1,0,1,5,0,1
2,2026-05-24,2026-05-26,d41b56fd378cad9cbd491d5146e7860241e8e749c9db74d2a424570e4483a9c1,WAW,CDG,1342.3755951921296,large_airport,large_airport,"LOT, Lufthansa",Business,1,One_way,1.0,305.0,1854.0,17.0,Evening,Night,3,5,0,1,0,1,5,0,1
2,2026-05-24,2026-05-26,c882958aa738075fe0379870d4d0458a6cfb9527dc085e2ed8dbf2f70c9709c9,WAW,CDG,1342.3755951921296,large_airport,large_airport,Lufthansa,Business,1,One_way,2.0,715.0,1934.0,6.0,Morning,Evening,3,5,0,1,0,1,5,0,1
2,2026-05-24,2026-05-26,19d83213ada2081897b5df9b54024cb5b4136f814205fe5edabbe5f388774785,WAW,CDG,1342.3755951921296,large_airport,large_airport,"LOT, Lufthansa City Airlines",Business,1,One_way,1.0,700.0,2062.0,20.0,Evening,Morning,3,5,0,1,0,1,5,0,1
2,2026-05-24,2026-05-26,ecdbe965e871460299dbf22031afabbba7384e2647f0b49be699d715f44fec5c,WAW,CDG,1342.3755951921296,large_airport,large_airport,"LOT, TAROM",Business,1,One_way,1.0,465.0,2543.0,11.0,Morning,Evening,3,5,0,1,0,1,5,0,1
2,2026-05-24,2026-05-26,0b777e6bd10cb4e87d004385de22591ad83ef2624b0ef28484a3dad86ed078cf,WAW,CDG,1342.3755951921296,large_airport,large_airport,"LOT, TAROM",Business,1,One_way,1.0,720.0,2543.0,23.0,Night,Morning,3,5,0,1,0,1,5,0,1
2,2026-05-24,2026-05-26,091bdddb7ecabd06d16189a49618e2132f1a23b257e3b4a8f68ca522b62b6885,WAW,CDG,1342.3755951921296,large_airport,large_airport,"Scandinavian Airlines, Air France",Business,1,One_way,1.0,985.0,2684.0,19.0,Evening,Afternoon,3,5,0,1,0,1,5,0,1
2,2026-05-24,2026-05-26,737a99b1e44e1eeb2580af9f287ca2b45034cee3af514205ed2df3e1ce17e825,WAW,CDG,1342.3755951921296,large_airport,large_airport,"SWISS, Air France",Business,1,One_way,2.0,425.0,3324.0,14.0,Afternoon,Night,3,5,0,1,0,1,5,0,1
2,2026-05-24,2026-05-26,227b1f086ec6692cfae0c6d63430f124c99e9f519cc042354a01308ff2acd3ec,WAW,CDG,1342.3755951921296,large_airport,large_airport,"Lufthansa, Luxair",Business,1,One_way,2.0,350.0,3644.0,6.0,Morning,Morning,3,5,0,1,0,1,5,0,1
2,2026-05-24,2026-05-26,a70141431d448554bda6f1f0d7952768b5e18c9537ecb0e9ae5adff8b15fd2c1,WAW,ORY,1366.4198179189048,large_airport,large_airport,"British Airways, Vueling",Business,1,One_way,1.0,575.0,588.0,8.0,Morning,Evening,3,5,0,1,0,1,5,0,1
2,2026-05-24,2026-05-26,063dfbf17c96ec7ca1170956d778e6f17f625439f1e4d07a3b0b58da493171ec,WAW,ORY,1366.4198179189048,large_airport,large_airport,Tap Air Portugal,Business,1,One_way,1.0,595.0,1298.0,13.0,Afternoon,Night,3,5,0,1,0,1,5,0,1
2,2026-05-24,2026-05-26,e5248b5c6f40ae7f23cfa27ec70365a9b7c43eb05ec871eb895cb03c70aa7a73,WAW,ORY,1366.4198179189048,large_airport,large_airport,LOT,Business,1,One_way,1.0,290.0,1387.0,14.0,Afternoon,Evening,3,5,0,1,0,1,5,0,1
2,2026-05-24,2026-05-26,2c962a5b010ca88eadb0e2757d90e8a4afbe790c47e3ddf4e07307122e362184,WAW,ORY,1366.4198179189048,large_airport,large_airport,"LOT, ITA",Business,1,One_way,2.0,865.0,1123.0,7.0,Morning,Night,3,5,0,1,0,1,5,0,1
2,2026-05-24,2026-05-26,cf34abdf374975539869fcde09d5d65c7e1e3ea7b1724c543a4aa2b93321df10,WAW,ORY,1366.4198179189048,large_airport,large_airport,LOT,Business,1,One_way,1.0,1425.0,1145.0,19.0,Evening,Evening,3,5,0,1,0,1,5,0,1
2,2026-05-24,2026-05-26,81e8b8d8fe789f5a2c5614afa9244884cae2796af1089a5bc2a68e08f16fce5b,WAW,ORY,1366.4198179189048,large_airport,large_airport,"LOT, ITA",Business,1,One_way,2.0,670.0,1256.0,7.0,Morning,Evening,3,5,0,1,0,1,5,0,1
2,2026-05-24,2026-05-26,e8dcd31c96352d731447018a18e7054fb8a442aa4c44106ce4888933970ca0d2,WAW,ORY,1366.4198179189048,large_airport,large_airport,"LOT, Tap Air Portugal",Business,1,One_way,2.0,755.0,1313.0,7.0,Morning,Evening,3,5,0,1,0,1,5,0,1
2,2026-05-24,2026-05-26,42b8387b1d21a1c463ebffc2551e00afbd58f7bb6cdd41c2a292d1153fabd4ed,WAW,ORY,1366.4198179189048,large_airport,large_airport,LOT,Business,1,One_way,1.0,545.0,1387.0,10.0,Morning,Evening,3,5,0,1,0,1,5,0,1
2,2026-05-24,2026-05-26,24bd1b08178f3fab5f04e7e3faca51a0c36bc60a418101af0c7cf6f40b88ebcb,WAW,ORY,1366.4198179189048,large_airport,large_airport,LOT,Business,1,One_way,1.0,380.0,1387.0,13.0,Afternoon,Evening,3,5,0,1,0,1,5,0,1
2,2026-05-24,2026-05-26,7b0c37f33af3174f29ade26faa311892ff090a57251f434e510a97d73a3646d5,WAW,ORY,1366.4198179189048,large_airport,large_airport,"British Airways, Iberia",Business,1,One_way,2.0,610.0,1819.0,8.0,Morning,Evening,3,5,0,1,0,1,5,0,1
2,2026-05-24,2026-05-26,b52c96dd49b5fe32584946a4710ce345a6b059440f4e8a0b6d91293a5de8fbd5,WAW,ORY,1366.4198179189048,large_airport,large_airport,"British Airways, Iberia",Business,1,One_way,2.0,670.0,1819.0,8.0,Morning,Evening,3,5,0,1,0,1,5,0,1
2,2026-05-24,2026-05-26,7b4b3d821b5794889245a8e818654e327f78c740d30b4895938c36e481dc301c,WAW,ORY,1366.4198179189048,large_airport,large_airport,"British Airways, Iberia",Business,1,One_way,2.0,725.0,1819.0,8.0,Morning,Evening,3,5,0,1,0,1,5,0,1
2,2026-05-24,2026-05-26,9215db7fe0dfc5c0d5bd5c36d814acfd10c9addd67f3bf8812a07e8874a9dfe6,WAW,ORY,1366.4198179189048,large_airport,large_airport,"Lufthansa, ITA",Business,1,One_way,2.0,450.0,1969.0,14.0,Afternoon,Night,3,5,0,1,0,1,5,0,1
2,2026-05-24,2026-05-26,afc15eafaca195381d516d8b51477b61cf48809dd33042b3112eab7805a8751d,WAW,ORY,1366.4198179189048,large_airport,large_airport,"Lufthansa, ITA",Business,1,One_way,2.0,530.0,2116.0,9.0,Morning,Evening,3,5,0,1,0,1,5,0,1
2,2026-05-24,2026-05-26,8429481f200af890fb7ce689a7612321d2eb1e4f93f515e3ceedaeba7afb6e34,WAW,CDG,1342.3755951921296,large_airport,large_airport,Scandinavian Airlines,Premium economy,1,One_way,1.0,795.0,608.0,19.0,Evening,Morning,3,5,0,1,0,1,5,0,1
2,2026-05-24,2026-05-26,9c2da140329be3a3a2e98ae2b19cf092b3d80f3cc44a9bc45aecb3ab400e3b25,WAW,CDG,1342.3755951921296,large_airport,large_airport,"LOT, Scandinavian Airlines",Premium economy,1,One_way,2.0,540.0,3384.0,10.0,Morning,Evening,3,5,0,1,0,1,5,0,1
2,2026-05-24,2026-05-26,e5cbc566933239dc42332dbf77bd936198a3d96e86eb941fe0ea13701fcc1258,WAW,CDG,1342.3755951921296,large_airport,large_airport,"LOT, Scandinavian Airlines",Premium economy,1,One_way,2.0,370.0,3388.0,13.0,Afternoon,Evening,3,5,0,1,0,1,5,0,1
2,2026-05-24,2026-05-26,f13519075b7218dcfebcde86adc750983f695f9721fa25ddd669fe858ec5b401,WAW,CDG,1342.3755951921296,large_airport,large_airport,"Scandinavian Airlines, Lufthansa",Premium economy,1,One_way,2.0,460.0,3548.0,10.0,Morning,Evening,3,5,0,1,0,1,5,0,1
2,2026-05-24,2026-05-26,f056c298cd16daff61c8c82d33b2ace8f6d1627ebd7edf92703b985bd5751329,WAW,CDG,1342.3755951921296,large_airport,large_airport,"Scandinavian Airlines, Lufthansa",Premium economy,1,One_way,2.0,515.0,3548.0,10.0,Morning,Evening,3,5,0,1,0,1,5,0,1
2,2026-05-24,2026-05-26,680bf89fd22c33fe1e8b7fe517b5a201911127e496ee75cf405fa7065c36089b,WAW,CDG,1342.3755951921296,large_airport,large_airport,,Premium economy,1,One_way,,,0.0,,,,3,5,0,1,0,1,5,0,1
2,2026-05-24,2026-05-26,43c6c8094c715317b93173cf6fca17508c97ed8c4a5e7d154a65c95ce702c83f,WAW,ORY,1366.4198179189048,large_airport,large_airport,Wizz Air,Economy,1,One_way,0.0,155.0,184.0,10.0,Morning,Afternoon,3,5,0,1,0,1,5,0,1
2,2026-05-24,2026-05-26,e9962134e3609a5735688fc69eaf78e73900c5c9d1129d6c40478e450c422c9e,WAW,ORY,1366.4198179189048,large_airport,large_airport,"British Airways, Vueling",Economy,1,One_way,1.0,575.0,452.0,8.0,Morning,Evening,3,5,0,1,0,1,5,0,1
2,2026-05-24,2026-05-26,42e5f4a962dd6013c29448ee8e48eb5563d04d659adbd1711c3dd1141432c48e,WAW,ORY,1366.4198179189048,large_airport,large_airport,LOT,Economy,1,One_way,1.0,1425.0,585.0,19.0,Evening,Evening,3,5,0,1,0,1,5,0,1
2,2026-05-24,2026-05-26,ec9e7c780d419148899ced06473268ee4b0cc4fbc17868b92ef82993a1d1fefa,WAW,ORY,1366.4198179189048,large_airport,large_airport,LOT,Economy,1,One_way,1.0,545.0,612.0,10.0,Morning,Evening,3,5,0,1,0,1,5,0,1
2,2026-05-24,2026-05-26,013680d1db3e9d3c07a8ff7ad19102f93a1b101c083513f3cde1c7237461583a,WAW,ORY,1366.4198179189048,large_airport,large_airport,LOT,Economy,1,One_way,1.0,1245.0,656.0,22.0,Night,Evening,3,5,0,1,0,1,5,0,1
2,2026-05-24,2026-05-26,c623e2aab52d2f22e4e6153b414861b239ec27b5cfc360215ddb672106756e2d,WAW,ORY,1366.4198179189048,large_airport,large_airport,LOT,Economy,1,One_way,1.0,380.0,680.0,13.0,Afternoon,Evening,3,5,0,1,0,1,5,0,1
2,2026-05-24,2026-05-26,413fb5dc62a5184b68eeb17fa933f229d140da219e2a9277114dc38080445eb0,WAW,ORY,1366.4198179189048,large_airport,large_airport,LOT,Economy,1,One_way,1.0,290.0,680.0,14.0,Afternoon,Evening,3,5,0,1,0,1,5,0,1
2,2026-05-24,2026-05-26,4eef150ad332cfe137172decfd7f003178121248888c67b58e7aaa16f7395eff,WAW,ORY,1366.4198179189048,large_airport,large_airport,"Brussels Airlines, ITA",Economy,1,One_way,2.0,700.0,873.0,6.0,Morning,Evening,3,5,0,1,0,1,5,0,1
2,2026-05-24,2026-05-26,d00122ca63f3e9d3cc5532d9ba27558b99028525188338526ed6ffc6165ed212,WAW,ORY,1366.4198179189048,large_airport,large_airport,"LOT, ITA",Economy,1,One_way,2.0,670.0,874.0,7.0,Morning,Evening,3,5,0,1,0,1,5,0,1
2,2026-05-24,2026-05-26,a2d2e59848d2f83313279d9dc3a29ee59eacaa459e1651ac189e822b509c353a,WAW,ORY,1366.4198179189048,large_airport,large_airport,"LOT, Tap Air Portugal",Economy,1,One_way,2.0,755.0,880.0,7.0,Morning,Evening,3,5,0,1,0,1,5,0,1
2,2026-05-24,2026-05-26,4cb2160e2fbb0d28e32b3b10b5baa91d170d5fa1a35a1cc06d3a99eade8a234c,WAW,ORY,1366.4198179189048,large_airport,large_airport,"Lufthansa, ITA",Economy,1,One_way,2.0,530.0,978.0,9.0,Morning,Evening,3,5,0,1,0,1,5,0,1
2,2026-05-24,2026-05-26,4691abc34098b7d60dce07468a9d7716e2fbe2c44082de19da08d929f77f050d,WAW,ORY,1366.4198179189048,large_airport,large_airport,"Lufthansa, ITA",Economy,1,One_way,2.0,450.0,978.0,14.0,Afternoon,Night,3,5,0,1,0,1,5,0,1
2,2026-05-24,2026-05-26,8b415e0a6dbbaac80333587faa4a02544a6ef031f3a6942253a1749e44b00f56,WAW,ORY,1366.4198179189048,large_airport,large_airport,"Lufthansa, ITA",Economy,1,One_way,2.0,725.0,1074.0,9.0,Morning,Night,3,5,0,1,0,1,5,0,1
2,2026-05-24,2026-05-26,3afb8704cdd9c2ec71d948bc81ea4aa63efb7d08ed069269ba0431067bf4f96d,WAW,ORY,1366.4198179189048,large_airport,large_airport,Tap Air Portugal,Economy,1,One_way,1.0,595.0,1298.0,13.0,Afternoon,Night,3,5,0,1,0,1,5,0,1
2,2026-05-24,2026-05-26,bbee1ffb15984888f006218d8697833e075274e38a5d8b9c095d9e83ae281791,WAW,ORY,1366.4198179189048,large_airport,large_airport,"LOT, Lufthansa, ITA",Economy,1,One_way,2.0,650.0,1335.0,7.0,Morning,Evening,3,5,0,1,0,1,5,0,1
2,2026-05-24,2026-05-26,a8ab97cdeb94a547d2a3e5890185582512861b8dcc2917425c36aef89d8b8cd7,WAW,MRS,1519.59622663519,large_airport,large_airport,Air France,Economy,1,One_way,1.0,410.0,242.0,6.0,Morning,Afternoon,3,5,0,1,0,1,5,0,1
2,2026-05-24,2026-05-26,406b492be87235ddaff9b936fcaf44d76c3930074177a57ed7b5b849d5075237,WAW,MRS,1519.59622663519,large_airport,large_airport,Air France,Economy,1,One_way,1.0,350.0,248.0,6.0,Morning,Morning,3,5,0,1,0,1,5,0,1
2,2026-05-24,2026-05-26,12ee9f1007c66855a7221bddcf845d5d97ac68d9ec530176e521b8338cb65a23,WAW,MRS,1519.59622663519,large_airport,large_airport,KLM,Economy,1,One_way,1.0,335.0,307.0,17.0,Evening,Night,3,5,0,1,0,1,5,0,1
2,2026-05-24,2026-05-26,fe2e4a1e6b8995f8df354c13febaf75df5eccb04ce93ed20a591c498d3ba6a6f,WAW,MRS,1519.59622663519,large_airport,large_airport,Air France,Economy,1,One_way,2.0,930.0,255.0,6.0,Morning,Night,3,5,0,1,0,1,5,0,1
2,2026-05-24,2026-05-26,791ff756d79922359f1f6f0a9b48f38e9e844a78b088b023d061210c56ab561d,WAW,MRS,1519.59622663519,large_airport,large_airport,Air France,Economy,1,One_way,1.0,620.0,275.0,6.0,Morning,Afternoon,3,5,0,1,0,1,5,0,1
2,2026-05-24,2026-05-26,a6a5220f48518bc2c9fe673f18faafa8a47199c25f053c6d33de5c6e326e1d3c,WAW,MRS,1519.59622663519,large_airport,large_airport,Air France,Economy,1,One_way,2.0,550.0,284.0,12.0,Afternoon,Night,3,5,0,1,0,1,5,0,1
2,2026-05-24,2026-05-26,b87d89ec24d80e0c829682a890bf527d1ff1d134a3a7da13959e78a00adcf7a8,WAW,MRS,1519.59622663519,large_airport,large_airport,Turkish Airlines,Economy,1,One_way,1.0,1395.0,304.0,10.0,Morning,Morning,3,5,0,1,0,1,5,0,1
2,2026-05-24,2026-05-26,f417ba3a79b319c8a307e6cdf15a9fb8ea672cc01c4c0bd14fe55df98efc5859,WAW,MRS,1519.59622663519,large_airport,large_airport,Turkish Airlines,Economy,1,One_way,1.0,840.0,304.0,19.0,Evening,Morning,3,5,0,1,0,1,5,0,1
2,2026-05-24,2026-05-26,17096a6aa58ff96ea23d691d8dc265160896af54a9528b158746b94a67b7039a,WAW,MRS,1519.59622663519,large_airport,large_airport,Turkish Airlines,Economy,1,One_way,1.0,1355.0,304.0,19.0,Evening,Evening,3,5,0,1,0,1,5,0,1
2,2026-05-24,2026-05-26,aaec9133e9455b51b2fce6c55d7955ae5a0f48d69209c45a1baa36a8b57e54b5,WAW,MRS,1519.59622663519,large_airport,large_airport,KLM,Economy,1,One_way,1.0,330.0,307.0,6.0,Morning,Morning,3,5,0,1,0,1,5,0,1
2,2026-05-24,2026-05-26,de9730c9b38b193c2f3833a97cee5f6ece6ae3dc64e50f7fb661d35b952c6f9a,WAW,MRS,1519.59622663519,large_airport,large_airport,Air France,Economy,1,One_way,1.0,710.0,331.0,6.0,Morning,Evening,3,5,0,1,0,1,5,0,1
2,2026-05-24,2026-05-26,8c044670fd1a2bd21db6868e0d5b40122d1b208ce240ba36c9bafc0846208775,WAW,MRS,1519.59622663519,large_airport,large_airport,Air France,Economy,1,One_way,1.0,815.0,331.0,6.0,Morning,Evening,3,5,0,1,0,1,5,0,1
2,2026-05-24,2026-05-26,c91695ecf62b517637a31ce63f7b3aaa49fb5d8728476dbd27e7b9d1ff07b7ee,WAW,MRS,1519.59622663519,large_airport,large_airport,Air France,Economy,1,One_way,1.0,310.0,340.0,6.0,Morning,Morning,3,5,0,1,0,1,5,0,1
2,2026-05-24,2026-05-26,6e9709ff86d107144018de90863322e9139564bfe2a70e870c46b1107769837d,WAW,MRS,1519.59622663519,large_airport,large_airport,KLM,Economy,1,One_way,1.0,640.0,341.0,6.0,Morning,Afternoon,3,5,0,1,0,1,5,0,1
2,2026-05-24,2026-05-26,7968e57cbd9e0c23ddc9d1abbb0882b9678b3328af6bc0454c05f73b06458361,WAW,MRS,1519.59622663519,large_airport,large_airport,KLM,Economy,1,One_way,1.0,620.0,341.0,12.0,Afternoon,Night,3,5,0,1,0,1,5,0,1
2,2026-05-24,2026-05-26,535f6dd191602609cea2e390c5bb9b6a532c33d3d9bf5aa4bac7c9e0a6053df2,WAW,MRS,1519.59622663519,large_airport,large_airport,Eurowings,Economy,1,One_way,1.0,795.0,353.0,19.0,Evening,Morning,3,5,0,1,0,1,5,0,1
2,2026-05-24,2026-05-26,ca212ffca51ac55049cafe024405218fa8d8699b01a0817ef3d1d37214400d23,WAW,MRS,1519.59622663519,large_airport,large_airport,Air France,Economy,1,One_way,1.0,330.0,369.0,12.0,Afternoon,Evening,3,5,0,1,0,1,5,0,1
2,2026-05-24,2026-05-26,cb753901eeb2201ca776139c8fb396ab5387c2e79dce0739d009720fe642b629,WAW,MRS,1519.59622663519,large_airport,large_airport,Air France,Economy,1,One_way,1.0,435.0,383.0,12.0,Afternoon,Evening,3,5,0,1,0,1,5,0,1
2,2026-05-24,2026-05-26,c14cce0838a4bd094bec6f45a2324626d161668697b3d8bafc9d259fc2c44473,WAW,MRS,1519.59622663519,large_airport,large_airport,Air France,Economy,1,One_way,1.0,490.0,398.0,6.0,Morning,Afternoon,3,5,0,1,0,1,5,0,1
2,2026-05-24,2026-05-26,4e6f0d4a655ba051455a742d2227e5e86cf78a8e15393255465084941bb6a838,WAW,MRS,1519.59622663519,large_airport,large_airport,Air France,Economy,1,One_way,1.0,950.0,409.0,6.0,Morning,Night,3,5,0,1,0,1,5,0,1
2,2026-05-24,2026-05-26,2d474a062b9d00614c16c3c95cc6cf76fa698b24394a8dd9a263c67e93e69324,WAW,MRS,1519.59622663519,large_airport,large_airport,Air France,Economy,1,One_way,1.0,325.0,409.0,16.0,Afternoon,Night,3,5,0,1,0,1,5,0,1
2,2026-05-24,2026-05-26,5fdf36e9895892b05f5c36372ce049482caea45aa7f75489e482a13a82cc6e47,WAW,MRS,1519.59622663519,large_airport,large_airport,Air France,Economy,1,One_way,1.0,1005.0,410.0,6.0,Morning,Night,3,5,0,1,0,1,5,0,1
2,2026-05-24,2026-05-26,209f021bfcb3192f7cfaca262c69f0202126e510f0839455590f5d95fd0c62d0,WAW,MRS,1519.59622663519,large_airport,large_airport,Air France,Economy,1,One_way,1.0,380.0,462.0,16.0,Afternoon,Night,3,5,0,1,0,1,5,0,1
2,2026-05-24,2026-05-26,63473eb935dc32b68615e73276406cc41d8062968731f897843eaefb50ccd8db,WAW,MRS,1519.59622663519,large_airport,large_airport,Air France,Economy,1,One_way,1.0,570.0,466.0,12.0,Afternoon,Night,3,5,0,1,0,1,5,0,1
2,2026-05-24,2026-05-26,8ded38dd5a5857bcb9818bd9aa5e05c0355325991c0310207ca56142b237371a,WAW,MRS,1519.59622663519,large_airport,large_airport,Air France,Economy,1,One_way,1.0,625.0,466.0,12.0,Afternoon,Night,3,5,0,1,0,1,5,0,1
2,2026-05-24,2026-05-26,b351bc0682e7f79b3064a8f63548754f0da0f14c79adda9189ae04ba250e97f5,WAW,MRS,1519.59622663519,large_airport,large_airport,Turkish Airlines,Economy,1,One_way,1.0,470.0,535.0,10.0,Morning,Evening,3,5,0,1,0,1,5,0,1
2,2026-05-24,2026-05-26,45468288008d191b539e8fb8b7c03120894863577cbd29a82867ff557f595e5f,WAW,MRS,1519.59622663519,large_airport,large_airport,Brussels Airlines,Economy,1,One_way,1.0,355.0,564.0,6.0,Morning,Afternoon,3,5,0,1,0,1,5,0,1
2,2026-05-24,2026-05-26,4269500ae853c532db07dba73f5ae6386798dec6bee1ff19c2e34e9b542d401d,WAW,MRS,1519.59622663519,large_airport,large_airport,Brussels Airlines,Economy,1,One_way,1.0,965.0,564.0,6.0,Morning,Night,3,5,0,1,0,1,5,0,1
2,2026-05-24,2026-05-26,c0039bb5ec512c2492dd3e97302290429de5dc1245bf41e082a1d1614dba0aac,WAW,MRS,1519.59622663519,large_airport,large_airport,Brussels Airlines,Economy,1,One_way,1.0,290.0,564.0,18.0,Evening,Night,3,5,0,1,0,1,5,0,1
2,2026-05-24,2026-05-26,564fb154260d5ac525d4e5e02d7ac0f3959d0181ef5ca5ae749688a0c3ade27a,WAW,MRS,1519.59622663519,large_airport,large_airport,Air France,Economy,1,One_way,1.0,995.0,567.0,19.0,Evening,Morning,3,5,0,1,0,1,5,0,1
2,2026-05-24,2026-05-26,35160e13afad6d9e0dfa66223b9046726f2b8c8a27f00a381d8d850d6a4f6909,WAW,MRS,1519.59622663519,large_airport,large_airport,Air France,Economy,1,One_way,1.0,1055.0,567.0,19.0,Evening,Afternoon,3,5,0,1,0,1,5,0,1
2,2026-05-24,2026-05-26,32f281ee0081611d52db1081f3c8eaf8ec133ee9a2e1ec164a8639a0216fa36b,WAW,MRS,1519.59622663519,large_airport,large_airport,"Austrian, Brussels Airlines",Economy,1,One_way,2.0,965.0,619.0,6.0,Morning,Night,3,5,0,1,0,1,5,0,1
2,2026-05-24,2026-05-26,67fe080f275d4f715f7b88fc32c74876b6a46037bd0551b8e3c75c5595b83a3b,WAW,MRS,1519.59622663519,large_airport,large_airport,"Austrian, Brussels Airlines",Economy,1,One_way,2.0,870.0,619.0,8.0,Morning,Night,3,5,0,1,0,1,5,0,1
2,2026-05-24,2026-05-26,6dc8bd3228963c2a8cd09355cce801d5af523afe9095fad46821e806a476da7e,WAW,MRS,1519.59622663519,large_airport,large_airport,Austrian,Economy,1,One_way,1.0,1585.0,631.0,6.0,Morning,Morning,3,5,0,1,0,1,5,0,1
2,2026-05-24,2026-05-26,313b27390b691e72571fdbc53b6e01645a286caacb39493a635bbf285388064e,WAW,MRS,1519.59622663519,large_airport,large_airport,Austrian,Economy,1,One_way,1.0,1490.0,631.0,8.0,Morning,Morning,3,5,0,1,0,1,5,0,1
2,2026-05-24,2026-05-26,907f712104eaab631edf86184635e1e232fca7626e8d3199cd8d559ee50d1ff9,WAW,MRS,1519.59622663519,large_airport,large_airport,Austrian,Economy,1,One_way,1.0,1095.0,631.0,15.0,Afternoon,Morning,3,5,0,1,0,1,5,0,1
2,2026-05-24,2026-05-26,94a13fc6d19d3bbf12b5822716d8e41460257d43b53ec8cfaabd1e0f1bf6a0d8,WAW,MRS,1519.59622663519,large_airport,large_airport,"LOT, Austrian",Economy,1,One_way,1.0,955.0,631.0,17.0,Evening,Morning,3,5,0,1,0,1,5,0,1
2,2026-05-24,2026-05-26,708cbcb645a14317413b16bce6ab7e09cd0faaadd9ff71b4b93dd102534b987b,WAW,MRS,1519.59622663519,large_airport,large_airport,Lufthansa,Economy,1,One_way,1.0,675.0,667.0,6.0,Morning,Evening,3,5,0,1,0,1,5,0,1
2,2026-05-24,2026-05-26,c2ee769c5ee98a85ef81dd4a4734a17be4a1b3743ffc23b464bb124dbfbe5cc4,WAW,MRS,1519.59622663519,large_airport,large_airport,Lufthansa,Economy,1,One_way,1.0,495.0,667.0,9.0,Morning,Evening,3,5,0,1,0,1,5,0,1
2,2026-05-24,2026-05-26,c4a1347e46cb971ec2f7de2e89434b5acb0cfdc1369b03bb54f9100cb51d0301,WAW,MRS,1519.59622663519,large_airport,large_airport,Lufthansa,Economy,1,One_way,1.0,775.0,667.0,9.0,Morning,Night,3,5,0,1,0,1,5,0,1
2,2026-05-24,2026-05-26,65dd9058ca73e460841008c2f55bec6718dc427e45dea4ae69d44eae9ccf8c49,WAW,MRS,1519.59622663519,large_airport,large_airport,Lufthansa,Economy,1,One_way,1.0,500.0,667.0,14.0,Afternoon,Night,3,5,0,1,0,1,5,0,1
2,2026-05-24,2026-05-26,dd880dc0cde71cef12a33f6ec64bf46c5bf5ef5aa1e8098795d5a3022225e982,WAW,MRS,1519.59622663519,large_airport,large_airport,Lufthansa,Economy,1,One_way,1.0,955.0,685.0,6.0,Morning,Night,3,5,0,1,0,1,5,0,1
2,2026-05-24,2026-05-26,5e6f3bb9cec83de8f025f6bb383aa1dc57447a261a21943f61a5f261f5a2b435,WAW,MRS,1519.59622663519,large_airport,large_airport,Lufthansa,Economy,1,One_way,2.0,715.0,743.0,6.0,Morning,Evening,3,5,0,1,0,1,5,0,1
2,2026-05-24,2026-05-26,de9fc770bec9b4f8905cb3b4bec3b941b67f07816de1b29d5b07d723c98b69ac,WAW,MRS,1519.59622663519,large_airport,large_airport,Lufthansa,Economy,1,One_way,2.0,560.0,743.0,13.0,Afternoon,Night,3,5,0,1,0,1,5,0,1
2,2026-05-24,2026-05-26,657a45c2f6fbc26d156b4c1abe2cafc0c8d85a983e016e280da798e525748fea,WAW,MRS,1519.59622663519,large_airport,large_airport,"Austrian, Brussels Airlines",Economy,1,One_way,2.0,475.0,763.0,15.0,Afternoon,Night,3,5,0,1,0,1,5,0,1
2,2026-05-24,2026-05-26,fea0109fc4d28fb333af93f7b7fbf24218841fab13d970f43a78970154d9a848,WAW,MRS,1519.59622663519,large_airport,large_airport,Air France,Economy,1,One_way,1.0,955.0,805.0,19.0,Evening,Morning,3,5,0,1,0,1,5,0,1
2,2026-05-24,2026-05-26,b1851dab5d681a7cffea4e838861ca6fc687c7447d33d6b9a711352815e92850,WAW,MRS,1519.59622663519,large_airport,large_airport,"LOT, Lufthansa",Economy,1,One_way,1.0,335.0,809.0,17.0,Evening,Night,3,5,0,1,0,1,5,0,1
2,2026-05-24,2026-05-26,203a2af226817259a996ff51755e59238cebcc668f9d416c5c879a9f78bc25b5,WAW,MRS,1519.59622663519,large_airport,large_airport,"LOT, Lufthansa",Economy,1,One_way,2.0,685.0,811.0,22.0,Night,Morning,3,5,0,1,0,1,5,0,1
2,2026-05-24,2026-05-26,a1d71ee8390db7787f340c6939edbf796178ccaf6edda579f34fbc57a99d199c,WAW,MRS,1519.59622663519,large_airport,large_airport,SWISS,Economy,1,One_way,1.0,1090.0,825.0,19.0,Evening,Afternoon,3,5,0,1,0,1,5,0,1
2,2026-05-24,2026-05-26,7cc9c60fd114bc74b9c0b01007a9c40b01deba971582242924672dd11c400667,WAW,MRS,1519.59622663519,large_airport,large_airport,Lufthansa,Economy,1,One_way,1.0,910.0,837.0,19.0,Evening,Morning,3,5,0,1,0,1,5,0,1
2,2026-05-24,2026-05-26,3c426b1cbc7f25dfeacdf1268b91d0aedb395ed20e78a0a523c564ef56e4fe3e,WAW,MRS,1519.59622663519,large_airport,large_airport,"LOT, Lufthansa",Economy,1,One_way,2.0,725.0,904.0,10.0,Morning,Night,3,5,0,1,0,1,5,0,1
2,2026-05-24,2026-05-26,411a49d1455e3372a07ef23dac3c81def42470b547e73d9b4510454b8d965aad,WAW,MRS,1519.59622663519,large_airport,large_airport,Austrian,Economy,1,One_way,1.0,815.0,919.0,19.0,Evening,Morning,3,5,0,1,0,1,5,0,1
2,2026-05-24,2026-05-26,6e37b498815749e185986208da9896e6a91de4be956ab0881a7bf8c3c5a6efe3,WAW,MRS,1519.59622663519,large_airport,large_airport,"LOT, Brussels Airlines",Economy,1,One_way,1.0,330.0,1049.0,7.0,Morning,Afternoon,3,5,0,1,0,1,5,0,1
2,2026-05-24,2026-05-26,e820209f682a19f468dde1de88bfd8caddf4448f36d88e116b5b792099332caa,WAW,MRS,1519.59622663519,large_airport,large_airport,"LOT, Brussels Airlines",Economy,1,One_way,1.0,380.0,1049.0,16.0,Afternoon,Night,3,5,0,1,0,1,5,0,1
2,2026-05-24,2026-05-26,3191f706343969e566269fde06b1c40fa58bd84d91208086f432c6c78ea507ec,WAW,MRS,1519.59622663519,large_airport,large_airport,"LOT, Turkish Airlines",Economy,1,One_way,1.0,520.0,1054.0,9.0,Morning,Evening,3,5,0,1,0,1,5,0,1
2,2026-05-24,2026-05-26,7ebbb621f294296a6aa38102c0ba31097d6fce98071d6db62064488eb9ee8a63,WAW,CDG,1342.3755951921296,large_airport,large_airport,LOT,Economy,1,One_way,0.0,150.0,381.0,20.0,Evening,Night,3,5,0,1,0,1,5,0,1
2,2026-05-24,2026-05-26,7c5586665c6a9d0e2466283519cb6ab00b7bd8af1fb584fedaf40004bd3fe103,WAW,CDG,1342.3755951921296,large_airport,large_airport,Air France,Economy,1,One_way,0.0,145.0,481.0,12.0,Afternoon,Afternoon,3,5,0,1,0,1,5,0,1
2,2026-05-24,2026-05-26,be2341d29cf92acf1e669c4c3b1c05a828359d783772002dba80fd3c9a494475,WAW,CDG,1342.3755951921296,large_airport,large_airport,Air France,Economy,1,One_way,0.0,150.0,481.0,16.0,Afternoon,Evening,3,5,0,1,0,1,5,0,1
2,2026-05-24,2026-05-26,9329cd0b2f4fad031044a8c8df89f6d0e387a78435631ed1a7765966b538c9ae,WAW,CDG,1342.3755951921296,large_airport,large_airport,Air France,Economy,1,One_way,0.0,145.0,481.0,19.0,Evening,Night,3,5,0,1,0,1,5,0,1
2,2026-05-24,2026-05-26,5e09f01f31dfeb52eba6f9eda7fdc0d43da7d279329e18f1b35dadc28de75ffc,WAW,CDG,1342.3755951921296,large_airport,large_airport,LOT,Economy,1,One_way,0.0,150.0,543.0,16.0,Afternoon,Evening,3,5,0,1,0,1,5,0,1
2,2026-05-24,2026-05-26,958be4dfffede9a4597ebc568114032920c2077d581c1753cf0b181a20ccac15,WAW,CDG,1342.3755951921296,large_airport,large_airport,Aegean,Economy,1,One_way,1.0,1125.0,240.0,18.0,Evening,Afternoon,3,5,0,1,0,1,5,0,1
2,2026-05-24,2026-05-26,84acc0e1ea40d69ad326a5d77def64ce85a6ecec8ff48aa8e95db9e45cd22c87,WAW,CDG,1342.3755951921296,large_airport,large_airport,Turkish Airlines,Economy,1,One_way,1.0,1050.0,263.0,19.0,Evening,Afternoon,3,5,0,1,0,1,5,0,1
2,2026-05-24,2026-05-26,0c263e1e7b57a9875b788df88dfcaee3a9f8731d7fa3063d391f7bde67aa9099,WAW,CDG,1342.3755951921296,large_airport,large_airport,Turkish Airlines,Economy,1,One_way,1.0,880.0,304.0,19.0,Evening,Morning,3,5,0,1,0,1,5,0,1
2,2026-05-24,2026-05-26,d329d5572c15c347d701f4d1493d0e81a6b23e10b6b2e852d804fbebbbd42e0d,WAW,CDG,1342.3755951921296,large_airport,large_airport,KLM,Economy,1,One_way,1.0,460.0,312.0,6.0,Morning,Afternoon,3,5,0,1,0,1,5,0,1
2,2026-05-24,2026-05-26,f3f4c9f5f6a104331bc65f9df1a8002d1f7d31b0611c39dcdc5a2a473fc67dcb,WAW,CDG,1342.3755951921296,large_airport,large_airport,"KLM, Air France",Economy,1,One_way,1.0,575.0,312.0,6.0,Morning,Afternoon,3,5,0,1,0,1,5,0,1
2,2026-05-24,2026-05-26,529fa74622bd223acec08d266f17cf9cf45a7b3aec4dcd6e55818407c743e660,WAW,CDG,1342.3755951921296,large_airport,large_airport,"KLM, Air France",Economy,1,One_way,1.0,600.0,312.0,6.0,Morning,Afternoon,3,5,0,1,0,1,5,0,1
2,2026-05-24,2026-05-26,4def15793e38ab91d2e24a9ce9aa61c21f0f3a6a62fbb23ffedae1ad23c816e4,WAW,CDG,1342.3755951921296,large_airport,large_airport,Norwegian,Economy,1,One_way,1.0,530.0,335.0,12.0,Afternoon,Evening,3,5,0,1,0,1,5,0,1
2,2026-05-24,2026-05-26,4c380915f3d2d410d5c7161b7f94686040ff3d3d45b2e31c6c1e0dccc08b1f1d,WAW,CDG,1342.3755951921296,large_airport,large_airport,Scandinavian Airlines,Economy,1,One_way,1.0,795.0,335.0,19.0,Evening,Morning,3,5,0,1,0,1,5,0,1
2,2026-05-24,2026-05-26,9a0009014943ecb3ac28810186a0d84201ce021bc07292e7f50d1063a37999b9,WAW,CDG,1342.3755951921296,large_airport,large_airport,"KLM, Air France",Economy,1,One_way,1.0,295.0,345.0,6.0,Morning,Morning,3,5,0,1,0,1,5,0,1
2,2026-05-24,2026-05-26,d1c858b4f48929ff2fcea068f6afcc12f0cc1423b5a7f5bed7e54452c8cc8153,WAW,CDG,1342.3755951921296,large_airport,large_airport,"KLM, Air France",Economy,1,One_way,1.0,360.0,345.0,6.0,Morning,Afternoon,3,5,0,1,0,1,5,0,1
2,2026-05-24,2026-05-26,ae575b6d91458f5de1115cb7f6145cbc60bdce22c0ecf27c334e31e4003b346e,WAW,CDG,1342.3755951921296,large_airport,large_airport,KLM,Economy,1,One_way,1.0,705.0,345.0,6.0,Morning,Evening,3,5,0,1,0,1,5,0,1
2,2026-05-24,2026-05-26,0723e36b09ea4a6f588db8d3624290e36c7bcc4d7a82ad021d677a13d7494fa9,WAW,CDG,1342.3755951921296,large_airport,large_airport,KLM,Economy,1,One_way,1.0,785.0,345.0,6.0,Morning,Evening,3,5,0,1,0,1,5,0,1
2,2026-05-24,2026-05-26,5f3fe5fe80bef3cdac53d3ad160ac045b963c632072b24dd1fa1ab757754a4f7,WAW,CDG,1342.3755951921296,large_airport,large_airport,"KLM, Air France",Economy,1,One_way,1.0,845.0,345.0,6.0,Morning,Evening,3,5,0,1,0,1,5,0,1
2,2026-05-24,2026-05-26,f45175e89d7a41eb7ef50ba05871945616c7e1ad63f32334a2fc4a6a33d88022,WAW,CDG,1342.3755951921296,large_airport,large_airport,KLM,Economy,1,One_way,1.0,320.0,345.0,12.0,Afternoon,Evening,3,5,0,1,0,1,5,0,1
2,2026-05-24,2026-05-26,66fbf86a3bf458d316ad190213a503a462a8df18d2be76b32c0657543d911f13,WAW,CDG,1342.3755951921296,large_airport,large_airport,KLM,Economy,1,One_way,1.0,400.0,345.0,12.0,Afternoon,Evening,3,5,0,1,0,1,5,0,1
2,2026-05-24,2026-05-26,12a09e05841e41c53d2661dd689a305f3060bf6e9306e129a47fd3afb151ab37,WAW,CDG,1342.3755951921296,large_airport,large_airport,"KLM, Air France",Economy,1,One_way,1.0,460.0,345.0,12.0,Afternoon,Evening,3,5,0,1,0,1,5,0,1
2,2026-05-24,2026-05-26,dbbc0fa7ca2672f63b5dcca780610c6c6a3d2c07ab52299ae5709d37d9003925,WAW,CDG,1342.3755951921296,large_airport,large_airport,"KLM, Air France",Economy,1,One_way,1.0,565.0,345.0,12.0,Afternoon,Night,3,5,0,1,0,1,5,0,1
2,2026-05-24,2026-05-26,d46786c7f250cc201140be673556b2a2c898242052ec92d706513f07b2b460f0,WAW,CDG,1342.3755951921296,large_airport,large_airport,"KLM, Air France",Economy,1,One_way,1.0,280.0,345.0,17.0,Evening,Night,3,5,0,1,0,1,5,0,1
2,2026-05-24,2026-05-26,2e7dc68b55c8c4d693f99c99f75622b398c6e503e5861a47cd495780142d0ee9,WAW,CDG,1342.3755951921296,large_airport,large_airport,Aegean,Economy,1,One_way,1.0,945.0,362.0,18.0,Evening,Morning,3,5,0,1,0,1,5,0,1
2,2026-05-24,2026-05-26,6c96463296db3561382d7d9396ca3545460a4aaa2cd5e1181b5b1f4976b32163,WAW,CDG,1342.3755951921296,large_airport,large_airport,"Lufthansa, Austrian",Economy,1,One_way,2.0,505.0,403.0,6.0,Morning,Afternoon,3,5,0,1,0,1,5,0,1
2,2026-05-24,2026-05-26,52c130a893fe5ff1d37a83e3bfa4b62d936871264cdf412f9f7c5eb1a8b968da,WAW,CDG,1342.3755951921296,large_airport,large_airport,"Lufthansa, Austrian",Economy,1,One_way,2.0,440.0,403.0,9.0,Morning,Evening,3,5,0,1,0,1,5,0,1
2,2026-05-24,2026-05-26,24080ee6900a4d0bcf8e3a949fd36264af33c5896abc6009a6783dd7803d5fa2,WAW,CDG,1342.3755951921296,large_airport,large_airport,Turkish Airlines,Economy,1,One_way,1.0,745.0,407.0,10.0,Morning,Night,3,5,0,1,0,1,5,0,1
2,2026-05-24,2026-05-26,493e4933f1ff95bb77c32a50e016de3efe5463d55cc78bcdbcd590a662531127,WAW,CDG,1342.3755951921296,large_airport,large_airport,"Lufthansa, Austrian",Economy,1,One_way,2.0,490.0,481.0,14.0,Afternoon,Night,3,5,0,1,0,1,5,0,1
2,2026-05-24,2026-05-26,9ada57ef2bdadeaeb3ae052184f0d5f4b3ac5f0f427c93e01faa6242f90b061a,WAW,CDG,1342.3755951921296,large_airport,large_airport,Air France,Economy,1,One_way,0.0,160.0,481.0,6.0,Morning,Morning,3,5,0,1,0,1,5,0,1
2,2026-05-24,2026-05-26,f010561ce1ae7060404463e668da1ff6c2a265097762c6f663c7481f40472085,WAW,CDG,1342.3755951921296,large_airport,large_airport,Scandinavian Airlines,Economy,1,One_way,1.0,880.0,482.0,19.0,Evening,Morning,3,5,0,1,0,1,5,0,1
2,2026-05-24,2026-05-26,a09a7a3eb85eaa028b30f92fe2a4cac1a0c6655fd7312e35b196c082c9c8959e,WAW,CDG,1342.3755951921296,large_airport,large_airport,Scandinavian Airlines,Economy,1,One_way,1.0,550.0,482.0,10.0,Morning,Evening,3,5,0,1,0,1,5,0,1
2,2026-05-24,2026-05-26,96edd99d5bea5d264ae3c70c7f6946eb42ea9b78a87028ddeea4d5ac72dcac3c,WAW,CDG,1342.3755951921296,large_airport,large_airport,Scandinavian Airlines,Economy,1,One_way,1.0,260.0,482.0,15.0,Afternoon,Evening,3,5,0,1,0,1,5,0,1
2,2026-05-24,2026-05-26,bcd8d076a7594411349270d12883bc38b9d41b65edc34718eb22b2d76bdd78c3,WAW,CDG,1342.3755951921296,large_airport,large_airport,Turkish Airlines,Economy,1,One_way,1.0,480.0,535.0,10.0,Morning,Evening,3,5,0,1,0,1,5,0,1
2,2026-05-24,2026-05-26,94c9cc19b26fd1ec08d5a39aa553e1200d75d507e89d389c946417d89352567d,WAW,CDG,1342.3755951921296,large_airport,large_airport,LOT,Economy,1,One_way,0.0,150.0,543.0,7.0,Morning,Morning,3,5,0,1,0,1,5,0,1
2,2026-05-24,2026-05-26,bd074bb58dd2d1e1d5273889d2a94b33c8ca0c9719925e868be2f34a306c8248,WAW,CDG,1342.3755951921296,large_airport,large_airport,"LOT, Austrian",Economy,1,One_way,2.0,445.0,561.0,7.0,Morning,Afternoon,3,5,0,1,0,1,5,0,1
2,2026-05-24,2026-05-26,6cdb36f6cd98984e77fe91e539cf8ec13cd6161774a0242e70ec936186952ea5,WAW,CDG,1342.3755951921296,large_airport,large_airport,British Airways,Economy,1,One_way,1.0,570.0,568.0,8.0,Morning,Evening,3,5,0,1,0,1,5,0,1
2,2026-05-24,2026-05-26,88aa6c7cc713e0f2d1bbe59a30d78c74487ac567945043e73bd92abde00021b8,WAW,CDG,1342.3755951921296,large_airport,large_airport,British Airways,Economy,1,One_way,1.0,895.0,568.0,8.0,Morning,Night,3,5,0,1,0,1,5,0,1
2,2026-05-24,2026-05-26,7c8571ab03a0daf9bd304c1205c7cfc90cf74eba6070f34441c70a8081a3fb4e,WAW,CDG,1342.3755951921296,large_airport,large_airport,"Brussels Airlines, Lufthansa City Airlines",Economy,1,One_way,2.0,400.0,603.0,6.0,Morning,Afternoon,3,5,0,1,0,1,5,0,1
2,2026-05-24,2026-05-26,e875b3e896ebfff000754e67172c5c878f121889294fa2a70546d1b04200ab5d,WAW,CDG,1342.3755951921296,large_airport,large_airport,"LOT, ITA",Economy,1,One_way,1.0,485.0,656.0,15.0,Afternoon,Night,3,5,0,1,0,1,5,0,1
2,2026-05-24,2026-05-26,8eeb16a877a38fc29e996be0c9521ad68a7411da04967efa1cfda3790ea68e02,WAW,CDG,1342.3755951921296,large_airport,large_airport,"Scandinavian Airlines, Air France",Economy,1,One_way,1.0,750.0,658.0,19.0,Evening,Morning,3,5,0,1,0,1,5,0,1
2,2026-05-24,2026-05-26,0de611f1cc4193acd5ff0f1aafae212bfb084a7727e2a2958849f307450d6feb,WAW,CDG,1342.3755951921296,large_airport,large_airport,"LOT, Turkish Airlines",Economy,1,One_way,1.0,835.0,665.0,20.0,Evening,Morning,3,5,0,1,0,1,5,0,1
2,2026-05-24,2026-05-26,2dd3250f158c516c5fd3c2d5449d8e68d8d513d69b263993766981421eaf056b,WAW,CDG,1342.3755951921296,large_airport,large_airport,"LOT, Turkish Airlines",Economy,1,One_way,1.0,575.0,679.0,12.0,Afternoon,Night,3,5,0,1,0,1,5,0,1
2,2026-05-24,2026-05-26,b354aa407f8b26330de6edbb6990e283d6324d625d487ed17a106e6d4e5f0568,WAW,CDG,1342.3755951921296,large_airport,large_airport,Austrian,Economy,1,One_way,1.0,495.0,692.0,6.0,Morning,Afternoon,3,5,0,1,0,1,5,0,1
2,2026-05-24,2026-05-26,e9a4f1fb3d1a7b4d02fbb37698492d6013da92d0cc8250267a40820789887596,WAW,CDG,1342.3755951921296,large_airport,large_airport,Austrian,Economy,1,One_way,1.0,610.0,692.0,6.0,Morning,Evening,3,5,0,1,0,1,5,0,1
2,2026-05-24,2026-05-26,d4e23ecfbe2f02720e0b3a2a27bcd3e4e291ba39abf793c636ff108103714484,WAW,CDG,1342.3755951921296,large_airport,large_airport,Austrian,Economy,1,One_way,1.0,750.0,692.0,6.0,Morning,Evening,3,5,0,1,0,1,5,0,1
2,2026-05-24,2026-05-26,2054e53b26b75688aee8d365eb8fe166edab910bff8e7d34e37feb8bd28da61b,WAW,CDG,1342.3755951921296,large_airport,large_airport,Austrian,Economy,1,One_way,1.0,935.0,692.0,6.0,Morning,Night,3,5,0,1,0,1,5,0,1
2,2026-05-24,2026-05-26,33a9e470cc5ae0876897af96fff732b7c84e91029cbcf3c64938a4c1638a4a2a,WAW,CDG,1342.3755951921296,large_airport,large_airport,Austrian,Economy,1,One_way,1.0,400.0,692.0,8.0,Morning,Afternoon,3,5,0,1,0,1,5,0,1
2,2026-05-24,2026-05-26,0480a5e7335ba2c62bc5ac43e695020f82d235e8f82646b80a731a2e619b026d,WAW,CDG,1342.3755951921296,large_airport,large_airport,Austrian,Economy,1,One_way,1.0,515.0,692.0,8.0,Morning,Evening,3,5,0,1,0,1,5,0,1
2,2026-05-24,2026-05-26,592d1923a3963b60086c5d9484844776c59357dc4fd9b43ec91bf6fe92911530,WAW,CDG,1342.3755951921296,large_airport,large_airport,Austrian,Economy,1,One_way,1.0,655.0,692.0,8.0,Morning,Evening,3,5,0,1,0,1,5,0,1
2,2026-05-24,2026-05-26,9376dc1d8077723e20a80ed9ebe5b452ac23a5c8ce7815a4a90636f580fe940f,WAW,CDG,1342.3755951921296,large_airport,large_airport,Austrian,Economy,1,One_way,1.0,840.0,692.0,8.0,Morning,Night,3,5,0,1,0,1,5,0,1
2,2026-05-24,2026-05-26,7b2d03242b95f903efc300a540399e925ea1d5e9cbc26c55259f82cec1ec9ee5,WAW,CDG,1342.3755951921296,large_airport,large_airport,Austrian,Economy,1,One_way,1.0,260.0,692.0,15.0,Afternoon,Evening,3,5,0,1,0,1,5,0,1
2,2026-05-24,2026-05-26,6e966cee2a20a5731b3d2ffede6cc4cd328208e71eb241cb8915b4be2fa7eaa3,WAW,CDG,1342.3755951921296,large_airport,large_airport,Austrian,Economy,1,One_way,1.0,445.0,692.0,15.0,Afternoon,Night,3,5,0,1,0,1,5,0,1
2,2026-05-24,2026-05-26,2e6abf261dbbee7428d7a94b26a882858d0615cea8b04f21a62575cade7d1034,WAW,CDG,1342.3755951921296,large_airport,large_airport,SWISS,Economy,1,One_way,1.0,520.0,694.0,14.0,Afternoon,Night,3,5,0,1,0,1,5,0,1
2,2026-05-24,2026-05-26,90f21ba882014473e17447acde9eae6c74a1bc865b6e2a0b217e5daa8b339449,WAW,CDG,1342.3755951921296,large_airport,large_airport,SWISS,Economy,1,One_way,1.0,795.0,694.0,19.0,Evening,Morning,3,5,0,1,0,1,5,0,1
2,2026-05-24,2026-05-26,5fca139b7f9d485de575b6e574b81c39906cb47cdd7be8c4fb5973bf21b3aa3c,WAW,CDG,1342.3755951921296,large_airport,large_airport,Lufthansa,Economy,1,One_way,1.0,335.0,696.0,6.0,Morning,Morning,3,5,0,1,0,1,5,0,1
2,2026-05-24,2026-05-26,abd57930c407d1f0fe2e8be4dc7bf295f133e3793bfc3c54af611f98f6097359,WAW,CDG,1342.3755951921296,large_airport,large_airport,"Lufthansa, Lufthansa City Airlines",Economy,1,One_way,1.0,450.0,696.0,6.0,Morning,Afternoon,3,5,0,1,0,1,5,0,1
2,2026-05-24,2026-05-26,f0cd0847e3c6c684568a238bc0a9e12f034856d6ca58b14d3553a93497bd4fe0,WAW,CDG,1342.3755951921296,large_airport,large_airport,Lufthansa,Economy,1,One_way,1.0,240.0,696.0,13.0,Afternoon,Evening,3,5,0,1,0,1,5,0,1
2,2026-05-24,2026-05-26,6d84ff57ffa1849d591f6cd5850558c77bcc71529a759d8468ca53d7f7e9afba,WAW,CDG,1342.3755951921296,large_airport,large_airport,Lufthansa,Economy,1,One_way,1.0,420.0,696.0,13.0,Afternoon,Evening,3,5,0,1,0,1,5,0,1
2,2026-05-24,2026-05-26,6957ff308e0a0afb365f0b725842148e7a4ca572814acea88c7514c283e0f26c,WAW,CDG,1342.3755951921296,large_airport,large_airport,"Lufthansa, Lufthansa City Airlines",Economy,1,One_way,1.0,620.0,696.0,13.0,Afternoon,Night,3,5,0,1,0,1,5,0,1
2,2026-05-24,2026-05-26,e1cec98378389ed3955e4161d2cb3a759d1103121cc789ed8da868a2261a80de,WAW,CDG,1342.3755951921296,large_airport,large_airport,"Lufthansa, Lufthansa City Airlines",Economy,1,One_way,1.0,345.0,696.0,17.0,Evening,Night,3,5,0,1,0,1,5,0,1
2,2026-05-24,2026-05-26,ac5dacd0fb35dd34aafe26ecaee34b5d42c8d7d1c715b297dd7486a777b1a21b,WAW,CDG,1342.3755951921296,large_airport,large_airport,Brussels Airlines,Economy,1,One_way,1.0,1480.0,705.0,6.0,Morning,Morning,3,5,0,1,0,1,5,0,1
2,2026-05-24,2026-05-26,531c3648beb9136169190f1a2cbc26c075cc584f1a8d1ce3f9216cbabc90d505,WAW,CDG,1342.3755951921296,large_airport,large_airport,Brussels Airlines,Economy,1,One_way,1.0,805.0,705.0,18.0,Evening,Morning,3,5,0,1,0,1,5,0,1
2,2026-05-24,2026-05-26,5e6abcbab41b149fde2a3cacce8c44f125ba723828605a530404212112c07a1c,WAW,CDG,1342.3755951921296,large_airport,large_airport,Lufthansa,Economy,1,One_way,1.0,260.0,706.0,6.0,Morning,Morning,3,5,0,1,0,1,5,0,1
2,2026-05-24,2026-05-26,0a8c71f34397bb1f22d94a562c4f24f68c78f3edd1ce7612006a89edffa60974,WAW,CDG,1342.3755951921296,large_airport,large_airport,Lufthansa,Economy,1,One_way,1.0,435.0,706.0,6.0,Morning,Afternoon,3,5,0,1,0,1,5,0,1
2,2026-05-24,2026-05-26,1b0b94d9dbf5ba38937cd7134300b69498512fbc09b5a19a550ced3b050e5a12,WAW,CDG,1342.3755951921296,large_airport,large_airport,Lufthansa,Economy,1,One_way,1.0,255.0,706.0,9.0,Morning,Afternoon,3,5,0,1,0,1,5,0,1
2,2026-05-24,2026-05-26,516eb867a1e74d0f8edea11cd95845747c2e44e5be5d64d872c3fbe19f0a8820,WAW,CDG,1342.3755951921296,large_airport,large_airport,Lufthansa,Economy,1,One_way,1.0,495.0,706.0,9.0,Morning,Evening,3,5,0,1,0,1,5,0,1
2,2026-05-24,2026-05-26,fa69a0d4c9076e603447d8df7d6cf1d43e88f81f3d4dde0403680a9202709d80,WAW,CDG,1342.3755951921296,large_airport,large_airport,Lufthansa,Economy,1,One_way,1.0,550.0,706.0,9.0,Morning,Evening,3,5,0,1,0,1,5,0,1
2,2026-05-24,2026-05-26,68d8a19df107784d528b91dcf81dde89b948f9e2a63fe6c4e9a8bcfd69dd8ead,WAW,CDG,1342.3755951921296,large_airport,large_airport,Lufthansa,Economy,1,One_way,1.0,275.0,706.0,14.0,Afternoon,Evening,3,5,0,1,0,1,5,0,1
2,2026-05-24,2026-05-26,4cd94bfeabee21205dddd3bc69788563197ec9c7c9b7dadd6f660840f231b119,WAW,CDG,1342.3755951921296,large_airport,large_airport,Lufthansa,Economy,1,One_way,1.0,470.0,706.0,14.0,Afternoon,Night,3,5,0,1,0,1,5,0,1
2,2026-05-24,2026-05-26,f9ba1bc2d5fbe9d6d4b1ab40737a43216ea71880c782501274581e2a3025980f,WAW,CDG,1342.3755951921296,large_airport,large_airport,"LOT, Austrian",Economy,1,One_way,1.0,470.0,757.0,7.0,Morning,Afternoon,3,5,0,1,0,1,5,0,1
2,2026-05-24,2026-05-26,63707223e35bb52378ccd6e45aa8b90d9fb1cdda2172b6390bca008026fe73ce,WAW,CDG,1342.3755951921296,large_airport,large_airport,"LOT, Austrian",Economy,1,One_way,1.0,305.0,757.0,17.0,Evening,Night,3,5,0,1,0,1,5,0,1
2,2026-05-24,2026-05-26,e895ca433e0d5483d880384815f7eb6386a17855d5a5aefe138df3c446cc05df,WAW,CDG,1342.3755951921296,large_airport,large_airport,"LOT, SWISS",Economy,1,One_way,1.0,675.0,759.0,7.0,Morning,Evening,3,5,0,1,0,1,5,0,1
2,2026-05-24,2026-05-26,4daa11b3032eecf956b4336e69edcf89d7fdf624573388982c83e074f383584d,WAW,CDG,1342.3755951921296,large_airport,large_airport,"LOT, SWISS",Economy,1,One_way,1.0,390.0,759.0,17.0,Evening,Night,3,5,0,1,0,1,5,0,1
2,2026-05-24,2026-05-26,04d2e0273c360ef37e30f5553d2804ca00ab67ca66caa662ac18a14becbd2f95,WAW,CDG,1342.3755951921296,large_airport,large_airport,"LOT, ITA",Economy,1,One_way,1.0,355.0,760.0,7.0,Morning,Afternoon,3,5,0,1,0,1,5,0,1
2,2026-05-24,2026-05-26,5b8ea7ec9118904aeac3b3b8edbad58231c8528f0102a7a600381ee3bdd61a6f,WAW,CDG,1342.3755951921296,large_airport,large_airport,"LOT, ITA",Economy,1,One_way,1.0,600.0,760.0,7.0,Morning,Evening,3,5,0,1,0,1,5,0,1
2,2026-05-24,2026-05-26,26cd55810f266a5075c1c5bcd0bc39e983733f2d1c8be95ca4be41aafd054ff5,WAW,CDG,1342.3755951921296,large_airport,large_airport,"LOT, ITA",Economy,1,One_way,1.0,980.0,760.0,7.0,Morning,Night,3,5,0,1,0,1,5,0,1
2,2026-05-24,2026-05-26,e06c5d36e6370ab19d6230b41647c5cf2e436e54ada9344ab31cb8eaa3dfbaaf,WAW,CDG,1342.3755951921296,large_airport,large_airport,"LOT, Lufthansa",Economy,1,One_way,1.0,245.0,761.0,7.0,Morning,Morning,3,5,0,1,0,1,5,0,1
2,2026-05-24,2026-05-26,dec9358fedb4fbb4ab72f74172f4f6c4cb110eabbd984c07021e507cffb23302,WAW,CDG,1342.3755951921296,large_airport,large_airport,"LOT, Lufthansa City Airlines",Economy,1,One_way,1.0,360.0,761.0,7.0,Morning,Afternoon,3,5,0,1,0,1,5,0,1
2,2026-05-24,2026-05-26,01656f9c02d466de1d5ca25951bc8bcc63cb9cf3b0a213daf597e12b5c482c26,WAW,CDG,1342.3755951921296,large_airport,large_airport,"LOT, Lufthansa City Airlines",Economy,1,One_way,1.0,385.0,761.0,17.0,Evening,Night,3,5,0,1,0,1,5,0,1
2,2026-05-24,2026-05-26,f23091a96c78fc93a5eb60e851b410bfff87bd943a6cc2110939f6f43d9ba8f4,WAW,CDG,1342.3755951921296,large_airport,large_airport,"LOT, Lufthansa",Economy,1,One_way,1.0,375.0,771.0,7.0,Morning,Afternoon,3,5,0,1,0,1,5,0,1
2,2026-05-24,2026-05-26,a61020d0da57b9b12822fdf408a812b8e4c3b28d68291194f3e8b400b84c7ca9,WAW,CDG,1342.3755951921296,large_airport,large_airport,"LOT, Lufthansa",Economy,1,One_way,1.0,305.0,771.0,17.0,Evening,Night,3,5,0,1,0,1,5,0,1
2,2026-05-24,2026-05-26,76c0eba9538fb5d2b48660464ca7d7e02ea63619469243653d24d85dc1c538bc,WAW,CDG,1342.3755951921296,large_airport,large_airport,British Airways,Economy,1,One_way,1.0,325.0,776.0,8.0,Morning,Afternoon,3,5,0,1,0,1,5,0,1
2,2026-05-24,2026-05-26,a5a2f1eaecf3191bbe02b11fa905521f4df9f81edf3e62d974bccbf9dfd34cec,WAW,CDG,1342.3755951921296,large_airport,large_airport,British Airways,Economy,1,One_way,1.0,290.0,776.0,18.0,Evening,Night,3,5,0,1,0,1,5,0,1
2,2026-05-24,2026-05-26,a00f0322b13a4b8c6894f6fe4b8d856f21c71719a14152ec9cff78c9f02d380f,WAW,CDG,1342.3755951921296,large_airport,large_airport,"Lufthansa, Lufthansa City Airlines",Economy,1,One_way,2.0,560.0,782.0,14.0,Afternoon,Night,3,5,0,1,0,1,5,0,1
2,2026-05-24,2026-05-26,80746fa202f1bb423f813dbd749f30b64db2d73f01b56e0645983a6d68548e90,WAW,CDG,1342.3755951921296,large_airport,large_airport,"LOT, SWISS",Economy,1,One_way,1.0,955.0,786.0,7.0,Morning,Night,3,5,0,1,0,1,5,0,1
2,2026-05-24,2026-05-26,c287fd35ee73e928532758ae86eba30a422d77543327f2dba0b480e899c55ceb,WAW,CDG,1342.3755951921296,large_airport,large_airport,SWISS,Economy,1,One_way,1.0,1100.0,786.0,19.0,Evening,Afternoon,3,5,0,1,0,1,5,0,1
2,2026-05-24,2026-05-26,dc183fa80fe3b6257049ac27127af9961a3e28af0c44fdae3722e97198808c9e,WAW,CDG,1342.3755951921296,large_airport,large_airport,"LOT, Lufthansa City Airlines",Economy,1,One_way,1.0,700.0,791.0,20.0,Evening,Morning,3,5,0,1,0,1,5,0,1
2,2026-05-24,2026-05-26,93a57400b456e55daf52dc730d684a6856c6502fca1049eb31a2841a596095a6,WAW,CDG,1342.3755951921296,large_airport,large_airport,Lufthansa,Economy,1,One_way,1.0,1115.0,817.0,19.0,Evening,Afternoon,3,5,0,1,0,1,5,0,1
2,2026-05-24,2026-05-26,085cc1f9dc02924acd38e9750f95eb31861752445aa9ec511a6914f701a9851c,WAW,CDG,1342.3755951921296,large_airport,large_airport,Brussels Airlines,Economy,1,One_way,1.0,895.0,844.0,18.0,Evening,Morning,3,5,0,1,0,1,5,0,1
2,2026-05-24,2026-05-26,1d386f3b3b69f87b8686d12d1e5e0962d1700ce4af5524c332431ec1c6ff2076,WAW,CDG,1342.3755951921296,large_airport,large_airport,"LOT, SWISS",Economy,1,One_way,2.0,495.0,859.0,10.0,Morning,Evening,3,5,0,1,0,1,5,0,1
2,2026-05-24,2026-05-26,b92805c101bed2ad989c03d9333807bb8e1760deca6b80e602a4da4ca154d161,WAW,CDG,1342.3755951921296,large_airport,large_airport,"LOT, SWISS",Economy,1,One_way,1.0,385.0,899.0,7.0,Morning,Afternoon,3,5,0,1,0,1,5,0,1
2,2026-05-24,2026-05-26,e3c92af34af0b17a9edf70496134264aa15cdcc9f4d1a163b177e60b797b5689,WAW,CDG,1342.3755951921296,large_airport,large_airport,"LOT, Air Baltic",Economy,1,One_way,1.0,725.0,1000.0,21.0,Night,Morning,3,5,0,1,0,1,5,0,1
2,2026-05-24,2026-05-26,8c8c6ba9b99bdf1fa507a93c6e4eb1ef4b3f4896d569ee8cec97393c7190702f,WAW,CDG,1342.3755951921296,large_airport,large_airport,"LOT, Air Baltic",Economy,1,One_way,1.0,630.0,1000.0,23.0,Night,Morning,3,5,0,1,0,1,5,0,1
2,2026-05-24,2026-05-26,91c57e3a8cddc61c467a226be15732a987f836fd777ac92b5501aecf1c0d4554,WAW,CDG,1342.3755951921296,large_airport,large_airport,British Airways,Economy,1,One_way,1.0,340.0,1017.0,11.0,Morning,Evening,3,5,0,1,0,1,5,0,1
2,2026-05-24,2026-05-26,f267c757441eb4b5903d8922921271b3f1f9310145c9ee5e4c0009c66bab7e44,WAW,CDG,1342.3755951921296,large_airport,large_airport,Austrian,Economy,1,One_way,1.0,1165.0,1077.0,19.0,Evening,Afternoon,3,5,0,1,0,1,5,0,1
2,2026-05-24,2026-05-26,75f5d904a274e04efa077cc8c095e8609a3d04c1f7cd7320eae69cb7ffa37414,WAW,CDG,1342.3755951921296,large_airport,large_airport,"LOT, Air Baltic",Economy,1,One_way,1.0,590.0,1099.0,23.0,Night,Morning,3,5,0,1,0,1,5,0,1
2,2026-05-24,2026-05-26,409a88b55038623fcd714918a12a98c7ed25974624fbec277e6ce305c482ee03,WAW,CDG,1342.3755951921296,large_airport,large_airport,"LOT, Lufthansa",Economy,1,One_way,1.0,875.0,1285.0,20.0,Evening,Morning,3,5,0,1,0,1,5,0,1
2,2026-05-24,2026-05-26,08f6d6ff1a67eea06ef59c6f79f24f166dc08651c457b3ef693ee3d63982e9f1,WAW,CDG,1342.3755951921296,large_airport,large_airport,British Airways,Economy,1,One_way,1.0,930.0,1332.0,18.0,Evening,Morning,3,5,0,1,0,1,5,0,1
2,2026-05-24,2026-05-26,b38f8a98d4c221209615c26ebf4ba5f96022eb2c210abe3750b35831196d0810,WAW,CDG,1342.3755951921296,large_airport,large_airport,British Airways,Economy,1,One_way,1.0,1010.0,1332.0,18.0,Evening,Morning,3,5,0,1,0,1,5,0,1
2,2026-05-24,2026-05-26,770d28764073319aa8d388c493e5834c7dfbec610561c4dfe10307e3801f1e6d,WAW,CDG,1342.3755951921296,large_airport,large_airport,British Airways,Economy,1,One_way,1.0,1170.0,1332.0,18.0,Evening,Afternoon,3,5,0,1,0,1,5,0,1
2,2026-05-24,2026-05-26,f2e7645cd84047b69ba922a110e1fb76edc5c7e48e52ef1b42cabe6cf43d3012,WAW,CDG,1342.3755951921296,large_airport,large_airport,"Scandinavian Airlines, Air France",Economy,1,One_way,1.0,985.0,1642.0,19.0,Evening,Afternoon,3,5,0,1,0,1,5,0,1
2,2026-05-24,2026-05-26,0aa995221c69bcd187648a74b33e311e174e92cd130c779f6c8163a71f75ea64,WAW,CDG,1342.3755951921296,large_airport,large_airport,"LOT, TAROM",Economy,1,One_way,1.0,465.0,1654.0,11.0,Morning,Evening,3,5,0,1,0,1,5,0,1
2,2026-05-24,2026-05-26,63b941773f98507615662ee6b6e34782154f794015ae4567989594859b8b8a93,WAW,CDG,1342.3755951921296,large_airport,large_airport,"Lufthansa, Luxair",Economy,1,One_way,2.0,350.0,1726.0,6.0,Morning,Morning,3,5,0,1,0,1,5,0,1
2,2026-05-24,2026-05-26,6c3c2b9bf9b6c76cb8c697db3650bf601ac8e3967d5aa0c1e7a666f7ca2f6657,WAW,CDG,1342.3755951921296,large_airport,large_airport,"LOT, TAROM",Economy,1,One_way,1.0,875.0,1857.0,20.0,Evening,Morning,3,5,0,1,0,1,5,0,1
2,2026-05-24,2026-05-26,64b624641b8357041deab443154e634b1f142221945ccaafcc5f5acace644492,WAW,CDG,1342.3755951921296,large_airport,large_airport,"LOT, TAROM",Economy,1,One_way,1.0,720.0,1857.0,23.0,Night,Morning,3,5,0,1,0,1,5,0,1
2,2026-05-24,2026-05-26,3a57799199cd79a1e683f8ebe0386a6e13afa0e64381b287cfca997a7612c4c0,WAW,CDG,1342.3755951921296,large_airport,large_airport,"LOT, Brussels Airlines",Economy,1,One_way,1.0,895.0,3386.0,16.0,Afternoon,Morning,3,5,0,1,0,1,5,0,1
2,2026-05-24,2026-05-26,de308e64886e0f6c3b290ea72a24660eeedf4df440d94387f44b621c65e18f78,WAW,CDG,1342.3755951921296,large_airport,large_airport,"LOT, Brussels Airlines",Economy,1,One_way,1.0,660.0,3386.0,20.0,Evening,Morning,3,5,0,1,0,1,5,0,1
2,2026-05-24,2026-05-26,247964153724f0ed61e71bdd5b772841c2d52d4acb0276ba74e2b577ea9f7809,WAW,NCE,1390.481590073946,large_airport,large_airport,Scandinavian Airlines,Premium economy,1,One_way,1.0,770.0,608.0,19.0,Evening,Morning,3,5,0,1,0,1,5,0,1
2,2026-05-24,2026-05-26,c23bd81a379783edb47d30b498a750497a825cb9db48ca41b82b5a93c30c5122,WAW,NCE,1390.481590073946,large_airport,large_airport,"LOT, Scandinavian Airlines",Premium economy,1,One_way,1.0,935.0,4231.0,17.0,Evening,Morning,3,5,0,1,0,1,5,0,1
2,2026-05-24,2026-05-26,641d21a181537dedcf32e118c1b3efdf0ceb2dd10ca42a7f9f2f440867336554,WAW,NCE,1390.481590073946,large_airport,large_airport,Wizz Air,Economy,1,One_way,0.0,155.0,85.0,17.0,Evening,Evening,3,5,0,1,0,1,5,0,1
2,2026-05-24,2026-05-26,a6f85e13d52e04ba1a7d9d84e9170447de0d1726b1d40f32341b9dd7d4a1bfcf,WAW,NCE,1390.481590073946,large_airport,large_airport,LOT,Economy,1,One_way,0.0,155.0,266.0,7.0,Morning,Morning,3,5,0,1,0,1,5,0,1
2,2026-05-24,2026-05-26,0ad98ab1beb3cde2235c5fcd5263c9cb65ae7607a519a2fe49cc7e9daab8625e,WAW,NCE,1390.481590073946,large_airport,large_airport,Norwegian,Economy,1,One_way,1.0,490.0,330.0,12.0,Afternoon,Evening,3,5,0,1,0,1,5,0,1
2,2026-05-24,2026-05-26,b0b6244d1f74cfba8a07c29a4bf80f81b5fa1a27e15af788fe606a82f8567eaf,WAW,NCE,1390.481590073946,large_airport,large_airport,Turkish Airlines,Economy,1,One_way,1.0,500.0,407.0,10.0,Morning,Evening,3,5,0,1,0,1,5,0,1
2,2026-05-24,2026-05-26,33e9bb69274de496b6adfc663c760a5cc6869b702ea0281258b00564dabcea2b,WAW,NCE,1390.481590073946,large_airport,large_airport,Turkish Airlines,Economy,1,One_way,1.0,815.0,263.0,19.0,Evening,Morning,3,5,0,1,0,1,5,0,1
2,2026-05-24,2026-05-26,a8eefe04f2ad010c67fdf7cb7377c9d631def6da55e7f860e260140b57f22af2,WAW,NCE,1390.481590073946,large_airport,large_airport,KLM,Economy,1,One_way,1.0,625.0,306.0,6.0,Morning,Afternoon,3,5,0,1,0,1,5,0,1
2,2026-05-24,2026-05-26,66dc5a154b46cb1f21e1fd1766e305e1921beca4035f2ee8832cef56ee8c11a5,WAW,NCE,1390.481590073946,large_airport,large_airport,KLM,Economy,1,One_way,1.0,315.0,307.0,17.0,Evening,Night,3,5,0,1,0,1,5,0,1
2,2026-05-24,2026-05-26,deebb2412a6ce096ab4602adc4f80494ba28bc48b22bd00bf3380778688b0d27,WAW,NCE,1390.481590073946,large_airport,large_airport,KLM,Economy,1,One_way,1.0,330.0,340.0,6.0,Morning,Morning,3,5,0,1,0,1,5,0,1
2,2026-05-24,2026-05-26,b7215d7d4628995d9fc65429f784b35eb6d9f1ea993b9f131e0481b5925ff2e7,WAW,NCE,1390.481590073946,large_airport,large_airport,KLM,Economy,1,One_way,1.0,600.0,340.0,12.0,Afternoon,Night,3,5,0,1,0,1,5,0,1
2,2026-05-24,2026-05-26,f326f8304008f22c253abbec8d98d90588d94a9ca05f84f96d579d10413a686e,WAW,NCE,1390.481590073946,large_airport,large_airport,"LOT, Lufthansa",Economy,1,One_way,1.0,345.0,373.0,17.0,Evening,Night,3,5,0,1,0,1,5,0,1
2,2026-05-24,2026-05-26,6b5a7d97738019372218e4a3fc58dced6512c5a2cbbcd3decb5a9ad6e7e9d95d,WAW,NCE,1390.481590073946,large_airport,large_airport,Air France,Economy,1,One_way,1.0,660.0,386.0,6.0,Morning,Evening,3,5,0,1,0,1,5,0,1
2,2026-05-24,2026-05-26,feadb23410b5cd26ea252cf108f9d20886fa774a594482b1db7fed0366458c58,WAW,NCE,1390.481590073946,large_airport,large_airport,Air France,Economy,1,One_way,1.0,365.0,449.0,12.0,Afternoon,Evening,3,5,0,1,0,1,5,0,1
2,2026-05-24,2026-05-26,debfc496246c9d0d88883c8c86173f8012f3e90ad95f10676fb53b64d6a3082e,WAW,NCE,1390.481590073946,large_airport,large_airport,Air France,Economy,1,One_way,1.0,585.0,466.0,6.0,Morning,Afternoon,3,5,0,1,0,1,5,0,1
2,2026-05-24,2026-05-26,b10bd3cfc51ac048c7b95799fadd2415bb6b1cfc121503e8b5e78c75ea66fe01,WAW,NCE,1390.481590073946,large_airport,large_airport,"LOT, ITA",Economy,1,One_way,1.0,430.0,476.0,7.0,Morning,Afternoon,3,5,0,1,0,1,5,0,1
2,2026-05-24,2026-05-26,8965ca57133d9739994e5c714284fcd933a610fa4878fe1403c83d4b600901e3,WAW,NCE,1390.481590073946,large_airport,large_airport,Air France,Economy,1,One_way,1.0,320.0,480.0,6.0,Morning,Morning,3,5,0,1,0,1,5,0,1
2,2026-05-24,2026-05-26,b6c5c208065014651440609d8665702626489a3947ee974323a95b4533a4c022,WAW,NCE,1390.481590073946,large_airport,large_airport,Air France,Economy,1,One_way,1.0,415.0,480.0,6.0,Morning,Afternoon,3,5,0,1,0,1,5,0,1
2,2026-05-24,2026-05-26,7053be5609979006bb37bbc8ca573c6e20b335b4b89b6fa79946b32751e9ae31,WAW,NCE,1390.481590073946,large_airport,large_airport,Air France,Economy,1,One_way,1.0,495.0,524.0,6.0,Morning,Afternoon,3,5,0,1,0,1,5,0,1
2,2026-05-24,2026-05-26,3bedfc276fdd06fb033828101e026197d6ead6a9e95d3e6a7298b1b13817249c,WAW,NCE,1390.481590073946,large_airport,large_airport,Brussels Airlines,Economy,1,One_way,1.0,365.0,626.0,6.0,Morning,Afternoon,3,5,0,1,0,1,5,0,1
2,2026-05-24,2026-05-26,ee408a19783ca0dc43922d3df484ee40a46bc8ced518528bd8dbca7eb8347b60,WAW,NCE,1390.481590073946,large_airport,large_airport,Brussels Airlines,Economy,1,One_way,1.0,530.0,626.0,6.0,Morning,Afternoon,3,5,0,1,0,1,5,0,1
2,2026-05-24,2026-05-26,ff2bc4313017fbdd534d02323d2c22a590961e025447ff336bcc6679b9596c18,WAW,NCE,1390.481590073946,large_airport,large_airport,Austrian,Economy,1,One_way,1.0,340.0,626.0,15.0,Afternoon,Evening,3,5,0,1,0,1,5,0,1
2,2026-05-24,2026-05-26,32ae17d4305a439417d3497f306d32b8eb61c4035a5aaae58a505aac1a4144c9,WAW,NCE,1390.481590073946,large_airport,large_airport,Brussels Airlines,Economy,1,One_way,1.0,1130.0,639.0,18.0,Evening,Afternoon,3,5,0,1,0,1,5,0,1
2,2026-05-24,2026-05-26,8b14bfc8aa6b6e1d2d5834f6e9ef1a26694d0f78c45e0fa3e3fe4cdab3060d14,WAW,NCE,1390.481590073946,large_airport,large_airport,Brussels Airlines,Economy,1,One_way,1.0,1295.0,639.0,18.0,Evening,Afternoon,3,5,0,1,0,1,5,0,1
2,2026-05-24,2026-05-26,a13685caf0dd2781a38ad16e3a9c8e460553a2f00df974deac6753f9c6dd11e1,WAW,NCE,1390.481590073946,large_airport,large_airport,Air France,Economy,1,One_way,1.0,370.0,639.0,16.0,Afternoon,Night,3,5,0,1,0,1,5,0,1
2,2026-05-24,2026-05-26,76726dafb6df19c122a3fa6d609830ea9f23dd6d044310f0f63fabcf6b186aac,WAW,NCE,1390.481590073946,large_airport,large_airport,Lufthansa,Economy,1,One_way,1.0,400.0,707.0,6.0,Morning,Afternoon,3,5,0,1,0,1,5,0,1
2,2026-05-24,2026-05-26,c1198131ef3a4924e943ae9211e2bcd2f2ca603357618d074dcb3773c4ea0d8a,WAW,NCE,1390.481590073946,large_airport,large_airport,Lufthansa,Economy,1,One_way,1.0,615.0,730.0,13.0,Afternoon,Night,3,5,0,1,0,1,5,0,1
2,2026-05-24,2026-05-26,d94a1341a900863da2b8e6d6fd94096f9540baccfbeffe6b9d753ee42377b1b5,WAW,NCE,1390.481590073946,large_airport,large_airport,Lufthansa,Economy,1,One_way,1.0,340.0,730.0,17.0,Evening,Night,3,5,0,1,0,1,5,0,1
2,2026-05-24,2026-05-26,93c95761b5e1be584f7570088ffef8aef931979a2c7d7b2e1cd954943e396f3e,WAW,NCE,1390.481590073946,large_airport,large_airport,Air France,Economy,1,One_way,1.0,440.0,774.0,12.0,Afternoon,Evening,3,5,0,1,0,1,5,0,1
2,2026-05-24,2026-05-26,4dd96eff3cccc509fb0b2c37a24cef57c99a8f74e5c88714a322af1c048912cb,WAW,NCE,1390.481590073946,large_airport,large_airport,Air France,Economy,1,One_way,1.0,300.0,909.0,16.0,Afternoon,Night,3,5,0,1,0,1,5,0,1
2,2026-05-24,2026-05-26,1b07e386b2ffb976652eecf15eb97e806e40db0eda8afb37d4d68b09f2417a00,WAW,NCE,1390.481590073946,large_airport,large_airport,Air France,Economy,1,One_way,1.0,545.0,918.0,12.0,Afternoon,Night,3,5,0,1,0,1,5,0,1
2,2026-05-24,2026-05-26,d182ac074470116b6c0056c330b6c8da5aaa751fdced98287e2788704dc4d912,WAW,NCE,1390.481590073946,large_airport,large_airport,"LOT, Lufthansa",Economy,1,One_way,1.0,380.0,1033.0,17.0,Evening,Night,3,5,0,1,0,1,5,0,1
2,2026-05-24,2026-05-26,a84cb43b2128dfb2af3a245e4cb5bfbedae183dac11e192330c14c3a51c097b7,WAW,NCE,1390.481590073946,large_airport,large_airport,"LOT, SWISS",Economy,1,One_way,1.0,370.0,4922.0,7.0,Morning,Afternoon,3,5,0,1,0,1,5,0,1
2,2026-05-24,2026-05-26,a927cc8ede48ccad4d174a1e93900be0264ecbc3b5b2b61aeacf7e9f38bafd22,WAW,MRS,1519.59622663519,large_airport,large_airport,Air France,Business,1,One_way,1.0,330.0,902.0,12.0,Afternoon,Evening,3,5,0,1,0,1,5,0,1
2,2026-05-24,2026-05-26,91a7771760f7964d5a4fea3879923fa7f05f128fb97b2d0109f3dfd0509a2f62,WAW,MRS,1519.59622663519,large_airport,large_airport,Air France,Business,1,One_way,1.0,325.0,902.0,16.0,Afternoon,Night,3,5,0,1,0,1,5,0,1
2,2026-05-24,2026-05-26,bf8b7afaee8f5a172ee48dcba84138b8046688d6d76543f1df2097431e2ec67b,WAW,MRS,1519.59622663519,large_airport,large_airport,KLM,Business,1,One_way,1.0,335.0,1053.0,17.0,Evening,Night,3,5,0,1,0,1,5,0,1
2,2026-05-24,2026-05-26,813312280dc3dd1e71a86dd997195d03daec7798c49041d553ed87f2a5c384e8,WAW,MRS,1519.59622663519,large_airport,large_airport,Turkish Airlines,Business,1,One_way,1.0,470.0,1074.0,10.0,Morning,Evening,3,5,0,1,0,1,5,0,1
2,2026-05-24,2026-05-26,d3c1561519b6ee9f3c754ffcacb00bd024e799ed6f50ea55cc2b93e37b7f07e9,WAW,MRS,1519.59622663519,large_airport,large_airport,Brussels Airlines,Business,1,One_way,1.0,290.0,1445.0,18.0,Evening,Night,3,5,0,1,0,1,5,0,1
2,2026-05-24,2026-05-26,ea613cc4811b3c6f12823f485b655787cb5e601fed2dfa9d7edb7f51d23ac9b4,WAW,MRS,1519.59622663519,large_airport,large_airport,KLM,Business,1,One_way,1.0,640.0,821.0,6.0,Morning,Afternoon,3,5,0,1,0,1,5,0,1
2,2026-05-24,2026-05-26,74387e38ea3c98db7a6db4e369cf11c5ef5424249f7cc957f91f449a04679973,WAW,MRS,1519.59622663519,large_airport,large_airport,Air France,Business,1,One_way,1.0,310.0,902.0,6.0,Morning,Morning,3,5,0,1,0,1,5,0,1
2,2026-05-24,2026-05-26,9f6a7f4adbfb38a24f73f518f679ba108fe09d1a55fcc091b25c796d140f2257,WAW,MRS,1519.59622663519,large_airport,large_airport,Air France,Business,1,One_way,1.0,350.0,902.0,6.0,Morning,Morning,3,5,0,1,0,1,5,0,1
2,2026-05-24,2026-05-26,ac4931dec170b3821183b4399cb8aa50972b4c52d6b802324fdaa9e117f8f7d4,WAW,MRS,1519.59622663519,large_airport,large_airport,Air France,Business,1,One_way,1.0,410.0,902.0,6.0,Morning,Afternoon,3,5,0,1,0,1,5,0,1
2,2026-05-24,2026-05-26,0da775d3c01f00bf83b13f479baa7e44dca8a7615fcff300f33fdb7a9706ddbb,WAW,MRS,1519.59622663519,large_airport,large_airport,Air France,Business,1,One_way,1.0,490.0,902.0,6.0,Morning,Afternoon,3,5,0,1,0,1,5,0,1
2,2026-05-24,2026-05-26,ea38ffef58f799dae40de1336a8a1442c841f3644bdaadc10d7db53b053cadbe,WAW,MRS,1519.59622663519,large_airport,large_airport,Air France,Business,1,One_way,1.0,620.0,902.0,6.0,Morning,Afternoon,3,5,0,1,0,1,5,0,1
2,2026-05-24,2026-05-26,57a6f0c340f381118368da8a769a9a77ab4b1a09b65c82b295d17e869eb27bd0,WAW,MRS,1519.59622663519,large_airport,large_airport,Air France,Business,1,One_way,1.0,710.0,902.0,6.0,Morning,Evening,3,5,0,1,0,1,5,0,1
2,2026-05-24,2026-05-26,12029fa242356dea71f0db74013e28598017e1fbbd8871caad869ff8edc54ad1,WAW,MRS,1519.59622663519,large_airport,large_airport,Air France,Business,1,One_way,1.0,815.0,902.0,6.0,Morning,Evening,3,5,0,1,0,1,5,0,1
2,2026-05-24,2026-05-26,fdb1557c806452bc15c44b6c8f78d3e067864d98fc1dcc4da40211f2c79bdde9,WAW,MRS,1519.59622663519,large_airport,large_airport,Air France,Business,1,One_way,1.0,950.0,902.0,6.0,Morning,Night,3,5,0,1,0,1,5,0,1
2,2026-05-24,2026-05-26,47eb441f30b2a4077bdf0c22bfea4f50c6ab234359479d8ab06de55e0a253aa0,WAW,MRS,1519.59622663519,large_airport,large_airport,Air France,Business,1,One_way,1.0,435.0,902.0,12.0,Afternoon,Evening,3,5,0,1,0,1,5,0,1
2,2026-05-24,2026-05-26,8eac28c6a16c6d33ca272fd2d5a9adf0c1b46345125b4475fe45be92c56cf8e6,WAW,MRS,1519.59622663519,large_airport,large_airport,Air France,Business,1,One_way,1.0,570.0,902.0,12.0,Afternoon,Night,3,5,0,1,0,1,5,0,1
2,2026-05-24,2026-05-26,4ca1fdd24039243794b88cc035072dfe4f64acb808d1a914535247c33aa0713c,WAW,MRS,1519.59622663519,large_airport,large_airport,Air France,Business,1,One_way,1.0,625.0,902.0,12.0,Afternoon,Night,3,5,0,1,0,1,5,0,1
2,2026-05-24,2026-05-26,da7882671611cbd286651e9876d7fdf5a77b2448d3a41fd0bbbc87720815ae14,WAW,MRS,1519.59622663519,large_airport,large_airport,Air France,Business,1,One_way,1.0,380.0,902.0,16.0,Afternoon,Night,3,5,0,1,0,1,5,0,1
2,2026-05-24,2026-05-26,e022a27bce9fd0f2294673a8f42e774968920d4e26bd6e2ad5cd5807d99449dd,WAW,MRS,1519.59622663519,large_airport,large_airport,Air France,Business,1,One_way,1.0,805.0,902.0,19.0,Evening,Morning,3,5,0,1,0,1,5,0,1
2,2026-05-24,2026-05-26,1502b0906efea3373de9ea5894cfe04c7d7965d75c882ba664546b67c280a587,WAW,MRS,1519.59622663519,large_airport,large_airport,Air France,Business,1,One_way,1.0,955.0,902.0,19.0,Evening,Morning,3,5,0,1,0,1,5,0,1
2,2026-05-24,2026-05-26,d305ea4c46dcbfd344af1b4319f61fe795fa67db416a233b63cc23589f0b3eac,WAW,MRS,1519.59622663519,large_airport,large_airport,Air France,Business,1,One_way,1.0,1005.0,904.0,6.0,Morning,Night,3,5,0,1,0,1,5,0,1
2,2026-05-24,2026-05-26,407bfa2121ce8869ab540c140cba40309fe3828701ff383de6089af02a0a70cf,WAW,MRS,1519.59622663519,large_airport,large_airport,Air France,Business,1,One_way,1.0,995.0,904.0,19.0,Evening,Morning,3,5,0,1,0,1,5,0,1
2,2026-05-24,2026-05-26,1da80e49e23b997082b76dbd3d8256ec3f460cc5262407e7cf637390c17ac04d,WAW,MRS,1519.59622663519,large_airport,large_airport,Air France,Business,1,One_way,1.0,1055.0,904.0,19.0,Evening,Afternoon,3,5,0,1,0,1,5,0,1
2,2026-05-24,2026-05-26,38e95a11fda0b82f50c7befb0bbb7be738f93fad83d70637dbd4b57fc2359a78,WAW,MRS,1519.59622663519,large_airport,large_airport,Air France,Business,1,One_way,2.0,550.0,911.0,12.0,Afternoon,Night,3,5,0,1,0,1,5,0,1
2,2026-05-24,2026-05-26,c45eabf3775398f0e110226c892edaca701eeea02f5f5be89b15b95b0350ec0d,WAW,MRS,1519.59622663519,large_airport,large_airport,Air France,Business,1,One_way,2.0,930.0,915.0,6.0,Morning,Night,3,5,0,1,0,1,5,0,1
2,2026-05-24,2026-05-26,4ec60bd1077b849033e429ccaa620eab3a11ced0befec075e1b47a3dc89030ae,WAW,MRS,1519.59622663519,large_airport,large_airport,KLM,Business,1,One_way,1.0,330.0,1053.0,6.0,Morning,Morning,3,5,0,1,0,1,5,0,1
2,2026-05-24,2026-05-26,e1211a6e2aca75db54dc6e644092e5063c2b3c4199f0c6bb005889d148fcc18b,WAW,MRS,1519.59622663519,large_airport,large_airport,KLM,Business,1,One_way,1.0,620.0,1053.0,12.0,Afternoon,Night,3,5,0,1,0,1,5,0,1
2,2026-05-24,2026-05-26,0b815ff72216bb9c51e84f8408acdbb95be694d848ce592e96dc8f52251d3425,WAW,MRS,1519.59622663519,large_airport,large_airport,Turkish Airlines,Business,1,One_way,1.0,1395.0,1074.0,10.0,Morning,Morning,3,5,0,1,0,1,5,0,1
2,2026-05-24,2026-05-26,d2543f914ebcc5b75883e98006a077a00d59d579193baeb31d5e2c20443d8853,WAW,MRS,1519.59622663519,large_airport,large_airport,Turkish Airlines,Business,1,One_way,1.0,840.0,1080.0,19.0,Evening,Morning,3,5,0,1,0,1,5,0,1
2,2026-05-24,2026-05-26,d1d2fb7b8279b97bf7f3cb47589dc56dbcb4e005c9439562ef365587a83b8ab1,WAW,MRS,1519.59622663519,large_airport,large_airport,Turkish Airlines,Business,1,One_way,1.0,1355.0,1080.0,19.0,Evening,Evening,3,5,0,1,0,1,5,0,1
2,2026-05-24,2026-05-26,4fb2c5a4a422a55b97ce0653fc152314639cbcbd184f7a239c3ec38071a05983,WAW,MRS,1519.59622663519,large_airport,large_airport,Air France,Business,1,One_way,1.0,975.0,1146.0,16.0,Afternoon,Morning,3,5,0,1,0,1,5,0,1
2,2026-05-24,2026-05-26,85b9ed36d0f2e3764e4486f27b8d2a4820e3938f9e3b5a0a1f475fa95c26495e,WAW,MRS,1519.59622663519,large_airport,large_airport,British Airways,Business,1,One_way,1.0,1335.0,1359.0,11.0,Morning,Morning,3,5,0,1,0,1,5,0,1
2,2026-05-24,2026-05-26,92737111bfe13d87605a3a9512cb003df6d69b94d113fadd1c73340f20991100,WAW,MRS,1519.59622663519,large_airport,large_airport,Brussels Airlines,Business,1,One_way,1.0,355.0,1445.0,6.0,Morning,Afternoon,3,5,0,1,0,1,5,0,1
2,2026-05-24,2026-05-26,b7addc2c4f20189cecacaa248ca5910e4ecbe65d299b8a3b01dbc4e5c5f0e694,WAW,MRS,1519.59622663519,large_airport,large_airport,Brussels Airlines,Business,1,One_way,1.0,965.0,1445.0,6.0,Morning,Night,3,5,0,1,0,1,5,0,1
2,2026-05-24,2026-05-26,1bf84b556efb3a13eb15e98796e4307d799d8f2ebbb27783e8085937d49e83df,WAW,MRS,1519.59622663519,large_airport,large_airport,Lufthansa,Business,1,One_way,1.0,675.0,1458.0,6.0,Morning,Evening,3,5,0,1,0,1,5,0,1
2,2026-05-24,2026-05-26,4cfa91de7be3b24140f87c45c3d494af44ebe08f7d71ec515918817504e71a15,WAW,MRS,1519.59622663519,large_airport,large_airport,"LOT, Lufthansa",Business,1,One_way,1.0,615.0,1458.0,7.0,Morning,Evening,3,5,0,1,0,1,5,0,1
2,2026-05-24,2026-05-26,d0cb6d38f38379d9bc32e7316f7a893167c83fb2d24cabacd7c1bc36ab137dc6,WAW,MRS,1519.59622663519,large_airport,large_airport,Lufthansa,Business,1,One_way,1.0,495.0,1458.0,9.0,Morning,Evening,3,5,0,1,0,1,5,0,1
2,2026-05-24,2026-05-26,992f2dd777d22ffb2acd049d4bb92f4655181b4d7265bff75b1105fd41c1e700,WAW,MRS,1519.59622663519,large_airport,large_airport,Lufthansa,Business,1,One_way,1.0,775.0,1458.0,9.0,Morning,Night,3,5,0,1,0,1,5,0,1
2,2026-05-24,2026-05-26,a13417f546038342baf9a0e630c6d89ecf1a12a5448b6a6188f0da372170c31c,WAW,MRS,1519.59622663519,large_airport,large_airport,Lufthansa,Business,1,One_way,1.0,500.0,1458.0,14.0,Afternoon,Night,3,5,0,1,0,1,5,0,1
2,2026-05-24,2026-05-26,e838c5b0651b6a780941e0d6522a6376178dd05aa40208f26903aeb61ba5f941,WAW,MRS,1519.59622663519,large_airport,large_airport,"LOT, Lufthansa",Business,1,One_way,1.0,335.0,1458.0,17.0,Evening,Night,3,5,0,1,0,1,5,0,1
2,2026-05-24,2026-05-26,5714fab2f557d70bb6f168e0abeed44dcf70973188a80047b52fb05cc15e484c,WAW,MRS,1519.59622663519,large_airport,large_airport,"Austrian, Brussels Airlines",Business,1,One_way,2.0,965.0,1473.0,6.0,Morning,Night,3,5,0,1,0,1,5,0,1
2,2026-05-24,2026-05-26,5d7697f712188611ebb03af2f706ae75de3cfe0b2667518002523089a6befaeb,WAW,MRS,1519.59622663519,large_airport,large_airport,Lufthansa,Business,1,One_way,1.0,955.0,1476.0,6.0,Morning,Night,3,5,0,1,0,1,5,0,1
2,2026-05-24,2026-05-26,4892f1f41833ff46923f7f3a70404b2120bef8743358ab0b1569e7a15181537b,WAW,MRS,1519.59622663519,large_airport,large_airport,Lufthansa,Business,1,One_way,2.0,715.0,1538.0,6.0,Morning,Evening,3,5,0,1,0,1,5,0,1
2,2026-05-24,2026-05-26,bd4bd980a5366a55277f9af4b8c2b16e575453f653128fe0334f0d98352caf34,WAW,MRS,1519.59622663519,large_airport,large_airport,"LOT, Lufthansa",Business,1,One_way,2.0,905.0,1538.0,7.0,Morning,Night,3,5,0,1,0,1,5,0,1
2,2026-05-24,2026-05-26,b918ccac753079cffa0e33dad6998e242b7917df16c04c944b01550439c7ca3e,WAW,MRS,1519.59622663519,large_airport,large_airport,Lufthansa,Business,1,One_way,2.0,560.0,1538.0,13.0,Afternoon,Night,3,5,0,1,0,1,5,0,1
2,2026-05-24,2026-05-26,f678157c78e2d8ab08f5ad58626ffed6a3f8d4d2e4382daf11223cbe920e3053,WAW,MRS,1519.59622663519,large_airport,large_airport,"LOT, Lufthansa",Business,1,One_way,2.0,685.0,1617.0,22.0,Night,Morning,3,5,0,1,0,1,5,0,1
2,2026-05-24,2026-05-26,6da058cf53cfc717492c20014366c253b0e335a2f9c74c157c88af460db39320,WAW,MRS,1519.59622663519,large_airport,large_airport,"LOT, Austrian",Business,1,One_way,1.0,1560.0,1661.0,7.0,Morning,Morning,3,5,0,1,0,1,5,0,1
2,2026-05-24,2026-05-26,707b35b39a5574371d5c62f71ba992fd345906f1a6f0477790fab40d23d6b634,WAW,MRS,1519.59622663519,large_airport,large_airport,Austrian,Business,1,One_way,1.0,1490.0,1661.0,8.0,Morning,Morning,3,5,0,1,0,1,5,0,1
2,2026-05-24,2026-05-26,eb4f26708abb45044d474449f32f5ab580b2bc9daa38add16731120d79c36070,WAW,MRS,1519.59622663519,large_airport,large_airport,Austrian,Business,1,One_way,1.0,1095.0,1661.0,15.0,Afternoon,Morning,3,5,0,1,0,1,5,0,1
2,2026-05-24,2026-05-26,769c4e7cda129c7d23a24ad9ac9de7fa9ebcec3a63854b41c80bdf4d6c4b5572,WAW,MRS,1519.59622663519,large_airport,large_airport,"LOT, Austrian",Business,1,One_way,1.0,955.0,1661.0,17.0,Evening,Morning,3,5,0,1,0,1,5,0,1
2,2026-05-24,2026-05-26,42e9c377a74bb5a66fb384606a407b1dd740238aaebd54746ba3cac2407f6c55,WAW,MRS,1519.59622663519,large_airport,large_airport,Lufthansa,Business,1,One_way,1.0,910.0,1683.0,19.0,Evening,Morning,3,5,0,1,0,1,5,0,1
2,2026-05-24,2026-05-26,3fda439abfc9cec1dfa8147e6c976a2070449042896ac4d0741b38441f0e386a,WAW,MRS,1519.59622663519,large_airport,large_airport,Lufthansa,Business,1,One_way,1.0,1205.0,1701.0,14.0,Afternoon,Morning,3,5,0,1,0,1,5,0,1
2,2026-05-24,2026-05-26,86e9284468ed33a179ea36eeefa7b17c7295849eec10e9763512133e44f3f97f,WAW,MRS,1519.59622663519,large_airport,large_airport,Lufthansa,Business,1,One_way,1.0,1645.0,1701.0,19.0,Evening,Night,3,5,0,1,0,1,5,0,1
2,2026-05-24,2026-05-26,ec73e6709c3e95664880a69012eb4da0a0e613c54caac2176bd999e4782ad195,WAW,MRS,1519.59622663519,large_airport,large_airport,Lufthansa,Business,1,One_way,2.0,990.0,1761.0,17.0,Evening,Morning,3,5,0,1,0,1,5,0,1
2,2026-05-24,2026-05-26,ca4a3899dfb65bd83641be88a1111e37375f7734c591fa062cf7fe8f19cbb78b,WAW,MRS,1519.59622663519,large_airport,large_airport,"Austrian, Brussels Airlines",Business,1,One_way,2.0,870.0,1773.0,8.0,Morning,Night,3,5,0,1,0,1,5,0,1
2,2026-05-24,2026-05-26,24512b4fa7fcc6e1d2f859164bf74df0e308e5e3f4c0cfcd520998179872c6f6,WAW,MRS,1519.59622663519,large_airport,large_airport,"Austrian, Brussels Airlines",Business,1,One_way,2.0,475.0,1773.0,15.0,Afternoon,Night,3,5,0,1,0,1,5,0,1
2,2026-05-24,2026-05-26,0d552e1295c2749dc150c18f5052fc1ccb2f9395e582b65c38ee04bdc1734c0f,WAW,MRS,1519.59622663519,large_airport,large_airport,Brussels Airlines,Business,1,One_way,1.0,1120.0,2028.0,18.0,Evening,Afternoon,3,5,0,1,0,1,5,0,1
2,2026-05-24,2026-05-26,501776b2022b89229cf4eabdfad26975cde339cbcbdd0a4ea1f6cd1040c181e1,WAW,MRS,1519.59622663519,large_airport,large_airport,"LOT, Turkish Airlines",Business,1,One_way,1.0,520.0,2128.0,9.0,Morning,Evening,3,5,0,1,0,1,5,0,1
2,2026-05-24,2026-05-26,38e53c7178d802303476ec514c0ba43c7cd1cad237abdbc64f624881a4cf7228,WAW,MRS,1519.59622663519,large_airport,large_airport,"LOT, Turkish Airlines",Business,1,One_way,1.0,795.0,2128.0,20.0,Evening,Morning,3,5,0,1,0,1,5,0,1
2,2026-05-24,2026-05-26,7d4ee355dba7f462c41c38d91c6feb807aebb573c808f094b4ab2f8010d64ee5,WAW,MRS,1519.59622663519,large_airport,large_airport,Lufthansa,Business,1,One_way,1.0,1365.0,2259.0,19.0,Evening,Evening,3,5,0,1,0,1,5,0,1
2,2026-05-24,2026-05-26,f0706e8b0d9338b978d30fdad11a6907a2cb783591590441f173169d6f3a0f9c,WAW,MRS,1519.59622663519,large_airport,large_airport,"LOT, Air Dolomiti, Lufthansa",Business,1,One_way,2.0,695.0,2710.0,22.0,Night,Morning,3,5,0,1,0,1,5,0,1
2,2026-05-24,2026-05-26,52e86d1cc10ec4d6ffa71ba2fa4eca08e20c04dc7f89e8e280c601de05ad2e41,WAW,MRS,1519.59622663519,large_airport,large_airport,"LOT, Lufthansa",Business,1,One_way,2.0,835.0,2719.0,20.0,Evening,Morning,3,5,0,1,0,1,5,0,1
2,2026-05-24,2026-05-26,530d74c4332fb35bd938d919214b734fc7a93ba9c6fef8c9fb5e30be8817508f,WAW,MRS,1519.59622663519,large_airport,large_airport,"LOT, Lufthansa",Business,1,One_way,2.0,825.0,2974.0,20.0,Evening,Morning,3,5,0,1,0,1,5,0,1
2,2026-05-24,2026-05-26,e748d4655546266ac1744f3ce6cf8d0952ae7fc89429cd577df0eb99aa91799a,WAW,MRS,1519.59622663519,large_airport,large_airport,"Lufthansa, Brussels Airlines",Business,1,One_way,2.0,405.0,3200.0,6.0,Morning,Afternoon,3,5,0,1,0,1,5,0,1
2,2026-05-24,2026-05-26,02a6b84b8463abd1af00a66e222f55b7865077a0857ab7a366494168cadbc464,WAW,MRS,1519.59622663519,large_airport,large_airport,"LOT, Lufthansa",Business,1,One_way,2.0,855.0,3888.0,20.0,Evening,Morning,3,5,0,1,0,1,5,0,1
2,2026-05-24,2026-05-26,073983b9afb9784ef6a99f960fd4f56b546718fe0e8f0371c6b350b82f8b3d41,WAW,MRS,1519.59622663519,large_airport,large_airport,"Scandinavian Airlines, Air France",Business,1,One_way,2.0,1030.0,6866.0,19.0,Evening,Afternoon,3,5,0,1,0,1,5,0,1
2,2026-05-24,2026-05-26,21875a3b4449c29737790779cf0dce9a48fa45b6b7f33f79b47189d61d33d79f,KTW,CDG,1196.1514103215857,large_airport,large_airport,LOT,Economy,1,One_way,1.0,235.0,289.0,14.0,Afternoon,Evening,3,5,0,1,0,1,5,0,1
2,2026-05-24,2026-05-26,d837992bc327d846c17c4151582b49d5bea466e276e78fd31fe4080850f6affd,KTW,CDG,1196.1514103215857,large_airport,large_airport,LOT,Economy,1,One_way,1.0,265.0,289.0,18.0,Evening,Night,3,5,0,1,0,1,5,0,1
2,2026-05-24,2026-05-26,a333d44d091df513e9766112ceb8fecfbd2a94edf90e82961b37cc407eeda4ed,KTW,CDG,1196.1514103215857,large_airport,large_airport,"Air Dolomiti, Lufthansa",Economy,1,One_way,1.0,230.0,349.0,15.0,Afternoon,Evening,3,5,0,1,0,1,5,0,1
2,2026-05-24,2026-05-26,540911522271457ebc0d312e45c5c3430da8dcfd6ded8c7e8121c7c9e0916800,KTW,CDG,1196.1514103215857,large_airport,large_airport,LOT,Economy,1,One_way,1.0,470.0,289.0,14.0,Afternoon,Night,3,5,0,1,0,1,5,0,1
2,2026-05-24,2026-05-26,e9aa5d9ecfb7293ed1d9c2ef777839c5caa53c9a01551b389d8626ca7bf12ded,KTW,CDG,1196.1514103215857,large_airport,large_airport,LOT,Economy,1,One_way,1.0,250.0,327.0,5.0,Morning,Morning,3,5,0,1,0,1,5,0,1
2,2026-05-24,2026-05-26,037cf5ac046a48016739c9a55c40ce1244c88f094096ca485a7c90ca923d4383,KTW,CDG,1196.1514103215857,large_airport,large_airport,"Air Dolomiti, Lufthansa",Economy,1,One_way,1.0,290.0,349.0,6.0,Morning,Morning,3,5,0,1,0,1,5,0,1
2,2026-05-24,2026-05-26,a53a2fd2dfb066abc4b24f8cfc362e4ae13789a6dcd6ec46efb12dba16888b42,KTW,CDG,1196.1514103215857,large_airport,large_airport,"Air Dolomiti, Lufthansa",Economy,1,One_way,1.0,465.0,349.0,6.0,Morning,Afternoon,3,5,0,1,0,1,5,0,1
2,2026-05-24,2026-05-26,e522e4eadc417e9985523e5637bcb21d68dd739e58059880fd458f97ec66efc8,KTW,CDG,1196.1514103215857,large_airport,large_airport,"Air Dolomiti, Lufthansa",Economy,1,One_way,1.0,705.0,349.0,6.0,Morning,Evening,3,5,0,1,0,1,5,0,1
2,2026-05-24,2026-05-26,30afe3e6e9526129226af58bdfcea2862cfb3680a4cb753cdb47411e39cc6ac6,KTW,CDG,1196.1514103215857,large_airport,large_airport,"Air Dolomiti, Lufthansa",Economy,1,One_way,1.0,760.0,349.0,6.0,Morning,Evening,3,5,0,1,0,1,5,0,1
2,2026-05-24,2026-05-26,5f3c909a5161e09ab8fdaf831d50c051c3e99d1f49443634338e09168a40f789,KTW,CDG,1196.1514103215857,large_airport,large_airport,"Air Dolomiti, Lufthansa",Economy,1,One_way,1.0,425.0,349.0,15.0,Afternoon,Night,3,5,0,1,0,1,5,0,1
2,2026-05-24,2026-05-26,44e72c35bb46bf9a6f0f9e2e6a7467387ac3a038c118948c1e77f8397df9fa33,KTW,CDG,1196.1514103215857,large_airport,large_airport,LOT,Economy,1,One_way,1.0,1025.0,367.0,5.0,Morning,Night,3,5,0,1,0,1,5,0,1
2,2026-05-24,2026-05-26,5e6f06d85608b84aadb55e5317718c80c0831ca1a3efd58d0af8d9cbde53021c,KTW,CDG,1196.1514103215857,large_airport,large_airport,LOT,Economy,1,One_way,1.0,1135.0,367.0,14.0,Afternoon,Morning,3,5,0,1,0,1,5,0,1
2,2026-05-24,2026-05-26,862203980c054e733bfbe8a24ec50c9c617f50570b022c5989291fc606dd3849,KTW,CDG,1196.1514103215857,large_airport,large_airport,"Air Dolomiti, Lufthansa",Economy,1,One_way,1.0,955.0,368.0,6.0,Morning,Night,3,5,0,1,0,1,5,0,1
2,2026-05-24,2026-05-26,0b5427a9dc5a05833a98725691759b1b9511c62bbc9182ad1f1e095dd3aa8e5e,KTW,CDG,1196.1514103215857,large_airport,large_airport,"Air Dolomiti, ITA",Economy,1,One_way,2.0,670.0,383.0,6.0,Morning,Evening,3,5,0,1,0,1,5,0,1
2,2026-05-24,2026-05-26,a421d67b736ffa49d156438221c553276c62a0c4ddda475a916ece649f828a0c,KTW,CDG,1196.1514103215857,large_airport,large_airport,"Air Dolomiti, Lufthansa, ITA",Economy,1,One_way,2.0,670.0,383.0,6.0,Morning,Evening,3,5,0,1,0,1,5,0,1
2,2026-05-24,2026-05-26,905cd77ad60ce73dbb3bf7d4669b0d1c5686d885ba808bdbdbbc2ef910e3e04c,KTW,CDG,1196.1514103215857,large_airport,large_airport,"Air Dolomiti, ITA",Economy,1,One_way,2.0,520.0,383.0,15.0,Afternoon,Night,3,5,0,1,0,1,5,0,1
2,2026-05-24,2026-05-26,068fc65b091cded09ee4a05aa4be5406cec2ed395e0f96b4643ac0432d6bae15,KTW,CDG,1196.1514103215857,large_airport,large_airport,"Air Dolomiti, Austrian",Economy,1,One_way,2.0,535.0,389.0,6.0,Morning,Afternoon,3,5,0,1,0,1,5,0,1
2,2026-05-24,2026-05-26,e3ea43f4104b77bf5d3feac3fb1caecbeaff10b8920ce37a3605b2305a7475a5,KTW,CDG,1196.1514103215857,large_airport,large_airport,"Air Dolomiti, Austrian",Economy,1,One_way,2.0,650.0,389.0,6.0,Morning,Evening,3,5,0,1,0,1,5,0,1
2,2026-05-24,2026-05-26,6875a94868021841a953b1c679e8952c439e88ca7dd8a565873491a28313a9de,KTW,CDG,1196.1514103215857,large_airport,large_airport,"Air Dolomiti, Lufthansa, Lufthansa City Airlines",Economy,1,One_way,2.0,440.0,418.0,6.0,Morning,Afternoon,3,5,0,1,0,1,5,0,1
2,2026-05-24,2026-05-26,d03bb5d6f8b8f07129110d6c7f1975eaa264beeafdcccffd3823d9d4cc94fbec,KTW,CDG,1196.1514103215857,large_airport,large_airport,LOT,Economy,1,One_way,1.0,790.0,426.0,5.0,Morning,Evening,3,5,0,1,0,1,5,0,1
2,2026-05-24,2026-05-26,bdff96d542549e130951e5d017ca57b2079fddcb63b49c95bec12d71234bce23,KTW,CDG,1196.1514103215857,large_airport,large_airport,"Air Dolomiti, Lufthansa, Lufthansa City Airlines",Economy,1,One_way,2.0,515.0,481.0,15.0,Afternoon,Night,3,5,0,1,0,1,5,0,1
2,2026-05-24,2026-05-26,35cd3ff382b2f19a6c68e7cddcf499dff10a1967acb71067f07ef6842fe7bf25,KTW,CDG,1196.1514103215857,large_airport,large_airport,"Air Dolomiti, Lufthansa, Austrian",Economy,1,One_way,2.0,445.0,501.0,15.0,Afternoon,Night,3,5,0,1,0,1,5,0,1
2,2026-05-24,2026-05-26,d5b7b9dbc7e339ced6b1c81a4046302abf9843472e1de0e25e9441d0f5bc7ebd,KTW,CDG,1196.1514103215857,large_airport,large_airport,"LOT, Scandinavian Airlines",Economy,1,One_way,2.0,840.0,639.0,5.0,Morning,Evening,3,5,0,1,0,1,5,0,1
2,2026-05-24,2026-05-26,0abca68ea39934050b652fad1c70d372143cbb5abbba83e933cada8852264b1b,KTW,CDG,1196.1514103215857,large_airport,large_airport,"LOT, Air France",Economy,1,One_way,2.0,565.0,837.0,5.0,Morning,Afternoon,3,5,0,1,0,1,5,0,1
2,2026-05-24,2026-05-26,3beb49e832de6f2d530bd4fb748775d4d3939d80e371cff3f0cc987a22f5e5d5,WAW,NCE,1390.481590073946,large_airport,large_airport,LOT,Business,1,One_way,0.0,155.0,994.0,7.0,Morning,Morning,3,5,0,1,0,1,5,0,1
2,2026-05-24,2026-05-26,7225950cf733af70ac2ef9af5b8cee927581f66ad3d8ab04d8904f431a6e6b78,WAW,NCE,1390.481590073946,large_airport,large_airport,KLM,Business,1,One_way,1.0,315.0,1052.0,17.0,Evening,Night,3,5,0,1,0,1,5,0,1
2,2026-05-24,2026-05-26,3ab31eff53fc3ce5279c00c41aa088663faa0f18431ec593980df45605cb5590,WAW,NCE,1390.481590073946,large_airport,large_airport,Air France,Business,1,One_way,1.0,300.0,1145.0,16.0,Afternoon,Night,3,5,0,1,0,1,5,0,1
2,2026-05-24,2026-05-26,5d07a86409209d97b2afe45b02fcff84abbc2a76e63d9928b8bce03d7219a265,WAW,NCE,1390.481590073946,large_airport,large_airport,Scandinavian Airlines,Business,1,One_way,1.0,770.0,637.0,19.0,Evening,Morning,3,5,0,1,0,1,5,0,1
2,2026-05-24,2026-05-26,ece84a7dee799af5c47d917f0b21d1a8b1feb11aede22010db21b645a5e50590,WAW,NCE,1390.481590073946,large_airport,large_airport,KLM,Business,1,One_way,1.0,625.0,821.0,6.0,Morning,Afternoon,3,5,0,1,0,1,5,0,1
2,2026-05-24,2026-05-26,b1daaafbc9a44998ea1d413dfb2b826850bea8c2214abf0b606c8f4cb255e744,WAW,NCE,1390.481590073946,large_airport,large_airport,"LOT, ITA",Business,1,One_way,1.0,430.0,867.0,7.0,Morning,Afternoon,3,5,0,1,0,1,5,0,1
2,2026-05-24,2026-05-26,f0d1e6b694637c1e632e5a3e666eb7a377ecef2c220e57d95619e68f9d239dc1,WAW,NCE,1390.481590073946,large_airport,large_airport,"LOT, ITA",Business,1,One_way,1.0,670.0,867.0,7.0,Morning,Evening,3,5,0,1,0,1,5,0,1
2,2026-05-24,2026-05-26,9f4aed5d062c26882a048116fb5eea45c5639227b73238a022af231e80545a83,WAW,NCE,1390.481590073946,large_airport,large_airport,Air France,Business,1,One_way,1.0,320.0,902.0,6.0,Morning,Morning,3,5,0,1,0,1,5,0,1
2,2026-05-24,2026-05-26,8f55db354382d8fcca30d99e5c344a2ccb5d6ec825452e80fe7034de6e038773,WAW,NCE,1390.481590073946,large_airport,large_airport,Air France,Business,1,One_way,1.0,585.0,902.0,6.0,Morning,Afternoon,3,5,0,1,0,1,5,0,1
2,2026-05-24,2026-05-26,b6c244923afc32d12e40601f5d5cc0e7f458494d211226a261605546dc57eeb1,WAW,NCE,1390.481590073946,large_airport,large_airport,Air France,Business,1,One_way,1.0,660.0,902.0,6.0,Morning,Evening,3,5,0,1,0,1,5,0,1
2,2026-05-24,2026-05-26,487079be757ced8901b3aec434d4787975511cdd4b3ae2cea908ff75288f8699,WAW,NCE,1390.481590073946,large_airport,large_airport,Air France,Business,1,One_way,1.0,820.0,902.0,6.0,Morning,Evening,3,5,0,1,0,1,5,0,1
2,2026-05-24,2026-05-26,2720f89568f931446a16e3b7f81a207487c9bf74a69e562730e0ed31c6a76024,WAW,NCE,1390.481590073946,large_airport,large_airport,Air France,Business,1,One_way,1.0,925.0,902.0,6.0,Morning,Night,3,5,0,1,0,1,5,0,1
2,2026-05-24,2026-05-26,91dba3fecb1110d38655c97bea403765a7e7d58cba97f0da20c98683197565f0,WAW,NCE,1390.481590073946,large_airport,large_airport,Air France,Business,1,One_way,1.0,440.0,902.0,12.0,Afternoon,Evening,3,5,0,1,0,1,5,0,1
2,2026-05-24,2026-05-26,62c96e185fa28735207e543f19eac0951e6b95e1a0a3468c984d2125642d1dee,WAW,NCE,1390.481590073946,large_airport,large_airport,Air France,Business,1,One_way,1.0,615.0,902.0,12.0,Afternoon,Night,3,5,0,1,0,1,5,0,1
2,2026-05-24,2026-05-26,da4239b1c3d4faaf6eb04cdfd5d3abf4af15134b5b6f47fa517e4a8295233063,WAW,NCE,1390.481590073946,large_airport,large_airport,Air France,Business,1,One_way,1.0,370.0,902.0,16.0,Afternoon,Night,3,5,0,1,0,1,5,0,1
2,2026-05-24,2026-05-26,6f1722e29704bc57dd79329a8df657e298903532ffd4911d3f3f11cedd8473cc,WAW,NCE,1390.481590073946,large_airport,large_airport,Air France,Business,1,One_way,1.0,945.0,902.0,16.0,Afternoon,Morning,3,5,0,1,0,1,5,0,1
2,2026-05-24,2026-05-26,5769e6471c78098ae3841291d22b804556b7b40d412c8a7cd467242a31d41589,WAW,NCE,1390.481590073946,large_airport,large_airport,Air France,Business,1,One_way,1.0,775.0,902.0,19.0,Evening,Morning,3,5,0,1,0,1,5,0,1
2,2026-05-24,2026-05-26,09b0540cd6822da7cce68e06a06c195eef969e6332d4aab9cedfba08282c42ec,WAW,NCE,1390.481590073946,large_airport,large_airport,Air France,Business,1,One_way,1.0,810.0,902.0,19.0,Evening,Morning,3,5,0,1,0,1,5,0,1
2,2026-05-24,2026-05-26,b141fd12384c0f5813c82da2a341569e7d4a7365f7eda5501440e470c0a4d336,WAW,NCE,1390.481590073946,large_airport,large_airport,Air France,Business,1,One_way,1.0,880.0,902.0,19.0,Evening,Morning,3,5,0,1,0,1,5,0,1
2,2026-05-24,2026-05-26,5460cc356f50ee87f95a115916fa8d2a257275ae916dcf354af0f164fb2c9b78,WAW,NCE,1390.481590073946,large_airport,large_airport,Air France,Business,1,One_way,1.0,965.0,902.0,19.0,Evening,Morning,3,5,0,1,0,1,5,0,1
2,2026-05-24,2026-05-26,cd5343c02eef611fe4e36d9d76844a48f31d5de260ee91cc995b890d3ebd21c8,WAW,NCE,1390.481590073946,large_airport,large_airport,Air France,Business,1,One_way,1.0,995.0,904.0,6.0,Morning,Night,3,5,0,1,0,1,5,0,1
2,2026-05-24,2026-05-26,15457f75d865441d685521c7df1c522524976a709aaa2ee9d808367a40d5e8f3,WAW,NCE,1390.481590073946,large_airport,large_airport,Air France,Business,1,One_way,1.0,980.0,904.0,16.0,Afternoon,Morning,3,5,0,1,0,1,5,0,1
2,2026-05-24,2026-05-26,5a8ac73815cc047bf9d90da2b7c8964bddf4488a52024f6342414f9fd3fd3cfb,WAW,NCE,1390.481590073946,large_airport,large_airport,Air France,Business,1,One_way,1.0,1050.0,904.0,16.0,Afternoon,Morning,3,5,0,1,0,1,5,0,1
2,2026-05-24,2026-05-26,f50395d04763612a8bb9994ea0269677786fa1fd1dbad1de8da465f874a2e2f9,WAW,NCE,1390.481590073946,large_airport,large_airport,Air France,Business,1,One_way,1.0,1060.0,904.0,19.0,Evening,Afternoon,3,5,0,1,0,1,5,0,1
2,2026-05-24,2026-05-26,a8a1ca09ac49c11ad6d03e9cacbbf40933177e11f95601a0c203f384fc9eba85,WAW,NCE,1390.481590073946,large_airport,large_airport,Air France,Business,1,One_way,2.0,930.0,911.0,6.0,Morning,Night,3,5,0,1,0,1,5,0,1
2,2026-05-24,2026-05-26,791ff281c01e2f5c3bc487270541022b1aaf5459b7f333e05932ea59ae1147c2,WAW,NCE,1390.481590073946,large_airport,large_airport,Air France,Business,1,One_way,2.0,550.0,911.0,12.0,Afternoon,Night,3,5,0,1,0,1,5,0,1
2,2026-05-24,2026-05-26,8069bc6f146c01d742ed3b678cc524c2509e14824b2f5128a12d6aebf2eb35f9,WAW,NCE,1390.481590073946,large_airport,large_airport,British Airways,Business,1,One_way,1.0,665.0,1021.0,8.0,Morning,Evening,3,5,0,1,0,1,5,0,1
2,2026-05-24,2026-05-26,fbab92bfe2383f6983455c7dc3e787b7a06cc33ac25994803366fe3030d268dd,WAW,NCE,1390.481590073946,large_airport,large_airport,KLM,Business,1,One_way,1.0,330.0,1052.0,6.0,Morning,Morning,3,5,0,1,0,1,5,0,1
2,2026-05-24,2026-05-26,6edff909e09047b5b23967849c1bcfe68a0f59cd6b96382b29039418bc78c067,WAW,NCE,1390.481590073946,large_airport,large_airport,KLM,Business,1,One_way,1.0,600.0,1052.0,12.0,Afternoon,Night,3,5,0,1,0,1,5,0,1
2,2026-05-24,2026-05-26,6e428258ccafb131cca7e8c5a0090fd5974f8384c0343fe240905df914d083ee,WAW,NCE,1390.481590073946,large_airport,large_airport,Air France,Business,1,One_way,1.0,495.0,1145.0,6.0,Morning,Afternoon,3,5,0,1,0,1,5,0,1
2,2026-05-24,2026-05-26,070d4d56893a3081ddf4c4e43c496cdec8e28efbf6fbc6e51b0fb1e3af21e8f8,WAW,NCE,1390.481590073946,large_airport,large_airport,Air France,Business,1,One_way,1.0,745.0,1145.0,6.0,Morning,Evening,3,5,0,1,0,1,5,0,1
2,2026-05-24,2026-05-26,1cc43f554575e162404f8385826ac42e693d5f5b2de0c10d6c640260a3b7f0cf,WAW,NCE,1390.481590073946,large_airport,large_airport,Air France,Business,1,One_way,1.0,545.0,1145.0,12.0,Afternoon,Night,3,5,0,1,0,1,5,0,1
2,2026-05-24,2026-05-26,d49f6231fd244d021e9bfa4fd2d6c345a1b680041c5d11047637da413c3acd6e,WAW,NCE,1390.481590073946,large_airport,large_airport,"LOT, ITA",Business,1,One_way,2.0,650.0,1159.0,7.0,Morning,Evening,3,5,0,1,0,1,5,0,1
2,2026-05-24,2026-05-26,2c260dad5df2f6833d6fcc40b5b5b50513106979f615e2933c38df115a662ff5,WAW,NCE,1390.481590073946,large_airport,large_airport,"LOT, Lufthansa",Business,1,One_way,1.0,380.0,1200.0,17.0,Evening,Night,3,5,0,1,0,1,5,0,1
2,2026-05-24,2026-05-26,0cb1d353410bd3f0f787c42ddddb989935561f26a0b0d19d155d733b4998790a,WAW,NCE,1390.481590073946,large_airport,large_airport,British Airways,Business,1,One_way,1.0,680.0,1228.0,8.0,Morning,Evening,3,5,0,1,0,1,5,0,1
2,2026-05-24,2026-05-26,65a3a2032b24ac816ca6304a9eefd9882f10d46c8f73cf135f1a62ee2fcc6bfa,WAW,NCE,1390.481590073946,large_airport,large_airport,"Lufthansa, ITA",Business,1,One_way,2.0,470.0,1256.0,6.0,Morning,Afternoon,3,5,0,1,0,1,5,0,1
2,2026-05-24,2026-05-26,0e04b2467705ac072b55587e89984e0c696748f460e4be8a2a2b9311204adc0c,WAW,NCE,1390.481590073946,large_airport,large_airport,"LOT, Lufthansa, ITA",Business,1,One_way,2.0,410.0,1256.0,7.0,Morning,Afternoon,3,5,0,1,0,1,5,0,1
2,2026-05-24,2026-05-26,80bb7ed8169a41ae6a9f7c3703b634c1ec2258a034e8a5b0c480b3efdb70f82c,WAW,NCE,1390.481590073946,large_airport,large_airport,"Lufthansa, ITA",Business,1,One_way,2.0,710.0,1365.0,6.0,Morning,Evening,3,5,0,1,0,1,5,0,1
2,2026-05-24,2026-05-26,ebc5d73c1338822eba2d678289e57f4b69260a149a14c2d6ea94bf42167cdd00,WAW,NCE,1390.481590073946,large_airport,large_airport,Turkish Airlines,Business,1,One_way,1.0,1370.0,1389.0,10.0,Morning,Morning,3,5,0,1,0,1,5,0,1
2,2026-05-24,2026-05-26,04e4a36fb785aef353b2787989c6db028de5581fd48cbbf4e532367ca80a1836,WAW,NCE,1390.481590073946,large_airport,large_airport,British Airways,Business,1,One_way,1.0,645.0,1417.0,8.0,Morning,Evening,3,5,0,1,0,1,5,0,1
2,2026-05-24,2026-05-26,ec04702af54c08cd2be8650ca64c8853852818e3fe5b5dcd8b2d7e397c5b64a7,WAW,NCE,1390.481590073946,large_airport,large_airport,British Airways,Business,1,One_way,1.0,695.0,1417.0,8.0,Morning,Evening,3,5,0,1,0,1,5,0,1
2,2026-05-24,2026-05-26,328b8933c694ad1f34f6099ab8bc3abf9d56b45d4bbc3da88c79fa21bda97c10,WAW,NCE,1390.481590073946,large_airport,large_airport,Air France,Business,1,One_way,1.0,415.0,1488.0,6.0,Morning,Afternoon,3,5,0,1,0,1,5,0,1
2,2026-05-24,2026-05-26,170f880c3a98e97ec3cfb2a17413542059764389f88d4397ba023836a0c48e65,WAW,NCE,1390.481590073946,large_airport,large_airport,Air France,Business,1,One_way,1.0,365.0,1488.0,12.0,Afternoon,Evening,3,5,0,1,0,1,5,0,1
2,2026-05-24,2026-05-26,030169d4b3c1cfcbba50408938ce8d3f18c579a9aa350018b942915b6b1ddf11,WAW,NCE,1390.481590073946,large_airport,large_airport,"LOT, Air Baltic",Business,1,One_way,1.0,735.0,1492.0,21.0,Night,Morning,3,5,0,1,0,1,5,0,1
2,2026-05-24,2026-05-26,b17fc25fd9ac30245c49803c112a00cedf737c6bbf915ef349d51917e1abd45c,WAW,NCE,1390.481590073946,large_airport,large_airport,"LOT, Air Baltic",Business,1,One_way,1.0,640.0,1492.0,23.0,Night,Morning,3,5,0,1,0,1,5,0,1
2,2026-05-24,2026-05-26,30e725208da53922704ac7993ece59e3b6d482b1795d8baf596f342c06bd8e8a,WAW,NCE,1390.481590073946,large_airport,large_airport,"Lufthansa, Lufthansa City Airlines, ITA",Business,1,One_way,2.0,510.0,1526.0,6.0,Morning,Afternoon,3,5,0,1,0,1,5,0,1
2,2026-05-24,2026-05-26,0b9f4ecbe9277b091ae6092cc837244b192c04a6b55df7c64f114a7f318ba769,WAW,NCE,1390.481590073946,large_airport,large_airport,British Airways,Business,1,One_way,1.0,555.0,1545.0,8.0,Morning,Evening,3,5,0,1,0,1,5,0,1
2,2026-05-24,2026-05-26,54e356c053973488ea26842d1c4e8eeb243ed81aa333604e72926842c760a0a1,WAW,NCE,1390.481590073946,large_airport,large_airport,Austrian,Business,1,One_way,1.0,830.0,1659.0,6.0,Morning,Evening,3,5,0,1,0,1,5,0,1
2,2026-05-24,2026-05-26,b62cdce01fb953516b78982268dc963d6151d0611e4eaf733099d8fb7d63f717,WAW,NCE,1390.481590073946,large_airport,large_airport,"LOT, Austrian",Business,1,One_way,1.0,805.0,1659.0,7.0,Morning,Evening,3,5,0,1,0,1,5,0,1
2,2026-05-24,2026-05-26,81ac46846898465b59f60abcdc67da12145898f10fe373e97247e5da89f8b099,WAW,NCE,1390.481590073946,large_airport,large_airport,Austrian,Business,1,One_way,1.0,735.0,1659.0,8.0,Morning,Evening,3,5,0,1,0,1,5,0,1
2,2026-05-24,2026-05-26,73c54ec74f8d8d7aa9787b7387b5651c37651198afadae1fccfe1009d5c4dc42,WAW,NCE,1390.481590073946,large_airport,large_airport,Austrian,Business,1,One_way,1.0,340.0,1659.0,15.0,Afternoon,Evening,3,5,0,1,0,1,5,0,1
2,2026-05-24,2026-05-26,973ccc6adb1b40ab59a7d1e0df234c0d59ffd0e6f76e31f4460b3a46e9dc0320,WAW,NCE,1390.481590073946,large_airport,large_airport,Brussels Airlines,Business,1,One_way,1.0,365.0,1659.0,6.0,Morning,Afternoon,3,5,0,1,0,1,5,0,1
2,2026-05-24,2026-05-26,82f2dca3b511a90b55cc00857bf3c91ebccf82cda600423f319ef2a77b45f024,WAW,NCE,1390.481590073946,large_airport,large_airport,Brussels Airlines,Business,1,One_way,1.0,530.0,1659.0,6.0,Morning,Afternoon,3,5,0,1,0,1,5,0,1
2,2026-05-24,2026-05-26,4b6673bf99c3c43ff85e814b416d8fd62e27faf13c9e2c88b1577d4007bca0c1,WAW,NCE,1390.481590073946,large_airport,large_airport,"LOT, SWISS",Business,1,One_way,1.0,645.0,1662.0,7.0,Morning,Evening,3,5,0,1,0,1,5,0,1
2,2026-05-24,2026-05-26,26834fa284840e21137a93887da2aeedf10802d31f784b7ffb9ad92eb7613917,WAW,NCE,1390.481590073946,large_airport,large_airport,SWISS,Business,1,One_way,1.0,785.0,1662.0,19.0,Evening,Morning,3,5,0,1,0,1,5,0,1
2,2026-05-24,2026-05-26,27c0d0cfd0d564278a4a003efc9e7d83e972526f0e8e36ed914a0ff5dbcb9685,WAW,NCE,1390.481590073946,large_airport,large_airport,SWISS,Business,1,One_way,1.0,855.0,1662.0,19.0,Evening,Morning,3,5,0,1,0,1,5,0,1
2,2026-05-24,2026-05-26,ce619094d96b19722feb89dd6f597b7c71e82fe8ea2cbd6f6931aa3f5499fb5d,WAW,NCE,1390.481590073946,large_airport,large_airport,Lufthansa,Business,1,One_way,1.0,400.0,1664.0,6.0,Morning,Afternoon,3,5,0,1,0,1,5,0,1
2,2026-05-24,2026-05-26,610f5799b24d573084c8246956d088e5f25597d51368953aacd24689ee273d91,WAW,NCE,1390.481590073946,large_airport,large_airport,Lufthansa,Business,1,One_way,1.0,615.0,1664.0,13.0,Afternoon,Night,3,5,0,1,0,1,5,0,1
2,2026-05-24,2026-05-26,01e61d83b7ca5cfe1d74cbbaa51ec4ecf91f16eeddc32b8d984e3356e9d7c9e4,WAW,NCE,1390.481590073946,large_airport,large_airport,Lufthansa,Business,1,One_way,1.0,340.0,1664.0,17.0,Evening,Night,3,5,0,1,0,1,5,0,1
2,2026-05-24,2026-05-26,d86f6b222db4f9d3d431a89f06d67d094783a8529055d9bb0fbcf0645523bbca,WAW,NCE,1390.481590073946,large_airport,large_airport,Brussels Airlines,Business,1,One_way,1.0,1130.0,1672.0,18.0,Evening,Afternoon,3,5,0,1,0,1,5,0,1
2,2026-05-24,2026-05-26,8b1be42395cca5e0647b236cfe9bd9c36a3792a5d0fdd9a884e4d8215c0f3246,WAW,NCE,1390.481590073946,large_airport,large_airport,Brussels Airlines,Business,1,One_way,1.0,1295.0,1672.0,18.0,Evening,Afternoon,3,5,0,1,0,1,5,0,1
2,2026-05-24,2026-05-26,47302bb62579a35c314f803a565431708a2e8f18ec95601ef0fc43503c498e7f,WAW,NCE,1390.481590073946,large_airport,large_airport,Lufthansa,Business,1,One_way,1.0,685.0,1673.0,6.0,Morning,Evening,3,5,0,1,0,1,5,0,1
2,2026-05-24,2026-05-26,fabe55600ceac36f319db31b65435daab993f148bd2c4f341cb6fa2d3c15e908,WAW,NCE,1390.481590073946,large_airport,large_airport,"LOT, Lufthansa",Business,1,One_way,1.0,625.0,1673.0,7.0,Morning,Evening,3,5,0,1,0,1,5,0,1
2,2026-05-24,2026-05-26,a985bb39de01fe223c3161d864e0863f30d3292be967c78283c4072914415b70,WAW,NCE,1390.481590073946,large_airport,large_airport,Lufthansa,Business,1,One_way,1.0,505.0,1673.0,9.0,Morning,Evening,3,5,0,1,0,1,5,0,1
2,2026-05-24,2026-05-26,b00e2dc3df913ed77e5e125ab01324df29c1673b987ea7c25a467830435bffff,WAW,NCE,1390.481590073946,large_airport,large_airport,Lufthansa,Business,1,One_way,1.0,510.0,1673.0,14.0,Afternoon,Night,3,5,0,1,0,1,5,0,1
2,2026-05-24,2026-05-26,7127d8dd2c46e71c7ef8e177f9b613255cace953aac5be8df0591579f838b6ec,WAW,NCE,1390.481590073946,large_airport,large_airport,"LOT, Lufthansa",Business,1,One_way,1.0,345.0,1673.0,17.0,Evening,Night,3,5,0,1,0,1,5,0,1
2,2026-05-24,2026-05-26,a57cc314c1f43a77b370cc5a6027960ee5261dbb302cce7485a4fb6fd7a67d78,WAW,NCE,1390.481590073946,large_airport,large_airport,British Airways,Business,1,One_way,1.0,415.0,1736.0,11.0,Morning,Evening,3,5,0,1,0,1,5,0,1
2,2026-05-24,2026-05-26,b67d14774266ddb9a94e84beda8c45b568536ffa6cd2708824a0480ffe8acfe9,WAW,NCE,1390.481590073946,large_airport,large_airport,British Airways,Business,1,One_way,1.0,465.0,1736.0,11.0,Morning,Evening,3,5,0,1,0,1,5,0,1
2,2026-05-24,2026-05-26,63b5bd942d29337ed51c7c2ef42616d765281a270d945c4e9eec2089a829ae4e,WAW,NCE,1390.481590073946,large_airport,large_airport,"LOT, SWISS",Business,1,One_way,2.0,745.0,1752.0,7.0,Morning,Evening,3,5,0,1,0,1,5,0,1
2,2026-05-24,2026-05-26,b45793db85401c5d4e29a0925c95087bb888a90c9385a88a9357c4ccad34dd29,WAW,NCE,1390.481590073946,large_airport,large_airport,"LOT, Lufthansa",Business,1,One_way,2.0,950.0,1752.0,7.0,Morning,Night,3,5,0,1,0,1,5,0,1
2,2026-05-24,2026-05-26,8468d6dd996777d1e890f1513a87fc1f58519ed5d88c288001d6cf17d80ec079,WAW,NCE,1390.481590073946,large_airport,large_airport,"LOT, ITA",Business,1,One_way,2.0,660.0,1828.0,7.0,Morning,Evening,3,5,0,1,0,1,5,0,1
2,2026-05-24,2026-05-26,851607e3ac700529524abd9c7cdef4659665624bbb0fcbd1c7bf20e2e1cc280b,WAW,NCE,1390.481590073946,large_airport,large_airport,"Lufthansa, ITA",Business,1,One_way,2.0,510.0,1831.0,6.0,Morning,Afternoon,3,5,0,1,0,1,5,0,1
2,2026-05-24,2026-05-26,819a5228c2baa12205e277b5b54e7050166ecbc7cec088c5b20b0e3c88ce68b6,WAW,NCE,1390.481590073946,large_airport,large_airport,"LOT, Lufthansa City Airlines, ITA",Business,1,One_way,2.0,420.0,1831.0,7.0,Morning,Afternoon,3,5,0,1,0,1,5,0,1
2,2026-05-24,2026-05-26,6326f8976c0f224f20995cb94def3c192eed3c39ab390efc18fba73bd7842482,WAW,NCE,1390.481590073946,large_airport,large_airport,SWISS,Business,1,One_way,1.0,1360.0,1902.0,19.0,Evening,Evening,3,5,0,1,0,1,5,0,1
2,2026-05-24,2026-05-26,0cd89930a33627bc545b4ae74e562d76b128b19842d69732d36f9185a8e3f1dd,WAW,NCE,1390.481590073946,large_airport,large_airport,Lufthansa,Business,1,One_way,1.0,1125.0,1902.0,17.0,Evening,Afternoon,3,5,0,1,0,1,5,0,1
2,2026-05-24,2026-05-26,219e1d545bffbf4bba3f104e138236bf6a9010576021ed6bdeb7f2e9166a3f33,WAW,NCE,1390.481590073946,large_airport,large_airport,Lufthansa,Business,1,One_way,1.0,1400.0,1902.0,17.0,Evening,Evening,3,5,0,1,0,1,5,0,1
2,2026-05-24,2026-05-26,b5272b4a427b20e34c1f3651b67aa2e8d8cf5889e3f39a91b5fa87cb127e4aa7,WAW,NCE,1390.481590073946,large_airport,large_airport,Lufthansa,Business,1,One_way,1.0,1115.0,1911.0,19.0,Evening,Afternoon,3,5,0,1,0,1,5,0,1
2,2026-05-24,2026-05-26,69e4e92b1a23c17553884309fed3f4ad5b61b58e9b73c5bcfed1143b48cadd3a,WAW,NCE,1390.481590073946,large_airport,large_airport,Lufthansa,Business,1,One_way,1.0,1375.0,1911.0,19.0,Evening,Evening,3,5,0,1,0,1,5,0,1
2,2026-05-24,2026-05-26,602b8825162bf2b48c3a394cba5ee8fea1a14a23a83be4f178b71e74aa01ed5f,WAW,NCE,1390.481590073946,large_airport,large_airport,Lufthansa,Business,1,One_way,2.0,1045.0,1989.0,19.0,Evening,Afternoon,3,5,0,1,0,1,5,0,1
2,2026-05-24,2026-05-26,81f0c81c4b7cf87a4ad393f4cf2b9092a58c46bdff9554460203af9d0346f512,WAW,NCE,1390.481590073946,large_airport,large_airport,"LOT, Turkish Airlines",Business,1,One_way,1.0,550.0,2128.0,9.0,Morning,Evening,3,5,0,1,0,1,5,0,1
2,2026-05-24,2026-05-26,cc2e08a1027b89d0d009067e1efa6f3f7cce73799b742ccc752e2bc55b635d94,WAW,NCE,1390.481590073946,large_airport,large_airport,"LOT, Turkish Airlines",Business,1,One_way,1.0,1200.0,2128.0,12.0,Afternoon,Morning,3,5,0,1,0,1,5,0,1
2,2026-05-24,2026-05-26,264e7d684fd4c362caa91f86dc772d423d3bc90571c913dac224087a49dfdf08,WAW,NCE,1390.481590073946,large_airport,large_airport,"LOT, Turkish Airlines",Business,1,One_way,1.0,770.0,2128.0,20.0,Evening,Morning,3,5,0,1,0,1,5,0,1
2,2026-05-24,2026-05-26,8a10961b39ebb97496c7c1527883d35e90b8466276332bcc28f3e0d61f215f0e,WAW,NCE,1390.481590073946,large_airport,large_airport,"LOT, Turkish Airlines",Business,1,One_way,1.0,1325.0,2128.0,20.0,Evening,Evening,3,5,0,1,0,1,5,0,1
2,2026-05-24,2026-05-26,5732a9a9ec2c122a824690221ba26919dffc90b69a2ae1cf32047592dbe16337,WAW,NCE,1390.481590073946,large_airport,large_airport,"LOT, Lufthansa",Business,1,One_way,1.0,955.0,3318.0,20.0,Evening,Afternoon,3,5,0,1,0,1,5,0,1
2,2026-05-24,2026-05-26,0a210f6e8e9f184fcd704e1e35a507c92211097b1fc9340e65ae2715aeb5f4f6,WAW,NCE,1390.481590073946,large_airport,large_airport,"LOT, Lufthansa",Business,1,One_way,1.0,1230.0,3318.0,20.0,Evening,Evening,3,5,0,1,0,1,5,0,1
2,2026-05-24,2026-05-26,de9e343d9a98ae2d946f2396c0e552413b066c80f7959ae93102bae0326ec729,KTW,CDG,1196.1514103215857,large_airport,large_airport,LOT,Business,1,One_way,1.0,235.0,845.0,14.0,Afternoon,Evening,3,5,0,1,0,1,5,0,1
2,2026-05-24,2026-05-26,1633c391c8ef599023da146bf1dea1620ab2ba696ee67a43c1293002dfb9ca00,KTW,CDG,1196.1514103215857,large_airport,large_airport,"Air Dolomiti, Lufthansa",Business,1,One_way,1.0,230.0,895.0,15.0,Afternoon,Evening,3,5,0,1,0,1,5,0,1
2,2026-05-24,2026-05-26,51e2e86f36c1bbda64583ff6e664ed7ea55c96828964e5cb95c49021d43b6706,KTW,CDG,1196.1514103215857,large_airport,large_airport,LOT,Business,1,One_way,1.0,250.0,845.0,5.0,Morning,Morning,3,5,0,1,0,1,5,0,1
2,2026-05-24,2026-05-26,08d038ebee5d7615e688695d7497159c5cd04dc7002728ab891efc5b0cf8db80,KTW,CDG,1196.1514103215857,large_airport,large_airport,LOT,Business,1,One_way,1.0,470.0,845.0,14.0,Afternoon,Night,3,5,0,1,0,1,5,0,1
2,2026-05-24,2026-05-26,baa0779cff2b3c74dbe4d272c6f51cd2896b490402784d506ecd4087a9f988d2,KTW,CDG,1196.1514103215857,large_airport,large_airport,LOT,Business,1,One_way,1.0,265.0,845.0,18.0,Evening,Night,3,5,0,1,0,1,5,0,1
2,2026-05-24,2026-05-26,83e000c75095b790088b7f5bc5f0bae87e7c46980eb61c318d49b7f808c73359,KTW,CDG,1196.1514103215857,large_airport,large_airport,"Air Dolomiti, Lufthansa",Business,1,One_way,1.0,290.0,895.0,6.0,Morning,Morning,3,5,0,1,0,1,5,0,1
2,2026-05-24,2026-05-26,60d46efcd6925190b123e3bc8a47df1382a9e04f66bb458b5f33c3e2b34e0791,KTW,CDG,1196.1514103215857,large_airport,large_airport,"Air Dolomiti, Lufthansa",Business,1,One_way,1.0,465.0,895.0,6.0,Morning,Afternoon,3,5,0,1,0,1,5,0,1
2,2026-05-24,2026-05-26,d0167c499a1bb8a51349fae0a65bb732ff529d91356250105dcd49d72510563e,KTW,CDG,1196.1514103215857,large_airport,large_airport,"Air Dolomiti, Lufthansa",Business,1,One_way,1.0,705.0,895.0,6.0,Morning,Evening,3,5,0,1,0,1,5,0,1
2,2026-05-24,2026-05-26,7172eada5d9df881b587107152d92d9120ce188348efc4c9c228f101321a0082,KTW,CDG,1196.1514103215857,large_airport,large_airport,"Air Dolomiti, Lufthansa",Business,1,One_way,1.0,760.0,895.0,6.0,Morning,Evening,3,5,0,1,0,1,5,0,1
2,2026-05-24,2026-05-26,d95012b781f3b82bcf34f01f9a152686118a976b895ced7daafaf8266f7f1546,KTW,CDG,1196.1514103215857,large_airport,large_airport,"Air Dolomiti, Lufthansa",Business,1,One_way,1.0,425.0,895.0,15.0,Afternoon,Night,3,5,0,1,0,1,5,0,1
2,2026-05-24,2026-05-26,c36910d2c55f0d3693857140cd2031b342225c5cfb157e0d947c2642c5024f4b,KTW,CDG,1196.1514103215857,large_airport,large_airport,"Air Dolomiti, Lufthansa",Business,1,One_way,1.0,955.0,913.0,6.0,Morning,Night,3,5,0,1,0,1,5,0,1
2,2026-05-24,2026-05-26,4e84f8ac3679ed319530076748a3ba6c0c99e3086d667a27b4ebe5d022ab5661,KTW,CDG,1196.1514103215857,large_airport,large_airport,"Air Dolomiti, Lufthansa, Lufthansa City Airlines",Business,1,One_way,2.0,440.0,975.0,6.0,Morning,Afternoon,3,5,0,1,0,1,5,0,1
2,2026-05-24,2026-05-26,777a531211a44d0c104b518d9a0ba4df5f99660f477ce962b08ffea4411f07a6,KTW,CDG,1196.1514103215857,large_airport,large_airport,"Air Dolomiti, Lufthansa",Business,1,One_way,2.0,665.0,975.0,6.0,Morning,Evening,3,5,0,1,0,1,5,0,1
2,2026-05-24,2026-05-26,94527980ca86136ad01e1ef71dfa876f553f8b3b4ac4558f81ce9090c5feb8e0,KTW,CDG,1196.1514103215857,large_airport,large_airport,"Air Dolomiti, Lufthansa",Business,1,One_way,2.0,845.0,975.0,6.0,Morning,Evening,3,5,0,1,0,1,5,0,1
2,2026-05-24,2026-05-26,7064b07de52ccb69d9e76da275025ea04b78d4468775016885e743e15b012ec1,KTW,CDG,1196.1514103215857,large_airport,large_airport,"Air Dolomiti, Lufthansa, Lufthansa City Airlines",Business,1,One_way,2.0,515.0,975.0,15.0,Afternoon,Night,3,5,0,1,0,1,5,0,1
2,2026-05-24,2026-05-26,cfb05f813ef78b38120d484960716ba189d6afd91274f03faa97e18f68423796,KTW,CDG,1196.1514103215857,large_airport,large_airport,"Air Dolomiti, Lufthansa",Business,1,One_way,1.0,1065.0,1040.0,15.0,Afternoon,Morning,3,5,0,1,0,1,5,0,1
2,2026-05-24,2026-05-26,1e88d1efd0a1d14c36b5cb7ee51d3caf22cfc026e31765bb9af4737c5ce25a86,KTW,CDG,1196.1514103215857,large_airport,large_airport,"Air Dolomiti, Lufthansa",Business,1,One_way,1.0,1120.0,1040.0,15.0,Afternoon,Morning,3,5,0,1,0,1,5,0,1
2,2026-05-24,2026-05-26,786115c92e00bcd3f2d100312fec1b04642288eddd718d73ea0bcc75647a46af,KTW,CDG,1196.1514103215857,large_airport,large_airport,"Air Dolomiti, Lufthansa",Business,1,One_way,1.0,1175.0,1040.0,15.0,Afternoon,Morning,3,5,0,1,0,1,5,0,1
2,2026-05-24,2026-05-26,0788e94b922db10cd4cc1e33f978bda2eb0eb6072c69fbfa09451dc817ef20dd,KTW,CDG,1196.1514103215857,large_airport,large_airport,"Air Dolomiti, Lufthansa",Business,1,One_way,1.0,1365.0,1040.0,15.0,Afternoon,Afternoon,3,5,0,1,0,1,5,0,1
2,2026-05-24,2026-05-26,aa1a5cfa1507c563875d3550944102bda560b46e267b926a9a386322836b1c51,KTW,CDG,1196.1514103215857,large_airport,large_airport,"Air Dolomiti, ITA",Business,1,One_way,2.0,670.0,1052.0,6.0,Morning,Evening,3,5,0,1,0,1,5,0,1
2,2026-05-24,2026-05-26,686191cdefcef3b7947a94e4a27c552011e4a98148350421a7b1a2474faea536,KTW,CDG,1196.1514103215857,large_airport,large_airport,"Air Dolomiti, ITA",Business,1,One_way,2.0,520.0,1052.0,15.0,Afternoon,Night,3,5,0,1,0,1,5,0,1
2,2026-05-24,2026-05-26,1c3bbf6f5bcdeafa2f240ec79b4bac2aef76e1b02cbfb3370632ab21ed597999,KTW,CDG,1196.1514103215857,large_airport,large_airport,"Air Dolomiti, Croatia",Business,1,One_way,2.0,680.0,1067.0,6.0,Morning,Evening,3,5,0,1,0,1,5,0,1
2,2026-05-24,2026-05-26,9e7e6443b5174e75e1d56550378550fdf5ab28c0b40e2b87109573fff5cff346,KTW,CDG,1196.1514103215857,large_airport,large_airport,"Air Dolomiti, Austrian",Business,1,One_way,2.0,535.0,1078.0,6.0,Morning,Afternoon,3,5,0,1,0,1,5,0,1
2,2026-05-24,2026-05-26,e44e3addf71f171c856690f28cc2d07e84a187000363a10acc9536666cd1796e,KTW,CDG,1196.1514103215857,large_airport,large_airport,"Air Dolomiti, Austrian",Business,1,One_way,2.0,650.0,1078.0,6.0,Morning,Evening,3,5,0,1,0,1,5,0,1
2,2026-05-24,2026-05-26,7b58b2b8c25e5f0f3de36ba1695e514cfd2262ba509a0f71dcd138863f1f540f,KTW,CDG,1196.1514103215857,large_airport,large_airport,"LOT, Air Baltic",Business,1,One_way,2.0,910.0,1090.0,18.0,Evening,Morning,3,5,0,1,0,1,5,0,1
2,2026-05-24,2026-05-26,f3462e444885a7e4091953217d48c1b6476dfee02dfe4b33e229ed8b6b148809,KTW,CDG,1196.1514103215857,large_airport,large_airport,LOT,Business,1,One_way,1.0,1025.0,1100.0,5.0,Morning,Night,3,5,0,1,0,1,5,0,1
2,2026-05-24,2026-05-26,e22e94fd64b1dcc6fb56eb10b3a7cae6487cfaa7e1a80be248f2030a78ef4b09,KTW,CDG,1196.1514103215857,large_airport,large_airport,LOT,Business,1,One_way,1.0,1135.0,1100.0,14.0,Afternoon,Morning,3,5,0,1,0,1,5,0,1
2,2026-05-24,2026-05-26,90aa18868f9d4297bef98fd34724e1638178fcfcbcdab265c4238ca4df98d156,KTW,CDG,1196.1514103215857,large_airport,large_airport,LOT,Business,1,One_way,1.0,1470.0,1100.0,18.0,Evening,Evening,3,5,0,1,0,1,5,0,1
2,2026-05-24,2026-05-26,9f017375e8effc8e4fa852dbe0da7f4df5082ab4043df41a286fe1e6f136ba27,KTW,CDG,1196.1514103215857,large_airport,large_airport,LOT,Business,1,One_way,1.0,790.0,1103.0,5.0,Morning,Evening,3,5,0,1,0,1,5,0,1
2,2026-05-24,2026-05-26,75536f5e0d901aa549b0e10f86295ab6f7f03ffc4d6a1537cb75feef64524548,KTW,CDG,1196.1514103215857,large_airport,large_airport,LOT,Business,1,One_way,1.0,930.0,1103.0,18.0,Evening,Morning,3,5,0,1,0,1,5,0,1
2,2026-05-24,2026-05-26,abbd9f2562c345973ab72197a4a1637ef066a6a633718e03500bf5402d0411f9,KTW,CDG,1196.1514103215857,large_airport,large_airport,"LOT, Air Baltic",Business,1,One_way,2.0,880.0,1166.0,18.0,Evening,Morning,3,5,0,1,0,1,5,0,1
2,2026-05-24,2026-05-26,89f01f9e0f07dd57bd48ed1e13164d4e70ddf50b431db7b387f917906c2384b6,KTW,CDG,1196.1514103215857,large_airport,large_airport,"Air Dolomiti, Lufthansa, ITA",Business,1,One_way,2.0,670.0,1196.0,6.0,Morning,Evening,3,5,0,1,0,1,5,0,1
2,2026-05-24,2026-05-26,cddd6cb57c75b633cd1960a621348953d68516bf7a0d463f431f53c899def9aa,KTW,CDG,1196.1514103215857,large_airport,large_airport,"Air Dolomiti, Austrian",Business,1,One_way,2.0,790.0,1203.0,6.0,Morning,Evening,3,5,0,1,0,1,5,0,1
2,2026-05-24,2026-05-26,0ec5df3b0589563cb64f2dae5a3ee23e3d6fdcaa0ed7e483f3803d5ca9cae7ce,KTW,CDG,1196.1514103215857,large_airport,large_airport,"Air Dolomiti, Lufthansa, Austrian",Business,1,One_way,2.0,445.0,1227.0,15.0,Afternoon,Night,3,5,0,1,0,1,5,0,1
2,2026-05-24,2026-05-26,a6aefa2b2d3999b9cffb1581629a07cc5e31592350710a64a6322c3826de547b,KTW,CDG,1196.1514103215857,large_airport,large_airport,"LOT, Air Baltic",Business,1,One_way,2.0,765.0,1338.0,5.0,Morning,Evening,3,5,0,1,0,1,5,0,1
2,2026-05-24,2026-05-26,2e7848cc72d649bc5f347c4983499f8deba525ea23c6d9939b60ccffae351fd8,KTW,CDG,1196.1514103215857,large_airport,large_airport,"Air Dolomiti, Austrian",Business,1,One_way,2.0,975.0,1378.0,6.0,Morning,Night,3,5,0,1,0,1,5,0,1
2,2026-05-24,2026-05-26,8b194a247b47cd029937f010f14ddb996aa76abd9cb3ca2acfcfe7f82b111a82,KTW,CDG,1196.1514103215857,large_airport,large_airport,"LOT, British Airways",Business,1,One_way,2.0,465.0,1380.0,5.0,Morning,Afternoon,3,5,0,1,0,1,5,0,1
2,2026-05-24,2026-05-26,3c42428da51789a44eba208cb39d3d6e9b02fa52ba366af8d05954d5cb7710b5,KTW,CDG,1196.1514103215857,large_airport,large_airport,"LOT, Brussels Airlines",Business,1,One_way,2.0,1550.0,1448.0,5.0,Morning,Morning,3,5,0,1,0,1,5,0,1
2,2026-05-24,2026-05-26,ba81816d5efcbc663b20f4e98cb6ede07293c82aba8e10953309e8aa9485ac0d,KTW,CDG,1196.1514103215857,large_airport,large_airport,"LOT, British Airways",Business,1,One_way,2.0,710.0,1621.0,5.0,Morning,Evening,3,5,0,1,0,1,5,0,1
2,2026-05-24,2026-05-26,a9239f159740c3138b4d085831c1d5bf41498dd78ec5396ed40bba313d1e5e57,KTW,CDG,1196.1514103215857,large_airport,large_airport,"LOT, British Airways",Business,1,One_way,2.0,590.0,1627.0,5.0,Morning,Afternoon,3,5,0,1,0,1,5,0,1
2,2026-05-24,2026-05-26,e628cc5a70b8e3e8341ab4793a2a604989c0a03d30ff0024e137957e61a64279,KTW,CDG,1196.1514103215857,large_airport,large_airport,"LOT, Finnair",Business,1,One_way,2.0,755.0,1658.0,5.0,Morning,Evening,3,5,0,1,0,1,5,0,1
2,2026-05-24,2026-05-26,4f0556c1fbc3c2d6aa976d02fe7abe356f19cd7c8932ef8a0f706e89013576ca,KTW,CDG,1196.1514103215857,large_airport,large_airport,"LOT, Finnair",Business,1,One_way,2.0,520.0,2483.0,5.0,Morning,Afternoon,3,5,0,1,0,1,5,0,1
2,2026-05-24,2026-05-26,b25a8cca36794cbdd1ac674a8614524cf8e91cf3dad76d433afcbc54c19b91ca,KTW,CDG,1196.1514103215857,large_airport,large_airport,"LOT, Scandinavian Airlines",Business,1,One_way,2.0,840.0,2614.0,5.0,Morning,Evening,3,5,0,1,0,1,5,0,1
2,2026-05-24,2026-05-26,cf270ead95ac45e09baf5b1eb0560f400b89371ff95a7a18f899d30783d0535f,KTW,CDG,1196.1514103215857,large_airport,large_airport,"Air Dolomiti, SWISS",Business,1,One_way,2.0,470.0,2826.0,6.0,Morning,Afternoon,3,5,0,1,0,1,5,0,1
2,2026-05-24,2026-05-26,27be80cdeb88f7af926efc564c441e0d1fb04d2cd10e523792b657f2b1d61bc9,KTW,CDG,1196.1514103215857,large_airport,large_airport,"Air Dolomiti, Lufthansa, SWISS",Business,1,One_way,2.0,470.0,2826.0,6.0,Morning,Afternoon,3,5,0,1,0,1,5,0,1
2,2026-05-24,2026-05-26,603e1fa342122b1855cf27a585aeb1733e0bd0633f7fbdea90f2cb82a7e3111d,KTW,CDG,1196.1514103215857,large_airport,large_airport,"Air Dolomiti, SWISS",Business,1,One_way,2.0,760.0,2826.0,6.0,Morning,Evening,3,5,0,1,0,1,5,0,1
2,2026-05-24,2026-05-26,aa3475a04cac941984071ab184d540674c36c80971b027640072ae9dfc98eadb,KTW,CDG,1196.1514103215857,large_airport,large_airport,"Air Dolomiti, SWISS",Business,1,One_way,2.0,510.0,2826.0,15.0,Afternoon,Night,3,5,0,1,0,1,5,0,1
2,2026-05-24,2026-05-26,404ec71e21b242e9547cdaff9317af49248c669142fa4f225c1fd77d891351c1,KTW,CDG,1196.1514103215857,large_airport,large_airport,"Air Dolomiti, Lufthansa, SWISS",Business,1,One_way,2.0,510.0,2826.0,15.0,Afternoon,Night,3,5,0,1,0,1,5,0,1
2,2026-05-24,2026-05-26,8594a398be5e8c19502628ff2915a5d4d38686c4c4a0a7e76b9a51ae0705e149,KTW,CDG,1196.1514103215857,large_airport,large_airport,"LOT, Brussels Airlines",Business,1,One_way,2.0,790.0,2920.0,18.0,Evening,Morning,3,5,0,1,0,1,5,0,1
2,2026-05-24,2026-05-26,bcaa074d2aba628cc5cc1687ac62180af0f66d0dfc00f5ee37ec312c5d4aa490,KTW,CDG,1196.1514103215857,large_airport,large_airport,"LOT, Lufthansa",Business,1,One_way,2.0,975.0,3070.0,18.0,Evening,Morning,3,5,0,1,0,1,5,0,1
2,2026-05-24,2026-05-26,860002d69ecfd4577631edf1f224c5b319e87c0619b884ae2f132659bdeef4e1,KTW,CDG,1196.1514103215857,large_airport,large_airport,"LOT, Brussels Airlines",Business,1,One_way,2.0,995.0,3085.0,14.0,Afternoon,Morning,3,5,0,1,0,1,5,0,1
2,2026-05-24,2026-05-26,47c3f0ee5ea2e0fcee0ce33f3ae98063b9294d17fe3715d4ec4c25941fc67b52,KTW,CDG,1196.1514103215857,large_airport,large_airport,"LOT, Lufthansa",Business,1,One_way,2.0,355.0,3183.0,5.0,Morning,Morning,3,5,0,1,0,1,5,0,1
2,2026-05-24,2026-05-26,23f3bf0d75be1caee644b1090702fe254b9825c4f2f2c12c8dbeaf93749b3db5,KTW,CDG,1196.1514103215857,large_airport,large_airport,"LOT, Lufthansa",Business,1,One_way,2.0,1015.0,3183.0,18.0,Evening,Morning,3,5,0,1,0,1,5,0,1
2,2026-05-24,2026-05-26,5efbb924c5ad7b3fa6a65024635bd3a3ebe95e5eb15d2eb62415a5fd3862c29f,KTW,CDG,1196.1514103215857,large_airport,large_airport,"LOT, Lufthansa City Airlines",Business,1,One_way,2.0,840.0,3193.0,18.0,Evening,Morning,3,5,0,1,0,1,5,0,1
2,2026-05-24,2026-05-26,e2cb2ced86c11f2ca71020131fadbe2d9f7e2e5d634b85044f84a904ff6308af,KTW,CDG,1196.1514103215857,large_airport,large_airport,"Air Dolomiti, TAROM",Business,1,One_way,2.0,755.0,3581.0,6.0,Morning,Evening,3,5,0,1,0,1,5,0,1
2,2026-05-24,2026-05-26,71d5b7a018801591d30991f6829acb190ab70028cd171d7d935997fedaf6e425,KTW,CDG,1196.1514103215857,large_airport,large_airport,"Air Dolomiti, Croatia, Air France",Business,1,One_way,2.0,515.0,3894.0,6.0,Morning,Afternoon,3,5,0,1,0,1,5,0,1
2,2026-05-24,2026-05-26,ca0fbabf24bc9ee487d7f936a059fef1e23d13253dd3e684df76f7ee9bb0944c,KTW,MRS,1308.1241923104174,large_airport,large_airport,"Air Dolomiti, Lufthansa",Economy,1,One_way,1.0,455.0,388.0,15.0,Afternoon,Night,3,5,0,1,0,1,5,0,1
2,2026-05-24,2026-05-26,80c7b9b4f756f7d0f6684c412d950da61aa7a568fca2e19088e55f815262d743,KTW,MRS,1308.1241923104174,large_airport,large_airport,"Air Dolomiti, Lufthansa",Economy,1,One_way,1.0,705.0,388.0,6.0,Morning,Evening,3,5,0,1,0,1,5,0,1
2,2026-05-24,2026-05-26,90367b273c4e28297ead677a9f3154b270dc3a80b37fb7217725d457d9df785c,KTW,MRS,1308.1241923104174,large_airport,large_airport,"Air Dolomiti, Lufthansa",Economy,1,One_way,1.0,985.0,406.0,6.0,Morning,Night,3,5,0,1,0,1,5,0,1
2,2026-05-24,2026-05-26,d18efdc5122779cd5e3a001f3881951f3d081f43f812a19c51493f6334a0ff9c,KTW,MRS,1308.1241923104174,large_airport,large_airport,"Air Dolomiti, Lufthansa",Economy,1,One_way,1.0,1160.0,535.0,15.0,Afternoon,Morning,3,5,0,1,0,1,5,0,1
2,2026-05-24,2026-05-26,4964e21cc9a1a020262bbb675ecb1ceec27bb11e1fdee7dfcf9083aece2b79d1,KTW,MRS,1308.1241923104174,large_airport,large_airport,"LOT, Brussels Airlines",Economy,1,One_way,2.0,1035.0,602.0,5.0,Morning,Night,3,5,0,1,0,1,5,0,1
2,2026-05-24,2026-05-26,be3fddab5e648ef9e9e8d663c7bafdf714e2cc69ab8d69e794a2a4782e3ed9c6,KTW,MRS,1308.1241923104174,large_airport,large_airport,"LOT, Brussels Airlines",Economy,1,One_way,2.0,480.0,602.0,14.0,Afternoon,Night,3,5,0,1,0,1,5,0,1
2,2026-05-24,2026-05-26,0e2c2cc446d37cb2595d5fe5befebc260be9c407fc125fef4e4062c3c527dbc6,KTW,MRS,1308.1241923104174,large_airport,large_airport,"Air Dolomiti, Lufthansa, SWISS",Economy,1,One_way,2.0,1370.0,687.0,15.0,Afternoon,Afternoon,3,5,0,1,0,1,5,0,1
2,2026-05-24,2026-05-26,14c1f4dd72210b59a41a5f0af9268d68771d73dcd0433f207a2aab6d09173f72,KTW,MRS,1308.1241923104174,large_airport,large_airport,"Air Dolomiti, SWISS",Economy,1,One_way,2.0,1370.0,687.0,15.0,Afternoon,Afternoon,3,5,0,1,0,1,5,0,1
2,2026-05-24,2026-05-26,8191bbec31f21bb2c2e1c72c04872145fb703a3a3140f1314f22072902e4a21a,KTW,MRS,1308.1241923104174,large_airport,large_airport,"Air Dolomiti, Lufthansa, Austrian",Economy,1,One_way,2.0,1095.0,696.0,15.0,Afternoon,Morning,3,5,0,1,0,1,5,0,1
2,2026-05-24,2026-05-26,18b8b5443a45689f907dc4a8dab33aa367a7c55d14ca881bd1555c004b83a594,KTW,MRS,1308.1241923104174,large_airport,large_airport,"Air Dolomiti, Austrian",Economy,1,One_way,2.0,1095.0,770.0,15.0,Afternoon,Morning,3,5,0,1,0,1,5,0,1
2,2026-05-24,2026-05-26,c83043176d9838f57dcad98dd95a915cf3de9ae95f67b0b82583407b68fc32ff,KTW,MRS,1308.1241923104174,large_airport,large_airport,"Air Dolomiti, Lufthansa",Economy,1,One_way,1.0,1615.0,788.0,15.0,Afternoon,Evening,3,5,0,1,0,1,5,0,1
2,2026-05-24,2026-05-26,1096bf4952bedbd0593234faa5859d79364d93d21e0d16aa5e5f74260fd475b3,KTW,MRS,1308.1241923104174,large_airport,large_airport,"LOT, Turkish Airlines",Economy,1,One_way,2.0,1105.0,835.0,14.0,Afternoon,Morning,3,5,0,1,0,1,5,0,1
2,2026-05-24,2026-05-26,8c9c9904bd9f3a26c35ba625f0ce1b1fc4a5e5600353601c5f55357df1b22cb5,KTW,MRS,1308.1241923104174,large_airport,large_airport,"Air Dolomiti, Brussels Airlines",Economy,1,One_way,2.0,395.0,1255.0,6.0,Morning,Afternoon,3,5,0,1,0,1,5,0,1
2,2026-05-24,2026-05-26,432a89c03976fb9c4d6e58f1f7100978f216e4d50316487985be3f0a4e6d5583,KTW,MRS,1308.1241923104174,large_airport,large_airport,"LOT, Brussels Airlines",Economy,1,One_way,2.0,1105.0,1862.0,18.0,Evening,Afternoon,3,5,0,1,0,1,5,0,1
2,2026-05-24,2026-05-26,83a3b78f6630df2a97214f79c12202db7fedef1af383bd7df267eacd969c71ee,KTW,ORY,1216.6200135769834,large_airport,large_airport,"LOT, British Airways, Vueling",Business,1,One_way,2.0,715.0,983.0,5.0,Morning,Evening,3,5,0,1,0,1,5,0,1
2,2026-05-24,2026-05-26,f42bc49c76ad25b30c0c3bcc9287f50481a2da1c3c0d7ffd77c4edc1f40716dc,KTW,ORY,1216.6200135769834,large_airport,large_airport,"Air Dolomiti, Lufthansa, ITA",Business,1,One_way,2.0,740.0,1168.0,6.0,Morning,Evening,3,5,0,1,0,1,5,0,1
2,2026-05-24,2026-05-26,ac06ba8c33dea6bd372c33e56422b400c16b69859f151aa453cc8c679189dc6e,KTW,ORY,1216.6200135769834,large_airport,large_airport,"Air Dolomiti, Lufthansa, ITA",Business,1,One_way,2.0,935.0,1168.0,6.0,Morning,Night,3,5,0,1,0,1,5,0,1
2,2026-05-24,2026-05-26,4455d20dce18100fd42cbeea3613aca530ba1567132d642e978a15557f86bf99,KTW,ORY,1216.6200135769834,large_airport,large_airport,"Air Dolomiti, ITA",Business,1,One_way,2.0,935.0,1168.0,6.0,Morning,Night,3,5,0,1,0,1,5,0,1
2,2026-05-24,2026-05-26,f6bf117773027d5e0f62a316eee93ffebd1a3d7962021215b481442560e24ac1,KTW,ORY,1216.6200135769834,large_airport,large_airport,"Air Dolomiti, Lufthansa, ITA",Business,1,One_way,3.0,740.0,1360.0,6.0,Morning,Evening,3,5,0,1,0,1,5,0,1
2,2026-05-24,2026-05-26,9d9e78fbd99e27f5cffe6f8de6373504d34ab054c4bc1a2124c6062e3fabc6e6,KTW,ORY,1216.6200135769834,large_airport,large_airport,"Air Dolomiti, Lufthansa, ITA",Business,1,One_way,3.0,935.0,1481.0,6.0,Morning,Night,3,5,0,1,0,1,5,0,1
2,2026-05-24,2026-05-26,ec1e78ac7abf8983bd00f8c9e574c3f25718f269a633db20633596d4ed440a06,KTW,ORY,1216.6200135769834,large_airport,large_airport,"Air Dolomiti, Austrian, ITA",Business,1,One_way,3.0,935.0,1482.0,6.0,Morning,Night,3,5,0,1,0,1,5,0,1
2,2026-05-24,2026-05-26,d671b892150b073944bf48a85a5d65e6350acb367eb15ddfb5bd7a8c15734dfc,KTW,ORY,1216.6200135769834,large_airport,large_airport,"Air Dolomiti, Austrian, ITA",Business,1,One_way,3.0,740.0,1763.0,6.0,Morning,Evening,3,5,0,1,0,1,5,0,1
2,2026-05-24,2026-05-26,e36ebccd9b82bc458e328a321aad2890137ae44706e8916d7a0e2a170d45f8d2,KTW,ORY,1216.6200135769834,large_airport,large_airport,"LOT, Austrian, ITA",Business,1,One_way,3.0,770.0,2700.0,5.0,Morning,Evening,3,5,0,1,0,1,5,0,1
2,2026-05-24,2026-05-26,89c06b0d8d29132628257a4894620bf95342bc08c6cd517b9cc13a3a2425cf1b,KTW,ORY,1216.6200135769834,large_airport,large_airport,LOT,Business,1,One_way,2.0,1725.0,2760.0,14.0,Afternoon,Evening,3,5,0,1,0,1,5,0,1
2,2026-05-24,2026-05-26,0d6217b8cd154136651ef015c7b9f7c61deb622bc617d9031b814162cfcdf9a4,KTW,ORY,1216.6200135769834,large_airport,large_airport,LOT,Business,1,One_way,2.0,1520.0,2760.0,18.0,Evening,Evening,3,5,0,1,0,1,5,0,1
2,2026-05-24,2026-05-26,508bdd5d89e7697941ec6df973b63d354b37270fec409a565d970ba2ec3c12b8,KTW,ORY,1216.6200135769834,large_airport,large_airport,LOT,Business,1,One_way,2.0,840.0,2797.0,5.0,Morning,Evening,3,5,0,1,0,1,5,0,1
2,2026-05-24,2026-05-26,4bee778cb67ff64fb0258725da979477f5f99a93e10349e45cf398b48c6a8edf,KTW,ORY,1216.6200135769834,large_airport,large_airport,"Air Dolomiti, Luxair, ITA",Business,1,One_way,3.0,935.0,3375.0,6.0,Morning,Night,3,5,0,1,0,1,5,0,1
2,2026-05-24,2026-05-26,c5c8fa0a9f8beb9f3ba2136412cb798e0cc00af0f9d33c5c5915e1bfe2efdde9,KTW,ORY,1216.6200135769834,large_airport,large_airport,"Air Dolomiti, Luxair, ITA",Business,1,One_way,3.0,740.0,3522.0,6.0,Morning,Evening,3,5,0,1,0,1,5,0,1
2,2026-05-24,2026-05-26,cfe3e329d96300433e37187ab8f263b9ddddd9dee29600f450ed8c09fb285f10,KTW,ORY,1216.6200135769834,large_airport,large_airport,"Air Dolomiti, Brussels Airlines, ITA",Business,1,One_way,3.0,935.0,3809.0,6.0,Morning,Night,3,5,0,1,0,1,5,0,1
2,2026-05-24,2026-05-26,7635cdf3722fd1e9f4bff1851fc24755376265b035e7684d1aced21702d84cea,KTW,ORY,1216.6200135769834,large_airport,large_airport,"Air Dolomiti, Brussels Airlines, ITA",Business,1,One_way,3.0,740.0,3955.0,6.0,Morning,Evening,3,5,0,1,0,1,5,0,1
2,2026-05-24,2026-05-26,4dd99405b41fa92f26ea3d5d2702ef3047647445590a3b7feba3f4ff45ebc95c,KTW,ORY,1216.6200135769834,large_airport,large_airport,"LOT, British Airways, Vueling",Economy,1,One_way,2.0,715.0,729.0,5.0,Morning,Evening,3,5,0,1,0,1,5,0,1
2,2026-05-24,2026-05-26,92cb6aded27977c150c398671e6233823b76e36fcfd37f3d5d5cac91a18f2b95,KTW,ORY,1216.6200135769834,large_airport,large_airport,"Air Dolomiti, Lufthansa, ITA",Economy,1,One_way,2.0,740.0,703.0,6.0,Morning,Evening,3,5,0,1,0,1,5,0,1
2,2026-05-24,2026-05-26,244b94c1d6e5f4b0f69de63d5f26cb3fe11ea73e3327b357d35512a62acb0c65,KTW,ORY,1216.6200135769834,large_airport,large_airport,"Air Dolomiti, ITA",Economy,1,One_way,2.0,935.0,754.0,6.0,Morning,Night,3,5,0,1,0,1,5,0,1
2,2026-05-24,2026-05-26,f690f8e99467fc5bedf80d1057260a1530c25ab89c6de21a0904b09a788365b9,KTW,ORY,1216.6200135769834,large_airport,large_airport,"Air Dolomiti, Lufthansa, ITA",Economy,1,One_way,2.0,935.0,799.0,6.0,Morning,Night,3,5,0,1,0,1,5,0,1
2,2026-05-24,2026-05-26,6b73b62b6a956106f66b0edf502ac351ba558924bdba6e6db8ee9c95b9564e97,KTW,ORY,1216.6200135769834,large_airport,large_airport,"Air Dolomiti, Lufthansa, ITA",Economy,1,One_way,3.0,740.0,803.0,6.0,Morning,Evening,3,5,0,1,0,1,5,0,1
2,2026-05-24,2026-05-26,e61f92b31b7637e2bfad67abb293e788af4be3005ab7800ed1eec47c6a42da8c,KTW,ORY,1216.6200135769834,large_airport,large_airport,"Air Dolomiti, Austrian, ITA",Economy,1,One_way,3.0,740.0,867.0,6.0,Morning,Evening,3,5,0,1,0,1,5,0,1
2,2026-05-24,2026-05-26,efc611aa34b1a7e0938a4c54daec6a8da6e85ba023eb95eb3321ea57039b5cb4,KTW,ORY,1216.6200135769834,large_airport,large_airport,"Air Dolomiti, ITA",Economy,1,One_way,3.0,935.0,903.0,6.0,Morning,Night,3,5,0,1,0,1,5,0,1
2,2026-05-24,2026-05-26,ed5d9c7fba58fe030b637272b14342ea04af7dd23b07df25aebefe86805378c4,KTW,ORY,1216.6200135769834,large_airport,large_airport,"Air Dolomiti, Lufthansa, ITA",Economy,1,One_way,3.0,935.0,926.0,6.0,Morning,Night,3,5,0,1,0,1,5,0,1
2,2026-05-24,2026-05-26,174f2ed9468350bfb84c4463586a77431640e939a6169573bc0249dfa1bd49c5,KTW,ORY,1216.6200135769834,large_airport,large_airport,"Air Dolomiti, Austrian, ITA",Economy,1,One_way,3.0,935.0,943.0,6.0,Morning,Night,3,5,0,1,0,1,5,0,1
2,2026-05-24,2026-05-26,62886a5aa87a2660cd3268e4fc2d79990942428b220c89d486853c58de709ea8,KTW,ORY,1216.6200135769834,large_airport,large_airport,"Air Dolomiti, Luxair, ITA",Economy,1,One_way,3.0,740.0,1475.0,6.0,Morning,Evening,3,5,0,1,0,1,5,0,1
2,2026-05-24,2026-05-26,cb01e923e5a6c4b14fb33d4f2fc1771f15754e5c5bc69b996480b4c61196f44a,KTW,ORY,1216.6200135769834,large_airport,large_airport,"Air Dolomiti, Luxair, ITA",Economy,1,One_way,3.0,935.0,1578.0,6.0,Morning,Night,3,5,0,1,0,1,5,0,1
2,2026-05-24,2026-05-26,2496fc284464447a79aa57903e5ef4c286981fe837f0e3746176f1f80076c4d6,KTW,ORY,1216.6200135769834,large_airport,large_airport,"Air Dolomiti, Brussels Airlines, ITA",Economy,1,One_way,3.0,740.0,1685.0,6.0,Morning,Evening,3,5,0,1,0,1,5,0,1
2,2026-05-24,2026-05-26,763f87ed66ef77b7a2fe049a58c8434a179538b7bed41aa88aed02ceab8cadc9,KTW,ORY,1216.6200135769834,large_airport,large_airport,"LOT, Lufthansa, ITA",Economy,1,One_way,3.0,965.0,1731.0,5.0,Morning,Night,3,5,0,1,0,1,5,0,1
2,2026-05-24,2026-05-26,dec64e7b63ad4410f41d8209282dd48a69a3751bda1ce93c5dab526ce4d23e52,KTW,ORY,1216.6200135769834,large_airport,large_airport,"LOT, Lufthansa, ITA",Economy,1,One_way,3.0,770.0,1785.0,5.0,Morning,Evening,3,5,0,1,0,1,5,0,1
2,2026-05-24,2026-05-26,28270ee6cfa0ee9c0355c733cedf1a0f458ff63bde677d224409e910cbc95b84,KTW,ORY,1216.6200135769834,large_airport,large_airport,LOT,Economy,1,One_way,2.0,1725.0,2594.0,14.0,Afternoon,Evening,3,5,0,1,0,1,5,0,1
2,2026-05-24,2026-05-26,60e858acaceba08aca9dcd96db41fc2b54c961eb33102d936ce7686ca4651ef6,KTW,ORY,1216.6200135769834,large_airport,large_airport,LOT,Economy,1,One_way,2.0,1520.0,2594.0,18.0,Evening,Evening,3,5,0,1,0,1,5,0,1
2,2026-05-24,2026-05-26,fe0a42df909f582d113d258639b21763a1263df37ca8356efd84798083e9f9db,KTW,ORY,1216.6200135769834,large_airport,large_airport,LOT,Economy,1,One_way,2.0,840.0,2628.0,5.0,Morning,Evening,3,5,0,1,0,1,5,0,1
2,2026-05-24,2026-05-26,9b644e156c35c4f7b0bb7574c0e3ebfc1f77c9f89bc9d6e81d296953295ccaaf,KTW,MRS,1308.1241923104174,large_airport,large_airport,"Air Dolomiti, Lufthansa",Business,1,One_way,1.0,455.0,883.0,15.0,Afternoon,Night,3,5,0,1,0,1,5,0,1
2,2026-05-24,2026-05-26,33c27108c9f3a4ea64279de0cbd2ff2bb187ad3eb45662f7dc2083ace16cd73e,KTW,MRS,1308.1241923104174,large_airport,large_airport,"Air Dolomiti, Lufthansa",Business,1,One_way,1.0,705.0,883.0,6.0,Morning,Evening,3,5,0,1,0,1,5,0,1
2,2026-05-24,2026-05-26,d1e9e542382a20c43e8b97087cd2693d767c63f5b730e6dc0a065e0e0725c9e9,KTW,MRS,1308.1241923104174,large_airport,large_airport,"Air Dolomiti, Lufthansa",Business,1,One_way,1.0,985.0,901.0,6.0,Morning,Night,3,5,0,1,0,1,5,0,1
2,2026-05-24,2026-05-26,9bdd8163efb3c9cf574001aaf08851be138ee895a4ee82c631019b9c10eb8d86,KTW,MRS,1308.1241923104174,large_airport,large_airport,"Air Dolomiti, Lufthansa",Business,1,One_way,1.0,1160.0,1028.0,15.0,Afternoon,Morning,3,5,0,1,0,1,5,0,1
2,2026-05-24,2026-05-26,205d72dc520988222a4e9e010abf4b5e2835eda3bf966e9b5ed6a76ec5d404e0,KTW,MRS,1308.1241923104174,large_airport,large_airport,"Air Dolomiti, Austrian",Business,1,One_way,2.0,1095.0,1269.0,15.0,Afternoon,Morning,3,5,0,1,0,1,5,0,1
2,2026-05-24,2026-05-26,ea9525d1dc82384d411c5e46261777728c26c9ec1854e03542f163e28202f3b4,KTW,MRS,1308.1241923104174,large_airport,large_airport,"Air Dolomiti, Lufthansa",Business,1,One_way,1.0,1615.0,1346.0,15.0,Afternoon,Evening,3,5,0,1,0,1,5,0,1
2,2026-05-24,2026-05-26,443b48652b49bd395b537410562f5077b92d0cd854bceff0e98fa9663fa1747a,KTW,MRS,1308.1241923104174,large_airport,large_airport,"LOT, Brussels Airlines",Business,1,One_way,2.0,480.0,1418.0,14.0,Afternoon,Night,3,5,0,1,0,1,5,0,1
2,2026-05-24,2026-05-26,4807a87407bf497d992635e750009ddf27d36104c740b145536aaefd1f2549ab,KTW,MRS,1308.1241923104174,large_airport,large_airport,"LOT, Brussels Airlines",Business,1,One_way,3.0,1035.0,1529.0,5.0,Morning,Night,3,5,0,1,0,1,5,0,1
2,2026-05-24,2026-05-26,a7e1affb7d422f21daeb3ed2974304ba84a1ca2200d71913ea67d08e5c668357,KTW,MRS,1308.1241923104174,large_airport,large_airport,"LOT, Austrian, Brussels Airlines",Business,1,One_way,3.0,1035.0,1529.0,5.0,Morning,Night,3,5,0,1,0,1,5,0,1
2,2026-05-24,2026-05-26,e3276e5877ab7324e9ce4a6f4cfbf6df8ba3da4dcd9637ca924c40214214d257,KTW,MRS,1308.1241923104174,large_airport,large_airport,"Air Dolomiti, Lufthansa, Austrian",Business,1,One_way,2.0,1095.0,1546.0,15.0,Afternoon,Morning,3,5,0,1,0,1,5,0,1
2,2026-05-24,2026-05-26,d4dba905c75bdb187e1def987124a147fa142776d1d1103d060693f57093cee3,KTW,MRS,1308.1241923104174,large_airport,large_airport,"LOT, Turkish Airlines",Business,1,One_way,2.0,1105.0,1817.0,14.0,Afternoon,Morning,3,5,0,1,0,1,5,0,1
2,2026-05-24,2026-05-26,47d6958bc753ff82883d15a3b040e19c9dee3ae513ae0c4cfc3be7f1d0ac2522,KTW,MRS,1308.1241923104174,large_airport,large_airport,"Air Dolomiti, Brussels Airlines",Business,1,One_way,2.0,395.0,2372.0,6.0,Morning,Afternoon,3,5,0,1,0,1,5,0,1
2,2026-05-24,2026-05-26,2180c36af113a43b56e04d6aecf1b95d6826c4deb742ec09e804e4eac50a1ed7,KTW,MRS,1308.1241923104174,large_airport,large_airport,"Air Dolomiti, Lufthansa",Business,1,One_way,1.0,1690.0,2582.0,6.0,Morning,Morning,3,5,0,1,0,1,5,0,1
2,2026-05-24,2026-05-26,46639e3ab2a858a63efdb1b4406a69cbe2b0d1c67c3b119d82fb359d25b14c31,KTW,MRS,1308.1241923104174,large_airport,large_airport,"Air Dolomiti, Lufthansa",Business,1,One_way,1.0,1895.0,2582.0,15.0,Afternoon,Night,3,5,0,1,0,1,5,0,1
2,2026-05-24,2026-05-26,17a394b25ee65209a9be121873749b4ea30164d381758c143e9740f0b536bf37,KTW,MRS,1308.1241923104174,large_airport,large_airport,"Air Dolomiti, Brussels Airlines",Business,1,One_way,2.0,1005.0,2795.0,6.0,Morning,Night,3,5,0,1,0,1,5,0,1
2,2026-05-24,2026-05-26,a3c99364b24c4b9205b4a98bb6c6f275179ee75f4684ac848d841af1ec6b0e3d,KTW,MRS,1308.1241923104174,large_airport,large_airport,"LOT, Lufthansa",Business,1,One_way,2.0,735.0,2908.0,5.0,Morning,Evening,3,5,0,1,0,1,5,0,1
2,2026-05-24,2026-05-26,28e042e05e1a00ee6eba5e9835316642b7cc007bd296799c51c94c9ba951415d,KTW,MRS,1308.1241923104174,large_airport,large_airport,"LOT, Lufthansa",Business,1,One_way,2.0,460.0,2908.0,14.0,Afternoon,Night,3,5,0,1,0,1,5,0,1
2,2026-05-24,2026-05-26,e2d8f4c18327424ab5a32431001686b960a6aac99f74be2dae04a947428e9706,KTW,MRS,1308.1241923104174,large_airport,large_airport,"LOT, Lufthansa",Business,1,One_way,2.0,1415.0,2908.0,18.0,Evening,Evening,3,5,0,1,0,1,5,0,1
2,2026-05-24,2026-05-26,94947ddf16c894bab9c64b8d498cca8028152035e360f7993d42502bfdd68000,KTW,MRS,1308.1241923104174,large_airport,large_airport,"LOT, Brussels Airlines",Business,1,One_way,3.0,1105.0,2910.0,18.0,Evening,Afternoon,3,5,0,1,0,1,5,0,1
2,2026-05-24,2026-05-26,025832ea7f111bd08d1c37dd86b6de0cf69ede2fe3c95e6b7dd8bbe7711db58e,KTW,MRS,1308.1241923104174,large_airport,large_airport,"LOT, Lufthansa",Business,1,One_way,2.0,1165.0,2918.0,14.0,Afternoon,Morning,3,5,0,1,0,1,5,0,1
2,2026-05-24,2026-05-26,11cf4d272f65da5d70bf3a4d70336b4729f381ed7dae6e2b6f10958f2a77da2c,KTW,MRS,1308.1241923104174,large_airport,large_airport,"LOT, Lufthansa",Business,1,One_way,3.0,735.0,2981.0,5.0,Morning,Evening,3,5,0,1,0,1,5,0,1
2,2026-05-24,2026-05-26,e47f43aae98fc2399f444c4caaad002bcb3ee2bcf73a78f383818bd9d604ea40,KTW,MRS,1308.1241923104174,large_airport,large_airport,"LOT, Lufthansa",Business,1,One_way,3.0,960.0,3102.0,18.0,Evening,Morning,3,5,0,1,0,1,5,0,1
2,2026-05-24,2026-05-26,4998c89c3ca6911321c004f8952b5f83295b0f9e758abd15d5b5cc853124e5b1,KTW,NCE,1173.213296547304,large_airport,large_airport,"LOT, Scandinavian Airlines",Premium economy,1,One_way,2.0,1060.0,7025.0,14.0,Afternoon,Morning,3,5,0,1,0,1,5,0,1
2,2026-05-24,2026-05-26,c647704558d18cdbee8cae448f4036439341d96c45f1ad0da6099d0b12445a4d,KTW,NCE,1173.213296547304,large_airport,large_airport,LOT,Economy,1,One_way,1.0,250.0,274.0,5.0,Morning,Morning,3,5,0,1,0,1,5,0,1
2,2026-05-24,2026-05-26,1e5649e25252e0d0ee7a8f28321a19a0b3da61b50b3a284cf354d591661d7876,KTW,NCE,1173.213296547304,large_airport,large_airport,"Air Dolomiti, Lufthansa",Economy,1,One_way,1.0,715.0,339.0,6.0,Morning,Evening,3,5,0,1,0,1,5,0,1
2,2026-05-24,2026-05-26,3f9d587f85a81cb098e20dbf23eb5f68b1c1600e7d89062d94c21f0610a17f0f,KTW,NCE,1173.213296547304,large_airport,large_airport,"Air Dolomiti, Lufthansa",Economy,1,One_way,1.0,465.0,339.0,15.0,Afternoon,Night,3,5,0,1,0,1,5,0,1
2,2026-05-24,2026-05-26,24acabaca7c43771874b6aa696afe34787a383d2ac0826c60b66938d4cb1bc66,KTW,NCE,1173.213296547304,large_airport,large_airport,"Air Dolomiti, Lufthansa",Economy,1,One_way,1.0,995.0,357.0,6.0,Morning,Night,3,5,0,1,0,1,5,0,1
2,2026-05-24,2026-05-26,e7405b232d4b03283f042baba4e3454c7837ba4a512aae6a2da68616c65a081e,KTW,NCE,1173.213296547304,large_airport,large_airport,"Air Dolomiti, Lufthansa",Economy,1,One_way,1.0,460.0,392.0,6.0,Morning,Afternoon,3,5,0,1,0,1,5,0,1
2,2026-05-24,2026-05-26,4867401ffbfee95def5efe81cd808fb68cde8517e1d645c6c3f027119dab0013,KTW,NCE,1173.213296547304,large_airport,large_airport,"LOT, ITA",Economy,1,One_way,2.0,530.0,400.0,5.0,Morning,Afternoon,3,5,0,1,0,1,5,0,1
2,2026-05-24,2026-05-26,e0fb5a1b1021bbc3b01001d64501d3b6533339fd76377ed0cdc5ad4714eff5c0,KTW,NCE,1173.213296547304,large_airport,large_airport,"Air Dolomiti, Lufthansa",Economy,1,One_way,1.0,1115.0,429.0,15.0,Afternoon,Morning,3,5,0,1,0,1,5,0,1
2,2026-05-24,2026-05-26,681cb9e4e1eabfa5836034fc965b9cfb683198b28a6d2dc71e13163d3839d854,KTW,NCE,1173.213296547304,large_airport,large_airport,"Air Dolomiti, Lufthansa",Economy,1,One_way,1.0,1365.0,429.0,15.0,Afternoon,Afternoon,3,5,0,1,0,1,5,0,1
2,2026-05-24,2026-05-26,be95a68daf9daa0a57131b14235d4f6bf7191a18c17de807dcb3f62f9a2be011,KTW,NCE,1173.213296547304,large_airport,large_airport,"Air Dolomiti, Lufthansa, ITA",Economy,1,One_way,2.0,500.0,451.0,6.0,Morning,Afternoon,3,5,0,1,0,1,5,0,1
2,2026-05-24,2026-05-26,016d6939bd1c9387023d51b1bcf706123faba3a30d93fc922a1cb4821b52b1bc,KTW,NCE,1173.213296547304,large_airport,large_airport,"Air Dolomiti, Austrian",Economy,1,One_way,2.0,870.0,455.0,6.0,Morning,Evening,3,5,0,1,0,1,5,0,1
2,2026-05-24,2026-05-26,ea59d87b2b8ec2d5f5669e73ddb1b54386d8a3dd4e34788db99ec7ba9602440e,KTW,NCE,1173.213296547304,large_airport,large_airport,"Air Dolomiti, Lufthansa",Economy,1,One_way,2.0,390.0,530.0,6.0,Morning,Afternoon,3,5,0,1,0,1,5,0,1
2,2026-05-24,2026-05-26,227480163dac02bd74b2fe51e0809cd19f69f15f516a9f267ebecb903f5a7fdd,KTW,NCE,1173.213296547304,large_airport,large_airport,"Air Dolomiti, Lufthansa",Economy,1,One_way,2.0,510.0,602.0,15.0,Afternoon,Night,3,5,0,1,0,1,5,0,1
2,2026-05-24,2026-05-26,a98c8588e5c0e85e9ade9d3ee83e1b52dc737e8e81535d188f741c80a34d908a,KTW,NCE,1173.213296547304,large_airport,large_airport,"Air Dolomiti, Lufthansa, Eurowings",Economy,1,One_way,2.0,495.0,694.0,6.0,Morning,Afternoon,3,5,0,1,0,1,5,0,1
2,2026-05-24,2026-05-26,2cef0db28866d7809e7d1d493b33792ddb2514e0070afacdac883a5351b748f3,KTW,NCE,1173.213296547304,large_airport,large_airport,"LOT, Turkish Airlines",Economy,1,One_way,2.0,1080.0,765.0,14.0,Afternoon,Morning,3,5,0,1,0,1,5,0,1
2,2026-05-24,2026-05-26,69124e767e0b06177532a43a8385ca3c1d0ef80aa80df99f7f7f42c96e75cfcd,KTW,NCE,1173.213296547304,large_airport,large_airport,"Air Dolomiti, Lufthansa, Eurowings",Economy,1,One_way,2.0,515.0,809.0,6.0,Morning,Afternoon,3,5,0,1,0,1,5,0,1
3,2026-05-24,2026-05-27,6a4030dba002a8a002f499ed80a13e988c2e233c83cba2540d877c53fe05a34d,KRK,CDG,1246.0836651616955,large_airport,large_airport,easyJet,Economy,1,One_way,0.0,140.0,103.0,21.0,Night,Night,4,5,0,1,0,1,5,0,1
3,2026-05-24,2026-05-27,b844db2ea469affcac7dc8ea59cf72f8103227f3acf254ba5bb5d85f2b07cfdf,KRK,CDG,1246.0836651616955,large_airport,large_airport,easyJet,Economy,1,One_way,0.0,140.0,190.0,10.0,Morning,Afternoon,4,5,0,1,0,1,5,0,1
3,2026-05-24,2026-05-27,f69613ac9a909f19d67bca1baf76ff7207fa351cbc5ad1da936931194a1d443e,KRK,CDG,1246.0836651616955,large_airport,large_airport,LOT,Economy,1,One_way,1.0,235.0,244.0,14.0,Afternoon,Evening,4,5,0,1,0,1,5,0,1
3,2026-05-24,2026-05-27,789c52a94931bc18715b86308d9d90230eb79c162dde470b1c8412dec6adae1b,KRK,CDG,1246.0836651616955,large_airport,large_airport,Norwegian,Economy,1,One_way,1.0,720.0,228.0,22.0,Night,Morning,4,5,0,1,0,1,5,0,1
3,2026-05-24,2026-05-27,a276bcbf2f081d6433704cbda8bdfeb73eba4793e631aee704e8acce8c20d705,KRK,CDG,1246.0836651616955,large_airport,large_airport,Aegean,Economy,1,One_way,1.0,770.0,232.0,21.0,Night,Morning,4,5,0,1,0,1,5,0,1
3,2026-05-24,2026-05-27,6ebfb6e85d3957046f1b9186412f93865dc41325cd1c1f858bd60e472bc2690c,KRK,CDG,1246.0836651616955,large_airport,large_airport,LOT,Economy,1,One_way,1.0,250.0,244.0,5.0,Morning,Morning,4,5,0,1,0,1,5,0,1
3,2026-05-24,2026-05-27,930e77276bc19d2fedf7778ba058c18f4fb08c1292c919862e76f015728db86d,KRK,CDG,1246.0836651616955,large_airport,large_airport,LOT,Economy,1,One_way,1.0,260.0,244.0,18.0,Evening,Night,4,5,0,1,0,1,5,0,1
3,2026-05-24,2026-05-27,6cfe0c3b195be08850ed73f4f451aab67ce5bc54e0dd3e924b3a4cb5c123b70a,KRK,CDG,1246.0836651616955,large_airport,large_airport,Austrian,Economy,1,One_way,1.0,270.0,247.0,14.0,Afternoon,Evening,4,5,0,1,0,1,5,0,1
3,2026-05-24,2026-05-27,5de0bc35dee126f9271b871f28c067ae6cdaa1e1e17ff801a83f9798626b1fb7,KRK,CDG,1246.0836651616955,large_airport,large_airport,"Lufthansa, Lufthansa City Airlines",Economy,1,One_way,1.0,245.0,249.0,9.0,Morning,Afternoon,4,5,0,1,0,1,5,0,1
3,2026-05-24,2026-05-27,02931c21a0e2a75036dff3589c5bd28d3af3541a9d820a07129a19e2258134ff,KRK,CDG,1246.0836651616955,large_airport,large_airport,Lufthansa,Economy,1,One_way,1.0,230.0,249.0,13.0,Afternoon,Evening,4,5,0,1,0,1,5,0,1
3,2026-05-24,2026-05-27,63e9716ce3f1a3167b21f6e28a49b342f278ce80cfccd5456c2109c35d8da0bf,KRK,CDG,1246.0836651616955,large_airport,large_airport,Lufthansa,Economy,1,One_way,1.0,265.0,259.0,6.0,Morning,Morning,4,5,0,1,0,1,5,0,1
3,2026-05-24,2026-05-27,882439f88ebe2936fea54428942e068445b65de98b802a5c028cc316e56c59fb,KRK,CDG,1246.0836651616955,large_airport,large_airport,"KLM, Air France",Economy,1,One_way,1.0,250.0,274.0,11.0,Morning,Afternoon,4,5,0,1,0,1,5,0,1
3,2026-05-24,2026-05-27,192511c82b2d6e2cd1289ea59dfcbdd2a26093cd3ea8ccdd49a4d108dbdf581a,KRK,CDG,1246.0836651616955,large_airport,large_airport,KLM,Economy,1,One_way,1.0,355.0,274.0,11.0,Morning,Evening,4,5,0,1,0,1,5,0,1
3,2026-05-24,2026-05-27,862e6dcb70a4f51826b2fd8ccef9868ab533cd55296e1dd81e2b74172bc3eb10,KRK,CDG,1246.0836651616955,large_airport,large_airport,KLM,Economy,1,One_way,1.0,435.0,274.0,11.0,Morning,Evening,4,5,0,1,0,1,5,0,1
3,2026-05-24,2026-05-27,db2d2c3162279dcab0fc1578ab654c436b32ff9fc793d98936bb66d4c4d48d4e,KRK,CDG,1246.0836651616955,large_airport,large_airport,KLM,Economy,1,One_way,1.0,300.0,274.0,14.0,Afternoon,Evening,4,5,0,1,0,1,5,0,1
3,2026-05-24,2026-05-27,ccdf46f86f8f1230ba103c0ef366ca2eb6d5f0c611046f7ff785049cf3fc9a27,KRK,CDG,1246.0836651616955,large_airport,large_airport,"KLM, Air France",Economy,1,One_way,1.0,360.0,274.0,14.0,Afternoon,Evening,4,5,0,1,0,1,5,0,1
3,2026-05-24,2026-05-27,020cd2909842808195e7244fe95983cd46a3f3e1ad4ab2e0212790aead7d83a4,KRK,CDG,1246.0836651616955,large_airport,large_airport,Norwegian,Economy,1,One_way,1.0,425.0,298.0,14.0,Afternoon,Night,4,5,0,1,0,1,5,0,1
3,2026-05-24,2026-05-27,7a30a51dd39485ff913a1e43b5d468979b187343c8e5194033e54e535ec41aba,KRK,CDG,1246.0836651616955,large_airport,large_airport,"KLM, Air France",Economy,1,One_way,1.0,465.0,324.0,14.0,Afternoon,Night,4,5,0,1,0,1,5,0,1
3,2026-05-24,2026-05-27,dc1d9e9802d44aade0705e90957235c7a614e5a9b99ae741ed090e574a93569e,KRK,CDG,1246.0836651616955,large_airport,large_airport,SWISS,Economy,1,One_way,1.0,235.0,334.0,14.0,Afternoon,Evening,4,5,0,1,0,1,5,0,1
3,2026-05-24,2026-05-27,79170fcd61735158f6f8ef31b7770cdea93e94efa73556d686d160e05bf76f8c,KRK,CDG,1246.0836651616955,large_airport,large_airport,KLM,Economy,1,One_way,1.0,430.0,374.0,6.0,Morning,Afternoon,4,5,0,1,0,1,5,0,1
3,2026-05-24,2026-05-27,89e16c82206220dcd7819fd41549aca4af9153c47b2ae4dca2e7e9f6f5e4e408,KRK,CDG,1246.0836651616955,large_airport,large_airport,"KLM, Air France",Economy,1,One_way,1.0,265.0,404.0,6.0,Morning,Morning,4,5,0,1,0,1,5,0,1
3,2026-05-24,2026-05-27,74ee6a9f29f598bf3b7a43f5ec10457aec6a64ec1adc3febeee2516fee99be81,KRK,CDG,1246.0836651616955,large_airport,large_airport,"KLM, Air France",Economy,1,One_way,1.0,330.0,432.0,6.0,Morning,Afternoon,4,5,0,1,0,1,5,0,1
3,2026-05-24,2026-05-27,bdf3d633b889f0aa5b81d543cad0675656eecdb23c559970af149257cf7074d1,KRK,CDG,1246.0836651616955,large_airport,large_airport,SWISS,Economy,1,One_way,1.0,270.0,438.0,9.0,Morning,Afternoon,4,5,0,1,0,1,5,0,1
3,2026-05-24,2026-05-27,f5078e1a7790acbddfb68f08b7f7f1a1e291eced331bac29bf872fb6ca43d5b0,KRK,CDG,1246.0836651616955,large_airport,large_airport,Lufthansa,Economy,1,One_way,1.0,315.0,442.0,6.0,Morning,Morning,4,5,0,1,0,1,5,0,1
3,2026-05-24,2026-05-27,753355e4f0c961b18f5a0da7c9c983dfb5a157742fcc7d1fd5c2ae8652bfd802,KRK,CDG,1246.0836651616955,large_airport,large_airport,Norwegian,Economy,1,One_way,1.0,495.0,616.0,12.0,Afternoon,Evening,4,5,0,1,0,1,5,0,1
3,2026-05-24,2026-05-27,0dc784c389555610dc2284cdfcc5f01669e37b5a42bdd1d45eb454efac356d84,KRK,CDG,1246.0836651616955,large_airport,large_airport,Air France,Economy,1,One_way,0.0,140.0,1103.0,14.0,Afternoon,Afternoon,4,5,0,1,0,1,5,0,1
2,2026-05-24,2026-05-26,36092856d8e8bca9e08f31e259d092769491d32b6f1dae7dd06c021d0c1e18fb,KTW,NCE,1173.213296547304,large_airport,large_airport,"Air Dolomiti, Lufthansa",Business,1,One_way,1.0,465.0,886.0,15.0,Afternoon,Night,3,5,0,1,0,1,5,0,1
2,2026-05-24,2026-05-26,67aae949ae81cb96f778a813aee9ff7eaa3ca31d16783023295cdb8be3256097,KTW,NCE,1173.213296547304,large_airport,large_airport,"Air Dolomiti, Lufthansa, ITA",Business,1,One_way,2.0,500.0,1067.0,6.0,Morning,Afternoon,3,5,0,1,0,1,5,0,1
2,2026-05-24,2026-05-26,35376f860ca21ab2c12f0acdca582d2cb3720fb107d9e03bb50926cebc4859a9,KTW,NCE,1173.213296547304,large_airport,large_airport,LOT,Business,1,One_way,1.0,250.0,1209.0,5.0,Morning,Morning,3,5,0,1,0,1,5,0,1
2,2026-05-24,2026-05-26,f55ed2ad817b51f425baf8d6749b244a648e9eae9fd33eb7bf05a435dea9d2c8,KTW,NCE,1173.213296547304,large_airport,large_airport,"Air Dolomiti, Lufthansa",Business,1,One_way,1.0,460.0,1657.0,6.0,Morning,Afternoon,3,5,0,1,0,1,5,0,1
2,2026-05-24,2026-05-26,7b53af3e551c693a2da1b6c4e3dd26743d4be487177648e75cdd757008198d3b,KTW,NCE,1173.213296547304,large_airport,large_airport,"Air Dolomiti, Lufthansa",Business,1,One_way,1.0,715.0,886.0,6.0,Morning,Evening,3,5,0,1,0,1,5,0,1
2,2026-05-24,2026-05-26,7e7dd6b93e10633d9baf834f2e5af2245dce030e4482aae044d7b2d8200dba0f,KTW,NCE,1173.213296547304,large_airport,large_airport,"Air Dolomiti, Lufthansa",Business,1,One_way,1.0,995.0,904.0,6.0,Morning,Night,3,5,0,1,0,1,5,0,1
2,2026-05-24,2026-05-26,54fa32713d1559030e9a338d18a2de9598a14fd8a0ca84de8f5534172226b79d,KTW,NCE,1173.213296547304,large_airport,large_airport,"Air Dolomiti, Lufthansa, ITA",Business,1,One_way,2.0,740.0,997.0,6.0,Morning,Evening,3,5,0,1,0,1,5,0,1
2,2026-05-24,2026-05-26,812d0f4b99c332d1e3598b4f2ef243c595f81d38daf7913b4fb8aecb3caa2379,KTW,NCE,1173.213296547304,large_airport,large_airport,"Air Dolomiti, Lufthansa",Business,1,One_way,1.0,1115.0,1031.0,15.0,Afternoon,Morning,3,5,0,1,0,1,5,0,1
2,2026-05-24,2026-05-26,e051d078644e1272a3eb01ee60bc63cb8e840b7c016861e33552a8ef84abd96e,KTW,NCE,1173.213296547304,large_airport,large_airport,"Air Dolomiti, Lufthansa",Business,1,One_way,1.0,1365.0,1031.0,15.0,Afternoon,Afternoon,3,5,0,1,0,1,5,0,1
2,2026-05-24,2026-05-26,5aa0bdf7c0ab15070605aabef19564b18f108f967563724a7e7ac1e000cc5a4e,KTW,NCE,1173.213296547304,large_airport,large_airport,"Air Dolomiti, Lufthansa",Business,1,One_way,1.0,1625.0,1031.0,15.0,Afternoon,Evening,3,5,0,1,0,1,5,0,1
2,2026-05-24,2026-05-26,6a508fa5069cc6a2a10829d89d5ca49210ad97812a93a91ec455a9639883bdd9,KTW,NCE,1173.213296547304,large_airport,large_airport,"Air Dolomiti, Austrian",Business,1,One_way,2.0,870.0,1098.0,6.0,Morning,Evening,3,5,0,1,0,1,5,0,1
2,2026-05-24,2026-05-26,f6cfd82b8de56f4e60e2dd94d67f81903f7c883ffb498842db6dce5241d95941,KTW,NCE,1173.213296547304,large_airport,large_airport,LOT,Business,1,One_way,1.0,1670.0,1204.0,14.0,Afternoon,Evening,3,5,0,1,0,1,5,0,1
2,2026-05-24,2026-05-26,2eefc5f14512fc37ccffa4f6b72ffc20f742adca2921a31769c1db68f1af47d8,KTW,NCE,1173.213296547304,large_airport,large_airport,LOT,Business,1,One_way,1.0,1465.0,1204.0,18.0,Evening,Evening,3,5,0,1,0,1,5,0,1
2,2026-05-24,2026-05-26,1a7df4ac23ad4b248116fd4871898e714f9ae4c4ca5a253dd6374e4747ae8595,KTW,NCE,1173.213296547304,large_airport,large_airport,"Air Dolomiti, Lufthansa",Business,1,One_way,2.0,390.0,1291.0,6.0,Morning,Afternoon,3,5,0,1,0,1,5,0,1
2,2026-05-24,2026-05-26,26f37cd7932ffb57c8202231736ad01cbdbf9b27c1e2e328bd7b64fa83f69b01,KTW,NCE,1173.213296547304,large_airport,large_airport,"Air Dolomiti, Lufthansa",Business,1,One_way,2.0,1040.0,1291.0,6.0,Morning,Night,3,5,0,1,0,1,5,0,1
2,2026-05-24,2026-05-26,df4dd323e51d093898e2fe48779f90c67d0f0fa150a533ccfbcf44a819297db4,KTW,NCE,1173.213296547304,large_airport,large_airport,"Air Dolomiti, Lufthansa",Business,1,One_way,2.0,510.0,1291.0,15.0,Afternoon,Night,3,5,0,1,0,1,5,0,1
2,2026-05-24,2026-05-26,27bba4b3d8dc526eb6c535279656a1a97cf3b65b5d29ff7fa5a53ac15061decb,KTW,NCE,1173.213296547304,large_airport,large_airport,"Air Dolomiti, Austrian",Business,1,One_way,2.0,1080.0,1389.0,15.0,Afternoon,Morning,3,5,0,1,0,1,5,0,1
2,2026-05-24,2026-05-26,6b23e787c2288d2fea14b32ad00badaf3aa0dd4c5e1c2ddb1984306b62732eff,KTW,NCE,1173.213296547304,large_airport,large_airport,"LOT, Brussels Airlines",Business,1,One_way,2.0,1115.0,1423.0,18.0,Evening,Afternoon,3,5,0,1,0,1,5,0,1
2,2026-05-24,2026-05-26,d6cceeb287b0e1d32b3f910238ca200fac32e34393857893f9d6a7772d1855da,KTW,NCE,1173.213296547304,large_airport,large_airport,"LOT, SWISS",Business,1,One_way,2.0,1070.0,1423.0,14.0,Afternoon,Morning,3,5,0,1,0,1,5,0,1
2,2026-05-24,2026-05-26,263842dd32b4bae689cf9381a9b330f0ac1b9b2b9efb13ee1941d0bac0ce8d4c,KTW,NCE,1173.213296547304,large_airport,large_airport,"Air Dolomiti, Lufthansa",Business,1,One_way,2.0,1295.0,1428.0,15.0,Afternoon,Afternoon,3,5,0,1,0,1,5,0,1
2,2026-05-24,2026-05-26,db977b347d4199c0338b68238b3a2b5424d575e032949db18a6c486af47eebfe,KTW,NCE,1173.213296547304,large_airport,large_airport,"LOT, Air Baltic",Business,1,One_way,2.0,1125.0,1451.0,14.0,Afternoon,Morning,3,5,0,1,0,1,5,0,1
2,2026-05-24,2026-05-26,d08251f39cf8257547968424496b5154a09a0e4708b34bc416e4035333c1f91b,KTW,NCE,1173.213296547304,large_airport,large_airport,"LOT, Air Baltic",Business,1,One_way,2.0,920.0,1451.0,18.0,Evening,Morning,3,5,0,1,0,1,5,0,1
2,2026-05-24,2026-05-26,4b3c955e29e84cfe6a85fe3f81b840408d5e827a141c16442a18668e2bf13114,KTW,NCE,1173.213296547304,large_airport,large_airport,"Air Dolomiti, Lufthansa, Eurowings",Business,1,One_way,2.0,515.0,1498.0,6.0,Morning,Afternoon,3,5,0,1,0,1,5,0,1
2,2026-05-24,2026-05-26,29f99911eecb26b2348ac23c0b7abcd9e0fa76fc2c6da36871eac5f506af29d5,KTW,NCE,1173.213296547304,large_airport,large_airport,"Air Dolomiti, Lufthansa, Eurowings",Business,1,One_way,2.0,495.0,1745.0,6.0,Morning,Afternoon,3,5,0,1,0,1,5,0,1
2,2026-05-24,2026-05-26,3d3664fb1601c56cdf005ca498d69aa63dab16404561825486e5280df4cf5a95,KTW,NCE,1173.213296547304,large_airport,large_airport,"LOT, British Airways",Business,1,One_way,2.0,785.0,1982.0,5.0,Morning,Evening,3,5,0,1,0,1,5,0,1
2,2026-05-24,2026-05-26,0dab3ef881103da2a66901fa1d791b0c827bbbfa19a24169a7061369bd7fe567,KTW,NCE,1173.213296547304,large_airport,large_airport,"LOT, British Airways",Business,1,One_way,2.0,835.0,1982.0,5.0,Morning,Evening,3,5,0,1,0,1,5,0,1
2,2026-05-24,2026-05-26,25e4f1217eec0eb3ad2d580c1d9e3ab8067d129e90b380404212e77b9f610b2b,KTW,NCE,1173.213296547304,large_airport,large_airport,"Air Dolomiti, Luxair",Business,1,One_way,2.0,490.0,2611.0,6.0,Morning,Afternoon,3,5,0,1,0,1,5,0,1
2,2026-05-24,2026-05-26,0fd1d12b07a38e49afdb541e765e11323c427df5658cd680ebf299c25f6f56a4,KTW,NCE,1173.213296547304,large_airport,large_airport,"Air Dolomiti, Brussels Airlines",Business,1,One_way,2.0,405.0,2927.0,6.0,Morning,Afternoon,3,5,0,1,0,1,5,0,1
2,2026-05-24,2026-05-26,61dfa3b90f5b6a3946b8d70a55070f0a35a9915634c07b2c81db90da0cecf592,KTW,NCE,1173.213296547304,large_airport,large_airport,"Air Dolomiti, Brussels Airlines",Business,1,One_way,2.0,570.0,2927.0,6.0,Morning,Afternoon,3,5,0,1,0,1,5,0,1
3,2026-05-24,2026-05-27,8a26ebcf65fd49765cde678f7200c9b93a0ecbf98fdeb3045bee1beef7ff7257,KRK,CDG,1246.0836651616955,large_airport,large_airport,Scandinavian Airlines,Premium economy,1,One_way,1.0,560.0,550.0,10.0,Morning,Evening,4,5,0,1,0,1,5,0,1
3,2026-05-24,2026-05-27,4c35456d271fcca7a93c66e55953e2d1b1548dd58b74fc6b77e879c0988b8581,KRK,CDG,1246.0836651616955,large_airport,large_airport,Scandinavian Airlines,Premium economy,1,One_way,1.0,855.0,600.0,20.0,Evening,Morning,4,5,0,1,0,1,5,0,1
3,2026-05-24,2026-05-27,f434735718d192f54c1673ffd131bcf0af664bce5afd66c80f80cb71fc6a0cd2,KRK,CDG,1246.0836651616955,large_airport,large_airport,"Scandinavian Airlines, Lufthansa",Premium economy,1,One_way,2.0,470.0,5573.0,10.0,Morning,Evening,4,5,0,1,0,1,5,0,1
3,2026-05-24,2026-05-27,2d5c7d6a5b42f7fdf78fcdb35dce58096258157ad672b597cfc8e7548afa098d,KRK,CDG,1246.0836651616955,large_airport,large_airport,"Scandinavian Airlines, Lufthansa",Premium economy,1,One_way,2.0,525.0,5573.0,10.0,Morning,Evening,4,5,0,1,0,1,5,0,1
3,2026-05-24,2026-05-27,8ea9fdf83663a21a820caa5de69f93b979953db6f5345f5d031eb400201b7433,KRK,CDG,1246.0836651616955,large_airport,large_airport,"Scandinavian Airlines, Air France",Premium economy,1,One_way,2.0,590.0,6171.0,10.0,Morning,Evening,4,5,0,1,0,1,5,0,1
3,2026-05-24,2026-05-27,259385495928c530c1f6d928cb556bc43982a350e286044d8738c2aa5e9ea096,KRK,CDG,1246.0836651616955,large_airport,large_airport,"Scandinavian Airlines, Air France",Premium economy,1,One_way,2.0,365.0,6731.0,10.0,Morning,Afternoon,4,5,0,1,0,1,5,0,1
3,2026-05-24,2026-05-27,28e72fc26fe6df9239bd1f165d40b3587d335fcdb56d06803e8856b6355bae89,KRK,CDG,1246.0836651616955,large_airport,large_airport,"Scandinavian Airlines, SWISS",Premium economy,1,One_way,2.0,525.0,7107.0,10.0,Morning,Evening,4,5,0,1,0,1,5,0,1
3,2026-05-24,2026-05-27,210e83cb84e935a7c6903d9c87a2e0dbd7491202774032a4739c9bae3450e688,KRK,CDG,1246.0836651616955,large_airport,large_airport,LOT,Business,1,One_way,1.0,235.0,812.0,14.0,Afternoon,Evening,4,5,0,1,0,1,5,0,1
3,2026-05-24,2026-05-27,36cb21ad75aa3971eeff5cb041bfa83417eab71dc04a082092f56916151d8113,KRK,CDG,1246.0836651616955,large_airport,large_airport,LOT,Business,1,One_way,1.0,260.0,812.0,18.0,Evening,Night,4,5,0,1,0,1,5,0,1
3,2026-05-24,2026-05-27,6939d737405e3058ae397d79437e5fac61371d13d673dd7e5edc7c172b0db10f,KRK,CDG,1246.0836651616955,large_airport,large_airport,KLM,Business,1,One_way,1.0,300.0,1042.0,14.0,Afternoon,Evening,4,5,0,1,0,1,5,0,1
3,2026-05-24,2026-05-27,962eff0b60daa296de30aaadeb26339b82afce752177b9e6c61683aed874a99b,KRK,CDG,1246.0836651616955,large_airport,large_airport,Air France,Business,1,One_way,0.0,140.0,1103.0,14.0,Afternoon,Afternoon,4,5,0,1,0,1,5,0,1
3,2026-05-24,2026-05-27,28916225e6c5b11a79789c95804fa00d70d33e0464b0822565c74122fd3be4db,KRK,CDG,1246.0836651616955,large_airport,large_airport,Scandinavian Airlines,Business,1,One_way,1.0,560.0,626.0,10.0,Morning,Evening,4,5,0,1,0,1,5,0,1
3,2026-05-24,2026-05-27,55440202444a9ad8d99bc930773a08b31e1d67e4a0d3c3e054f8efe152c3795c,KRK,CDG,1246.0836651616955,large_airport,large_airport,Scandinavian Airlines,Business,1,One_way,1.0,855.0,629.0,20.0,Evening,Morning,4,5,0,1,0,1,5,0,1
3,2026-05-24,2026-05-27,5626ba5a832988ff2a3780d719be564c352250489fb9ccba2f4498bbf9b75f91,KRK,CDG,1246.0836651616955,large_airport,large_airport,Aegean,Business,1,One_way,1.0,770.0,793.0,21.0,Night,Morning,4,5,0,1,0,1,5,0,1
3,2026-05-24,2026-05-27,1c3d79c55139bd3b55ca940eca441513a1219bc129ed692f7337a680ba988690,KRK,CDG,1246.0836651616955,large_airport,large_airport,LOT,Business,1,One_way,1.0,250.0,812.0,5.0,Morning,Morning,4,5,0,1,0,1,5,0,1
3,2026-05-24,2026-05-27,d9174e89d71259b481318b8f67df64dc69b1991c8ce688d65bedd7af2d7d24b2,KRK,CDG,1246.0836651616955,large_airport,large_airport,LOT,Business,1,One_way,1.0,395.0,812.0,12.0,Afternoon,Evening,4,5,0,1,0,1,5,0,1
3,2026-05-24,2026-05-27,051a76429c46c55a37337ad021558b126512748a7a3d9b56ba1896dedd8ecfe1,KRK,CDG,1246.0836651616955,large_airport,large_airport,LOT,Business,1,One_way,1.0,470.0,812.0,14.0,Afternoon,Night,4,5,0,1,0,1,5,0,1
3,2026-05-24,2026-05-27,46f2ea7bd8899aa648a884b4c0563d996fa2b36d3679a6c13c792d9a12e99570,KRK,CDG,1246.0836651616955,large_airport,large_airport,Air Serbia,Business,1,One_way,1.0,635.0,838.0,9.0,Morning,Evening,4,5,0,1,0,1,5,0,1
3,2026-05-24,2026-05-27,6e50f682b9cc7937705e2c287ae06d6f50b5788b61da03eea665bda406858a6e,KRK,CDG,1246.0836651616955,large_airport,large_airport,Aegean,Business,1,One_way,1.0,950.0,984.0,21.0,Night,Afternoon,4,5,0,1,0,1,5,0,1
3,2026-05-24,2026-05-27,1984993445604cf07c941985f302b716cf8175a69f811388873d51b40c9feb20,KRK,CDG,1246.0836651616955,large_airport,large_airport,"KLM, Air France",Business,1,One_way,1.0,250.0,1042.0,11.0,Morning,Afternoon,4,5,0,1,0,1,5,0,1
3,2026-05-24,2026-05-27,4cd988d5070c51bdd1c456c9aa9866657c946a8372a85d3e2915ee4671339698,KRK,CDG,1246.0836651616955,large_airport,large_airport,KLM,Business,1,One_way,1.0,355.0,1042.0,11.0,Morning,Evening,4,5,0,1,0,1,5,0,1
3,2026-05-24,2026-05-27,0526ac6a8a044a0331e6d103f8dcae5502120f0e2c10ffe6ca956acf173b848f,KRK,CDG,1246.0836651616955,large_airport,large_airport,KLM,Business,1,One_way,1.0,435.0,1042.0,11.0,Morning,Evening,4,5,0,1,0,1,5,0,1
3,2026-05-24,2026-05-27,b5e658c4637e4b38d638e4be4d6a58de2737aff95fc41e168af055ad04670e60,KRK,CDG,1246.0836651616955,large_airport,large_airport,"KLM, Air France",Business,1,One_way,1.0,495.0,1042.0,11.0,Morning,Evening,4,5,0,1,0,1,5,0,1
3,2026-05-24,2026-05-27,7e258a096e73358a7e07fda48f5db77ba27218f830a4274d4f06f3bf0dac3a45,KRK,CDG,1246.0836651616955,large_airport,large_airport,"KLM, Air France",Business,1,One_way,1.0,600.0,1042.0,11.0,Morning,Night,4,5,0,1,0,1,5,0,1
3,2026-05-24,2026-05-27,49eac56ecf1e378497253e5138c2e90e12e358f50136e9b2c647c61d89e5fd90,KRK,CDG,1246.0836651616955,large_airport,large_airport,"KLM, Air France",Business,1,One_way,1.0,360.0,1042.0,14.0,Afternoon,Evening,4,5,0,1,0,1,5,0,1
3,2026-05-24,2026-05-27,2fdccd703282a2273911fd78aea64951ca99da2fcf2511845542c481fe54717e,KRK,CDG,1246.0836651616955,large_airport,large_airport,"KLM, Air France",Business,1,One_way,1.0,465.0,1042.0,14.0,Afternoon,Night,4,5,0,1,0,1,5,0,1
3,2026-05-24,2026-05-27,7f130b92c3b71950d03b04e4034c44ee71b8d8c4c23c7605141c2651323008dc,KRK,CDG,1246.0836651616955,large_airport,large_airport,"Lufthansa, Austrian",Business,1,One_way,2.0,535.0,1046.0,6.0,Morning,Afternoon,4,5,0,1,0,1,5,0,1
3,2026-05-24,2026-05-27,ec2c2c1c0c7f3eebd317143b981245f4ce643f65654b69dbdd95830fbfbbb77d,KRK,CDG,1246.0836651616955,large_airport,large_airport,Turkish Airlines,Business,1,One_way,1.0,450.0,1077.0,9.0,Morning,Evening,4,5,0,1,0,1,5,0,1
3,2026-05-24,2026-05-27,d6f6f48b98a9ee5de77b318413579cf82375698e4c963f625d3c28050687983a,KRK,CDG,1246.0836651616955,large_airport,large_airport,Turkish Airlines,Business,1,One_way,1.0,515.0,1077.0,9.0,Morning,Evening,4,5,0,1,0,1,5,0,1
3,2026-05-24,2026-05-27,a88546ca6c77f405fa1a203f9a7ab955a206128c2a43819e1829f0801deb5ae9,KRK,CDG,1246.0836651616955,large_airport,large_airport,Turkish Airlines,Business,1,One_way,1.0,780.0,1077.0,9.0,Morning,Night,4,5,0,1,0,1,5,0,1
3,2026-05-24,2026-05-27,8c2a5cb6a1f3bc4aa5aac4b91acf37147f75e0fe1184bf24441bf5bffbf71f66,KRK,CDG,1246.0836651616955,large_airport,large_airport,"Lufthansa, ITA",Business,1,One_way,2.0,590.0,1114.0,6.0,Morning,Afternoon,4,5,0,1,0,1,5,0,1
3,2026-05-24,2026-05-27,b119a8315f7cf80869c30b51beeb63131e39b5efab5d9a01c157a7bd9f3d9e89,KRK,CDG,1246.0836651616955,large_airport,large_airport,"SWISS, ITA",Business,1,One_way,2.0,525.0,1143.0,14.0,Afternoon,Night,4,5,0,1,0,1,5,0,1
3,2026-05-24,2026-05-27,4fdd4cd5c6a74e8e1698f3ce79a5cf992cf7d5a429ae4354e1659459f465ea6f,KRK,CDG,1246.0836651616955,large_airport,large_airport,"LOT, Air Baltic",Business,1,One_way,2.0,575.0,1169.0,8.0,Morning,Evening,4,5,0,1,0,1,5,0,1
3,2026-05-24,2026-05-27,2ee61577dd2dac3daaa6e1287c85fee5a079883622d0020803f629cb4f7bc8cf,KRK,CDG,1246.0836651616955,large_airport,large_airport,Luxair,Business,1,One_way,1.0,635.0,1208.0,8.0,Morning,Evening,4,5,0,1,0,1,5,0,1
3,2026-05-24,2026-05-27,0c53affa3e415a08496b727bb1558cc9455177737fbb9f1c103095f013c8791c,KRK,CDG,1246.0836651616955,large_airport,large_airport,"Lufthansa, Eurowings",Business,1,One_way,2.0,415.0,1209.0,13.0,Afternoon,Evening,4,5,0,1,0,1,5,0,1
3,2026-05-24,2026-05-27,f396c9d45ba6e8450f35668a171ffe63caee3f38cdff96e8139fc3850781a407,KRK,CDG,1246.0836651616955,large_airport,large_airport,"KLM, Air France",Business,1,One_way,1.0,265.0,1331.0,6.0,Morning,Morning,4,5,0,1,0,1,5,0,1
3,2026-05-24,2026-05-27,c6059edc9af9aaf2e9f60fdd9ba6195265991c724f715e8afe79cbcf76268179,KRK,CDG,1246.0836651616955,large_airport,large_airport,"KLM, Air France",Business,1,One_way,1.0,330.0,1331.0,6.0,Morning,Afternoon,4,5,0,1,0,1,5,0,1
3,2026-05-24,2026-05-27,41fc2b70d091c26a9d5aacf8bd76a2b3c3006dbe98b42ca7cdfb4db323410e82,KRK,CDG,1246.0836651616955,large_airport,large_airport,KLM,Business,1,One_way,1.0,430.0,1331.0,6.0,Morning,Afternoon,4,5,0,1,0,1,5,0,1
3,2026-05-24,2026-05-27,ccd9c5d986684a222b4d0bbf5d5283b5980d2ecf45e472e52a6f080406f732d7,KRK,CDG,1246.0836651616955,large_airport,large_airport,"KLM, Air France",Business,1,One_way,1.0,545.0,1331.0,6.0,Morning,Afternoon,4,5,0,1,0,1,5,0,1
3,2026-05-24,2026-05-27,e9da6325f27d7e92b5eff5a87783a29d410599409fbb66953033055210eecdb4,KRK,CDG,1246.0836651616955,large_airport,large_airport,"KLM, Air France",Business,1,One_way,1.0,570.0,1331.0,6.0,Morning,Afternoon,4,5,0,1,0,1,5,0,1
3,2026-05-24,2026-05-27,61c51a24f1f4c093c285ba2c3dc9e72358413c63b007d6b210df5128b878fecd,KRK,CDG,1246.0836651616955,large_airport,large_airport,KLM,Business,1,One_way,1.0,675.0,1331.0,6.0,Morning,Evening,4,5,0,1,0,1,5,0,1
3,2026-05-24,2026-05-27,cadb95ca1e0f7cb3b196478a254528ecbbe58492b96ad7b1293f6dcb497b1bd4,KRK,CDG,1246.0836651616955,large_airport,large_airport,KLM,Business,1,One_way,1.0,755.0,1331.0,6.0,Morning,Evening,4,5,0,1,0,1,5,0,1
3,2026-05-24,2026-05-27,a926071f4f81b31c67a768ddbf5a9e1a4590f07b4ba5f5e022d08e7ddfebe389,KRK,CDG,1246.0836651616955,large_airport,large_airport,Austrian,Business,1,One_way,1.0,270.0,1426.0,14.0,Afternoon,Evening,4,5,0,1,0,1,5,0,1
3,2026-05-24,2026-05-27,5cefe97843f766d66c5815f61fcb1904a0d29ab1220c9b6737a308bca18fad7e,KRK,CDG,1246.0836651616955,large_airport,large_airport,Austrian,Business,1,One_way,1.0,455.0,1426.0,14.0,Afternoon,Night,4,5,0,1,0,1,5,0,1
3,2026-05-24,2026-05-27,97343b51d6ae26e859100a52f7f6f5a5d02882a20cd06c4d80aab6ac9bac9a81,KRK,CDG,1246.0836651616955,large_airport,large_airport,SWISS,Business,1,One_way,1.0,270.0,1430.0,9.0,Morning,Afternoon,4,5,0,1,0,1,5,0,1
3,2026-05-24,2026-05-27,11e5b653cda70c1e54f82ea78fcbcde0127aef83a87801561d4b277b919a83de,KRK,CDG,1246.0836651616955,large_airport,large_airport,SWISS,Business,1,One_way,1.0,235.0,1430.0,14.0,Afternoon,Evening,4,5,0,1,0,1,5,0,1
3,2026-05-24,2026-05-27,be1c3901dce2529e7503c8e9e1d10d015e4980d862123f4c35d369a7023e9af4,KRK,CDG,1246.0836651616955,large_airport,large_airport,SWISS,Business,1,One_way,1.0,515.0,1430.0,14.0,Afternoon,Night,4,5,0,1,0,1,5,0,1
3,2026-05-24,2026-05-27,29ca46a51beecb87f4d1a824f25dff52ad08125f4f11dd4cc481145b7bde710d,KRK,CDG,1246.0836651616955,large_airport,large_airport,Lufthansa,Business,1,One_way,1.0,315.0,1430.0,6.0,Morning,Morning,4,5,0,1,0,1,5,0,1
3,2026-05-24,2026-05-27,582f1b917fa4b6e039d920b75bec2f2c69df3280ce433c3880cb2d984a264d15,KRK,CDG,1246.0836651616955,large_airport,large_airport,"Lufthansa, Lufthansa City Airlines",Business,1,One_way,1.0,460.0,1430.0,6.0,Morning,Afternoon,4,5,0,1,0,1,5,0,1
3,2026-05-24,2026-05-27,e5db1f9ee1ee636a86cd5a1b064fabaaf74ee413d5fe9e524dddae6810564d35,KRK,CDG,1246.0836651616955,large_airport,large_airport,Lufthansa,Business,1,One_way,1.0,675.0,1430.0,6.0,Morning,Evening,4,5,0,1,0,1,5,0,1
3,2026-05-24,2026-05-27,b21d7410f455e5ebdd05badfe3980a09b469c213c3a5e4003b20580762b624f8,KRK,CDG,1246.0836651616955,large_airport,large_airport,"Lufthansa, Lufthansa City Airlines",Business,1,One_way,1.0,245.0,1430.0,9.0,Morning,Afternoon,4,5,0,1,0,1,5,0,1
3,2026-05-24,2026-05-27,0a0382287c7301339f2861713b73f8ca45f8d799f2d935d199a706a10cd69207,KRK,CDG,1246.0836651616955,large_airport,large_airport,Lufthansa,Business,1,One_way,1.0,460.0,1430.0,9.0,Morning,Evening,4,5,0,1,0,1,5,0,1
3,2026-05-24,2026-05-27,d518c71811d826a10939d6b5959ad7a4e5d5e7698b0ee007f1994fbac17360bb,KRK,CDG,1246.0836651616955,large_airport,large_airport,Lufthansa,Business,1,One_way,1.0,640.0,1430.0,9.0,Morning,Evening,4,5,0,1,0,1,5,0,1
3,2026-05-24,2026-05-27,1dc290769a9cf0b006a51fc568522b6f9c4e0a3791f21f9ebcc848eb285cd859,KRK,CDG,1246.0836651616955,large_airport,large_airport,Lufthansa,Business,1,One_way,1.0,230.0,1430.0,13.0,Afternoon,Evening,4,5,0,1,0,1,5,0,1
3,2026-05-24,2026-05-27,510c8cf258c24c10673d4d8a8d77f9bd5a2b2e8bf7c66a496bb23c233267ffd5,KRK,CDG,1246.0836651616955,large_airport,large_airport,Lufthansa,Business,1,One_way,1.0,410.0,1430.0,13.0,Afternoon,Evening,4,5,0,1,0,1,5,0,1
3,2026-05-24,2026-05-27,cdcea0f0bc211188208b122cc7166d29fd152182f760767d357211ed7445b169,KRK,CDG,1246.0836651616955,large_airport,large_airport,"Lufthansa, Lufthansa City Airlines",Business,1,One_way,1.0,610.0,1430.0,13.0,Afternoon,Night,4,5,0,1,0,1,5,0,1
3,2026-05-24,2026-05-27,2fe116a7f7adcb5c42e63f396a0b5d747b119ce6cf348677bda8f3d7b8c70928,KRK,CDG,1246.0836651616955,large_airport,large_airport,"Air Dolomiti, Lufthansa City Airlines",Business,1,One_way,1.0,410.0,1430.0,16.0,Afternoon,Night,4,5,0,1,0,1,5,0,1
3,2026-05-24,2026-05-27,c52da9d316c9da820e423ffefe3153438ed8ccd658c0d53bfa1e223d8d9df2c4,KRK,CDG,1246.0836651616955,large_airport,large_airport,Lufthansa,Business,1,One_way,1.0,265.0,1439.0,6.0,Morning,Morning,4,5,0,1,0,1,5,0,1
3,2026-05-24,2026-05-27,2754aaaeb75b506207b49bc2aac5252441ad7ba93c9dc32a0dc168a5d74bcc70,KRK,CDG,1246.0836651616955,large_airport,large_airport,Lufthansa,Business,1,One_way,1.0,455.0,1439.0,6.0,Morning,Afternoon,4,5,0,1,0,1,5,0,1
3,2026-05-24,2026-05-27,2a159ed75fcd7abcf120c090d1c91a8123c0ab17156ed96cbe88d70fd943737c,KRK,CDG,1246.0836651616955,large_airport,large_airport,Lufthansa,Business,1,One_way,1.0,395.0,1439.0,11.0,Morning,Evening,4,5,0,1,0,1,5,0,1
3,2026-05-24,2026-05-27,17c89a70d593b1fe4ebcf9d493346b1f794af1a49b4637a4e23df35889958cff,KRK,CDG,1246.0836651616955,large_airport,large_airport,Lufthansa,Business,1,One_way,1.0,450.0,1439.0,11.0,Morning,Evening,4,5,0,1,0,1,5,0,1
3,2026-05-24,2026-05-27,5bfab9d4f63ec814fd37634966e19096ebb115834230a6d8b60881bb0fc463ab,KRK,CDG,1246.0836651616955,large_airport,large_airport,Lufthansa,Business,1,One_way,1.0,305.0,1439.0,12.0,Afternoon,Evening,4,5,0,1,0,1,5,0,1
3,2026-05-24,2026-05-27,e044db0c4fddf2ae8898f87a28f35f6bf93d6257756c12eb158d7479c7f601fc,KRK,CDG,1246.0836651616955,large_airport,large_airport,Lufthansa,Business,1,One_way,1.0,360.0,1439.0,12.0,Afternoon,Evening,4,5,0,1,0,1,5,0,1
3,2026-05-24,2026-05-27,3833086503591046752eb6e88aa6d08ce6b9cd2799aef552d2bab1193b6ccf8a,KRK,CDG,1246.0836651616955,large_airport,large_airport,SWISS,Business,1,One_way,1.0,560.0,2135.0,9.0,Morning,Evening,4,5,0,1,0,1,5,0,1
3,2026-05-24,2026-05-27,3efb530989d4ca4074f795ba6b50f4bbccbfd8b6d2438e594c879b211642f899,KRK,ORY,1265.5297301624755,large_airport,large_airport,LOT,Business,1,One_way,0.0,150.0,734.0,17.0,Evening,Evening,4,5,0,1,0,1,5,0,1
3,2026-05-24,2026-05-27,99c2af3161b78b5e20df422a26275cad8db8b0fd5c8dc608f81f5e81c55f951b,KRK,ORY,1265.5297301624755,large_airport,large_airport,"Lufthansa, ITA",Business,1,One_way,2.0,535.0,2504.0,12.0,Afternoon,Night,4,5,0,1,0,1,5,0,1
3,2026-05-24,2026-05-27,460c013e7a0ee71863257760af323acfcb5b07a1a490dd66464dc259154ee581,KRK,ORY,1265.5297301624755,large_airport,large_airport,"British Airways, Vueling",Business,1,One_way,1.0,1225.0,945.0,21.0,Night,Evening,4,5,0,1,0,1,5,0,1
3,2026-05-24,2026-05-27,74f4bde03ba83cedd43667da0d886859ab0738440ab3e1c4cbb9386395d93018,KRK,ORY,1265.5297301624755,large_airport,large_airport,"Lufthansa, ITA",Business,1,One_way,2.0,935.0,1758.0,6.0,Morning,Night,4,5,0,1,0,1,5,0,1
3,2026-05-24,2026-05-27,f3ef04be3db3a36ed3f588018fba717dca5c5d2472a095f38f944929c2bf8f7b,KRK,ORY,1265.5297301624755,large_airport,large_airport,"Lufthansa, ITA",Business,1,One_way,2.0,625.0,1758.0,11.0,Morning,Night,4,5,0,1,0,1,5,0,1
3,2026-05-24,2026-05-27,d1f386558f90b35498ec2434422f1d467b6a0d5250d94c766499e9f5fe7091e6,KRK,ORY,1265.5297301624755,large_airport,large_airport,"Lufthansa, Air Dolomiti, ITA",Business,1,One_way,2.0,935.0,1761.0,6.0,Morning,Night,4,5,0,1,0,1,5,0,1
3,2026-05-24,2026-05-27,175735c5e1794af43dcea3d984205adc292378dd29d95afbe2b5b8abae9294a0,KRK,ORY,1265.5297301624755,large_airport,large_airport,"British Airways, Iberia",Business,1,One_way,2.0,975.0,2414.0,21.0,Night,Afternoon,4,5,0,1,0,1,5,0,1
3,2026-05-24,2026-05-27,1164f613578bff195bbbfd29a809b13a48a52177cfa4473aa32955fed3560c9c,KRK,ORY,1265.5297301624755,large_airport,large_airport,"Lufthansa, ITA",Business,1,One_way,2.0,740.0,2668.0,6.0,Morning,Evening,4,5,0,1,0,1,5,0,1
3,2026-05-24,2026-05-27,f64a8332b24de02918b01ecbcbafb59064c55d70e30a9b8fb8eb263a4e913565,KRK,ORY,1265.5297301624755,large_airport,large_airport,"Lufthansa, ITA",Business,1,One_way,2.0,535.0,3891.0,9.0,Morning,Evening,4,5,0,1,0,1,5,0,1
3,2026-05-24,2026-05-27,0669386ec6908cea418a6b3656ebe4687f7773ccba5d884a71f2b7213d9978e1,KRK,ORY,1265.5297301624755,large_airport,large_airport,LOT,Economy,1,One_way,0.0,150.0,199.0,17.0,Evening,Evening,4,5,0,1,0,1,5,0,1
3,2026-05-24,2026-05-27,b0cb4103f00ab3f117df8247aa9d2965a449737fa38e83f0786217a92131f78e,KRK,ORY,1265.5297301624755,large_airport,large_airport,"British Airways, Vueling",Economy,1,One_way,1.0,1225.0,538.0,21.0,Night,Evening,4,5,0,1,0,1,5,0,1
3,2026-05-24,2026-05-27,0fe018bb70fbd756e13ef7b5b4bfcaaf99e1a1740d2508e5965ccb4d8f271a2d,KRK,ORY,1265.5297301624755,large_airport,large_airport,"Lufthansa, Air Dolomiti, ITA",Economy,1,One_way,2.0,935.0,1030.0,6.0,Morning,Night,4,5,0,1,0,1,5,0,1
3,2026-05-24,2026-05-27,228c2418b7c6f7f777b00d0a5270456e3ddb2d9aa17cf247418cdb0e2cb21aad,KRK,ORY,1265.5297301624755,large_airport,large_airport,"Lufthansa, ITA",Economy,1,One_way,2.0,625.0,1092.0,11.0,Morning,Night,4,5,0,1,0,1,5,0,1
3,2026-05-24,2026-05-27,8045989cafc6b728c6eb479c9e5e3a5d6392255cc1cc240d9885fd63ccd1005f,KRK,ORY,1265.5297301624755,large_airport,large_airport,"LOT, ITA",Economy,1,One_way,2.0,665.0,1323.0,10.0,Morning,Night,4,5,0,1,0,1,5,0,1
3,2026-05-24,2026-05-27,ba14a32b7a2216ba3ab58ca194adbbd9da84388294dda6f38f6e0fa83d79e1ce,KRK,ORY,1265.5297301624755,large_airport,large_airport,"British Airways, Iberia",Economy,1,One_way,2.0,975.0,1344.0,21.0,Night,Afternoon,4,5,0,1,0,1,5,0,1
3,2026-05-24,2026-05-27,f17181df38ef15cf8bd559c0421c7b0304053481532b4e62c0e1cbac72d356a5,KRK,ORY,1265.5297301624755,large_airport,large_airport,"British Airways, Iberia",Economy,1,One_way,2.0,1160.0,1344.0,21.0,Night,Afternoon,4,5,0,1,0,1,5,0,1
3,2026-05-24,2026-05-27,5b17224e772d474abdfcd1e20635afa1f70a3292bffdaced7628dbdffc882158,KRK,ORY,1265.5297301624755,large_airport,large_airport,"Lufthansa, ITA",Economy,1,One_way,2.0,935.0,1351.0,6.0,Morning,Night,4,5,0,1,0,1,5,0,1
3,2026-05-24,2026-05-27,5499c6a8859f999a7d4e5d494b0c59c65891205d11ad81b68b7bd5f1747465ea,KRK,ORY,1265.5297301624755,large_airport,large_airport,"Lufthansa, ITA",Economy,1,One_way,2.0,535.0,1351.0,12.0,Afternoon,Night,4,5,0,1,0,1,5,0,1
3,2026-05-24,2026-05-27,4b0fa3f77f35675b7b589e3dbb0addba16aa041a4b06eca23bc243fbc69f0c02,KRK,ORY,1265.5297301624755,large_airport,large_airport,"Lufthansa, ITA",Economy,1,One_way,2.0,740.0,1507.0,6.0,Morning,Evening,4,5,0,1,0,1,5,0,1
3,2026-05-24,2026-05-27,bcc3ab1b0c0d562723993652dd8d26d81bb999637ce00e7de8e269e9b5995174,KRK,ORY,1265.5297301624755,large_airport,large_airport,"Lufthansa, ITA",Economy,1,One_way,2.0,750.0,1701.0,6.0,Morning,Evening,4,5,0,1,0,1,5,0,1
3,2026-05-24,2026-05-27,b194d04ec2be233a6061ad791d22d17964753e6770e7ac879907a88dedcb2f3f,KRK,ORY,1265.5297301624755,large_airport,large_airport,"Lufthansa, ITA",Economy,1,One_way,2.0,500.0,1701.0,13.0,Afternoon,Night,4,5,0,1,0,1,5,0,1
3,2026-05-24,2026-05-27,5e33f87580b66528434efe12e2c524f7fe2e45630e7ddfb2c00daf07ac42ae80,KRK,MRS,1329.5761584710265,large_airport,large_airport,Ryanair,Economy,1,One_way,0.0,145.0,76.0,17.0,Evening,Evening,4,5,0,1,0,1,5,0,1
3,2026-05-24,2026-05-27,54a521c4bc6642edfa9ff3f8715f65433bd1d86f006de7bcec78cfcd14f142c6,KRK,MRS,1329.5761584710265,large_airport,large_airport,KLM,Economy,1,One_way,1.0,290.0,250.0,17.0,Evening,Night,4,5,0,1,0,1,5,0,1
3,2026-05-24,2026-05-27,a965eab4d7c80bbf6d371ac1daa50b2dfb9dd159a326cfcc300e15659a5b0586,KRK,MRS,1329.5761584710265,large_airport,large_airport,Turkish Airlines,Economy,1,One_way,1.0,505.0,354.0,9.0,Morning,Evening,4,5,0,1,0,1,5,0,1
3,2026-05-24,2026-05-27,c453ccb4a7c93986c5c17e4bd956ab4a380dc4c99ed018fd474ab6d855f32814,KRK,MRS,1329.5761584710265,large_airport,large_airport,KLM,Economy,1,One_way,1.0,655.0,250.0,11.0,Morning,Night,4,5,0,1,0,1,5,0,1
3,2026-05-24,2026-05-27,1dac85996ae99e81a899229b143200e33e31f0f117db18c3fd1b1682f9e879b8,KRK,MRS,1329.5761584710265,large_airport,large_airport,Aegean,Economy,1,One_way,1.0,1210.0,256.0,21.0,Night,Evening,4,5,0,1,0,1,5,0,1
3,2026-05-24,2026-05-27,b58f48ab814e5e00b6284d75e2bcd684b3b4350f60f61b3b1506b9aa7e5aedd7,KRK,MRS,1329.5761584710265,large_airport,large_airport,Turkish Airlines,Economy,1,One_way,1.0,1430.0,267.0,9.0,Morning,Morning,4,5,0,1,0,1,5,0,1
3,2026-05-24,2026-05-27,d0eebe582d09c5c2139c4162c01e609d0c603a202044e56e750493d8fe6c8f37,KRK,MRS,1329.5761584710265,large_airport,large_airport,Brussels Airlines,Economy,1,One_way,1.0,450.0,289.0,15.0,Afternoon,Night,4,5,0,1,0,1,5,0,1
3,2026-05-24,2026-05-27,26c785c3a69425fcc8b5a954211a62c6b60d6154996fcc917f534218ad5fb4bb,KRK,MRS,1329.5761584710265,large_airport,large_airport,KLM,Economy,1,One_way,1.0,520.0,366.0,14.0,Afternoon,Night,4,5,0,1,0,1,5,0,1
3,2026-05-24,2026-05-27,4429a6b554efd4c76f03622ae172774e84ffc560b0e2fc83f1b8cba4aee9fe6a,KRK,MRS,1329.5761584710265,large_airport,large_airport,Lufthansa,Economy,1,One_way,1.0,250.0,430.0,6.0,Morning,Morning,4,5,0,1,0,1,5,0,1
3,2026-05-24,2026-05-27,6268e509be08bd47b702f342880e28298341d3135ecc9f0908603ce598ed9866,KRK,MRS,1329.5761584710265,large_airport,large_airport,KLM,Economy,1,One_way,1.0,975.0,430.0,6.0,Morning,Night,4,5,0,1,0,1,5,0,1
3,2026-05-24,2026-05-27,844915bb2b1eb846e5988acf980641ad3a90a38227f2b63364d2f50f77e12cd9,KRK,MRS,1329.5761584710265,large_airport,large_airport,Lufthansa,Economy,1,One_way,1.0,675.0,432.0,11.0,Morning,Night,4,5,0,1,0,1,5,0,1
3,2026-05-24,2026-05-27,ffd558c1efd3ec13db50df0448da94dc75c56ef5daa00d008278e2c2c562a87c,KRK,MRS,1329.5761584710265,large_airport,large_airport,KLM,Economy,1,One_way,1.0,290.0,457.0,11.0,Morning,Afternoon,4,5,0,1,0,1,5,0,1
3,2026-05-24,2026-05-27,ec8ef02d299bd354aab4ea5331a29907dc9e266523afb02d5879ae66db06850e,KRK,MRS,1329.5761584710265,large_airport,large_airport,KLM,Economy,1,One_way,1.0,300.0,487.0,6.0,Morning,Morning,4,5,0,1,0,1,5,0,1
3,2026-05-24,2026-05-27,00660fa067d04a4e6bb257ce6dc4c8032eac3135fcdf8a0c5aeea0354fcfc21f,KRK,MRS,1329.5761584710265,large_airport,large_airport,"Austrian, Brussels Airlines",Economy,1,One_way,2.0,485.0,492.0,14.0,Afternoon,Night,4,5,0,1,0,1,5,0,1
3,2026-05-24,2026-05-27,f8e0d7c64e205af592f8fca18f6828a7b4b696fa0ee81d2fb164a436b6989920,KRK,MRS,1329.5761584710265,large_airport,large_airport,KLM,Economy,1,One_way,1.0,610.0,630.0,6.0,Morning,Afternoon,4,5,0,1,0,1,5,0,1
3,2026-05-24,2026-05-27,b28feb942303a03d9016c71815c27876442e12cde038ee1343318b4c745c1e6b,KRK,MRS,1329.5761584710265,large_airport,large_airport,"Lufthansa, SWISS",Economy,1,One_way,2.0,460.0,643.0,6.0,Morning,Afternoon,4,5,0,1,0,1,5,0,1
3,2026-05-24,2026-05-27,faf3bba4d0cb4df2b6d94ee74b2c9c3d91058c8eb06c231b30513cd30ac41f8a,KRK,MRS,1329.5761584710265,large_airport,large_airport,"Air Dolomiti, Lufthansa",Economy,1,One_way,2.0,350.0,646.0,16.0,Afternoon,Night,4,5,0,1,0,1,5,0,1
3,2026-05-24,2026-05-27,2cb1ce533e9b71fd4d2c384deb38f5230302d987bd2ea7c1dbe985440a86c09a,KRK,MRS,1329.5761584710265,large_airport,large_airport,Lufthansa,Economy,1,One_way,1.0,395.0,703.0,11.0,Morning,Evening,4,5,0,1,0,1,5,0,1
3,2026-05-24,2026-05-27,26e6e41f8eaa517c2a72ab0c9196ee5a51c85cbc6ed0fd8a7e7095987c6dafee,KRK,MRS,1329.5761584710265,large_airport,large_airport,Lufthansa,Economy,1,One_way,1.0,705.0,703.0,6.0,Morning,Evening,4,5,0,1,0,1,5,0,1
3,2026-05-24,2026-05-27,0340eb3661e16968ebc8d4c14ea50a000ec08272fd50513ed43b22b0cbea1572,KRK,MRS,1329.5761584710265,large_airport,large_airport,Lufthansa,Economy,1,One_way,1.0,585.0,703.0,12.0,Afternoon,Night,4,5,0,1,0,1,5,0,1
3,2026-05-24,2026-05-27,82817b1c2585cb3e8e56b2b4ba474f38a12db666f58c5fc880800ad4b82aa473,KRK,MRS,1329.5761584710265,large_airport,large_airport,SWISS,Economy,1,One_way,1.0,260.0,753.0,9.0,Morning,Afternoon,4,5,0,1,0,1,5,0,1
3,2026-05-24,2026-05-27,094eb8755d49a7a31c908db0c39afc404633afa1381b1f386c4f2cec67c0cbe2,KRK,MRS,1329.5761584710265,large_airport,large_airport,"Austrian, Lufthansa",Economy,1,One_way,2.0,465.0,1289.0,14.0,Afternoon,Night,4,5,0,1,0,1,5,0,1
3,2026-05-24,2026-05-27,17c962050b8d7cc90bb57ab0b0424eaed597d7bf9e9359db16bcc4b30aab350e,KRK,MRS,1329.5761584710265,large_airport,large_airport,Lufthansa,Economy,1,One_way,1.0,305.0,1659.0,12.0,Afternoon,Evening,4,5,0,1,0,1,5,0,1
3,2026-05-24,2026-05-27,a6c71de8f33ac49dd94beddf8ee6d131c6175ac2e97eaef66bd46d00f438655f,KRK,MRS,1329.5761584710265,large_airport,large_airport,"Scandinavian Airlines, Lufthansa",Premium economy,1,One_way,2.0,750.0,5308.0,10.0,Morning,Night,4,5,0,1,0,1,5,0,1
3,2026-05-24,2026-05-27,00bf45c8b1c105c5a4309ee45b0c4b082af134b219d7278eef24a2086b492d6e,KRK,MRS,1329.5761584710265,large_airport,large_airport,"Scandinavian Airlines, Lufthansa",Premium economy,1,One_way,2.0,470.0,7121.0,10.0,Morning,Evening,4,5,0,1,0,1,5,0,1
3,2026-05-24,2026-05-27,d0bde04ce40bd4d7dbec7155b06a932ce9f0591c2cf1117cebe59b71e84c706b,KRK,MRS,1329.5761584710265,large_airport,large_airport,,Premium economy,1,One_way,,,0.0,,,,4,5,0,1,0,1,5,0,1
3,2026-05-24,2026-05-27,7b4540329cf20f861a51ff2adf2b73a486c3b16da13005a648177421bd33f92b,KRK,NCE,1190.0981196938565,large_airport,large_airport,Wizz Air,Economy,1,One_way,0.0,140.0,80.0,18.0,Evening,Evening,4,5,0,1,0,1,5,0,1
3,2026-05-24,2026-05-27,0bdb085165de7cbc93caa3f4c320bea2636eb8b9a3e8f4c56e12d49793b9d468,KRK,NCE,1190.0981196938565,large_airport,large_airport,Norwegian,Economy,1,One_way,1.0,420.0,232.0,14.0,Afternoon,Night,4,5,0,1,0,1,5,0,1
3,2026-05-24,2026-05-27,ba0db27fcd1ae48e4e35df6a655f4bf4525c06fa437054b0d1622aa9c6e62dd2,KRK,NCE,1190.0981196938565,large_airport,large_airport,KLM,Economy,1,One_way,1.0,400.0,233.0,11.0,Morning,Evening,4,5,0,1,0,1,5,0,1
3,2026-05-24,2026-05-27,07b5deb0673af30144e0657da788a0521220433ec458d34f1b82a6040c669c32,KRK,NCE,1190.0981196938565,large_airport,large_airport,LOT,Economy,1,One_way,1.0,740.0,222.0,21.0,Night,Morning,4,5,0,1,0,1,5,0,1
3,2026-05-24,2026-05-27,89d91fa7d85f9cb87429d81f5f033ccb8f790b4cca7a77bb1b943bc3954d105c,KRK,NCE,1190.0981196938565,large_airport,large_airport,KLM,Economy,1,One_way,1.0,635.0,233.0,11.0,Morning,Night,4,5,0,1,0,1,5,0,1
3,2026-05-24,2026-05-27,671d7900e29f876243d6c61922a382c05c956f765bb162b81992d56b473f9e60,KRK,NCE,1190.0981196938565,large_airport,large_airport,KLM,Economy,1,One_way,1.0,500.0,233.0,14.0,Afternoon,Night,4,5,0,1,0,1,5,0,1
3,2026-05-24,2026-05-27,31c411f17375823af1b43a4971a9fc1fb6e4ce1bbf2b74f3d9cfdd0912866a32,KRK,NCE,1190.0981196938565,large_airport,large_airport,Norwegian,Economy,1,One_way,1.0,735.0,239.0,22.0,Night,Morning,4,5,0,1,0,1,5,0,1
3,2026-05-24,2026-05-27,d15e0bd2144092629481116c7603a449cae1d8287029c861554e438459d2707c,KRK,NCE,1190.0981196938565,large_airport,large_airport,Turkish Airlines,Economy,1,One_way,1.0,520.0,267.0,9.0,Morning,Evening,4,5,0,1,0,1,5,0,1
3,2026-05-24,2026-05-27,bdcca449088c7ac819f9bffc92ce58c68db964877f5f916e0f93442eb1a00940,KRK,NCE,1190.0981196938565,large_airport,large_airport,KLM,Economy,1,One_way,1.0,720.0,280.0,6.0,Morning,Evening,4,5,0,1,0,1,5,0,1
3,2026-05-24,2026-05-27,5550a1c2c64175dfe0b669e70b4eaa96ceb31b442db41a00b0fb41e567153568,KRK,NCE,1190.0981196938565,large_airport,large_airport,KLM,Economy,1,One_way,1.0,955.0,280.0,6.0,Morning,Night,4,5,0,1,0,1,5,0,1
3,2026-05-24,2026-05-27,54164940a8eeedcb0f13071f7c3af180cb0becbb2f949e77ae85215cd3a878a4,KRK,NCE,1190.0981196938565,large_airport,large_airport,KLM,Economy,1,One_way,1.0,595.0,316.0,6.0,Morning,Afternoon,4,5,0,1,0,1,5,0,1
3,2026-05-24,2026-05-27,91d153ffc3bf59f1483630149be675e9b4bbd4d83fe1244de0b633673cab8444,KRK,NCE,1190.0981196938565,large_airport,large_airport,"Lufthansa, ITA",Economy,1,One_way,2.0,510.0,318.0,6.0,Morning,Afternoon,4,5,0,1,0,1,5,0,1
3,2026-05-24,2026-05-27,b9ee204f25f00987133c4507b36d63f7d354d2012bf02c55c49d841f99bc9516,KRK,NCE,1190.0981196938565,large_airport,large_airport,"Lufthansa, ITA",Economy,1,One_way,2.0,500.0,328.0,6.0,Morning,Afternoon,4,5,0,1,0,1,5,0,1
3,2026-05-24,2026-05-27,a75adf2bcd18375b350263d7eddff428a0cf59b38b0098b2af6f06485ffe25fd,KRK,NCE,1190.0981196938565,large_airport,large_airport,Norwegian,Economy,1,One_way,1.0,665.0,338.0,9.0,Morning,Evening,4,5,0,1,0,1,5,0,1
3,2026-05-24,2026-05-27,265162c3cfd4a479fb5212388f06ccc2a96fa31cdda5b3e5122d26737366f4f3,KRK,NCE,1190.0981196938565,large_airport,large_airport,LOT,Economy,1,One_way,1.0,595.0,350.0,8.0,Morning,Evening,4,5,0,1,0,1,5,0,1
3,2026-05-24,2026-05-27,12bbc61fdcaffc1531b485790f2b01e8d47158df72be7e75c1107018672f3efa,KRK,NCE,1190.0981196938565,large_airport,large_airport,Luxair,Economy,1,One_way,1.0,310.0,401.0,8.0,Morning,Afternoon,4,5,0,1,0,1,5,0,1
3,2026-05-24,2026-05-27,be248bc05568d957835f0208e7e42516f3bbfd9d1a08d531155e5e414a83e65b,KRK,NCE,1190.0981196938565,large_airport,large_airport,LOT,Economy,1,One_way,1.0,390.0,496.0,12.0,Afternoon,Evening,4,5,0,1,0,1,5,0,1
3,2026-05-24,2026-05-27,145fed0462821c7f8c95fb73897707fc91a57abc05ccef56f2f874bb2a506a3d,KRK,NCE,1190.0981196938565,large_airport,large_airport,Austrian,Economy,1,One_way,1.0,350.0,508.0,14.0,Afternoon,Evening,4,5,0,1,0,1,5,0,1
3,2026-05-24,2026-05-27,7d522476eb3a59933201494f37a9aa4938cc07ee4464e455e882399ec5a7955c,KRK,NCE,1190.0981196938565,large_airport,large_airport,Lufthansa,Economy,1,One_way,1.0,405.0,521.0,11.0,Morning,Evening,4,5,0,1,0,1,5,0,1
3,2026-05-24,2026-05-27,5ef027e56c29be45c2b7c78cb0cdbafc5db0c68e8fd1d69a71ad28c30ca2ac5d,KRK,NCE,1190.0981196938565,large_airport,large_airport,"Air Dolomiti, Lufthansa",Economy,1,One_way,1.0,405.0,614.0,16.0,Afternoon,Night,4,5,0,1,0,1,5,0,1
3,2026-05-24,2026-05-27,e2555a1597854396689b0ff5d688ebd395965f05df02d4fe945abd264ea388a4,KRK,NCE,1190.0981196938565,large_airport,large_airport,Norwegian,Economy,1,One_way,1.0,470.0,720.0,12.0,Afternoon,Evening,4,5,0,1,0,1,5,0,1
3,2026-05-24,2026-05-27,f0b0b19c79d4f11fdd2a9aa9249346f79a0194bec3a4356cf54b34eeaedb117e,KRK,NCE,1190.0981196938565,large_airport,large_airport,KLM,Economy,1,One_way,1.0,300.0,728.0,6.0,Morning,Morning,4,5,0,1,0,1,5,0,1
3,2026-05-24,2026-05-27,aeb27327e0cca90ebc03dfeb28537d6b38b37d1ed45da6fac878aa227e758033,KRK,NCE,1190.0981196938565,large_airport,large_airport,SWISS,Economy,1,One_way,1.0,255.0,744.0,9.0,Morning,Afternoon,4,5,0,1,0,1,5,0,1
3,2026-05-24,2026-05-27,7d0457dd5f2b52c27e8a9b726c069a808db53cae7993ee74d52082fcd7ad50bd,KRK,NCE,1190.0981196938565,large_airport,large_airport,SWISS,Economy,1,One_way,1.0,530.0,754.0,9.0,Morning,Evening,4,5,0,1,0,1,5,0,1
3,2026-05-24,2026-05-27,a7f973c477cbc3d1d2aefee3fc2308b2dcc3d5c2c2ead3d6ff3eaa8bfd79cf85,KRK,NCE,1190.0981196938565,large_airport,large_airport,Lufthansa,Economy,1,One_way,1.0,670.0,836.0,6.0,Morning,Evening,4,5,0,1,0,1,5,0,1
3,2026-05-24,2026-05-27,6a0306e01f35c96d68c5fed20480080c128ef71388affdfc470dd0efff706999,KRK,NCE,1190.0981196938565,large_airport,large_airport,Lufthansa,Economy,1,One_way,1.0,455.0,836.0,9.0,Morning,Evening,4,5,0,1,0,1,5,0,1
3,2026-05-24,2026-05-27,f2d3ded7970075bf3eaa297df23ae20b80a0e50095b4fb9c2e67bd9874e2d532,KRK,NCE,1190.0981196938565,large_airport,large_airport,Lufthansa,Economy,1,One_way,1.0,225.0,844.0,13.0,Afternoon,Evening,4,5,0,1,0,1,5,0,1
3,2026-05-24,2026-05-27,5273293762b08da6246d7701fcade6b48a6ca980a040bb47326a5a964e6f63e4,KRK,NCE,1190.0981196938565,large_airport,large_airport,Scandinavian Airlines,Premium economy,1,One_way,2.0,825.0,3137.0,20.0,Evening,Morning,4,5,0,1,0,1,5,0,1
3,2026-05-24,2026-05-27,903e2afb30a98b8184e8230af24e3be7a4afd6091a53c69924b2060758eafda5,KRK,NCE,1190.0981196938565,large_airport,large_airport,"Scandinavian Airlines, Lufthansa",Premium economy,1,One_way,2.0,480.0,3886.0,10.0,Morning,Evening,4,5,0,1,0,1,5,0,1
3,2026-05-24,2026-05-27,e329f3b11f5789e54f8651b6ff37db452e4fad1c495f4ada466649681bde8298,KRK,NCE,1190.0981196938565,large_airport,large_airport,"Scandinavian Airlines, Lufthansa",Premium economy,1,One_way,2.0,780.0,3886.0,10.0,Morning,Night,4,5,0,1,0,1,5,0,1
3,2026-05-24,2026-05-27,7c47bf6b1e24ca84c812fdd69aded1827995cb4a2ac72591da97dadf76d35ab6,KRK,NCE,1190.0981196938565,large_airport,large_airport,"Scandinavian Airlines, Lufthansa",Premium economy,1,One_way,2.0,805.0,7208.0,10.0,Morning,Night,4,5,0,1,0,1,5,0,1
3,2026-05-24,2026-05-27,7938c10ef1c6cda03851e83499da6d2efef4a2ed67ae7c1e4fe10a3ca7a4db10,KRK,NCE,1190.0981196938565,large_airport,large_airport,"Scandinavian Airlines, SWISS",Premium economy,1,One_way,2.0,495.0,7283.0,10.0,Morning,Evening,4,5,0,1,0,1,5,0,1
3,2026-05-24,2026-05-27,63458c5911db26d5331608de2fdcfaffd3f07320b9599deebc3120f117b33dcb,KRK,NCE,1190.0981196938565,large_airport,large_airport,,Premium economy,1,One_way,,,0.0,,,,4,5,0,1,0,1,5,0,1
3,2026-05-24,2026-05-27,b2f387902080e0bb05164751ad59bfb4a3eafc21d59b3a0c726502a29e204da0,KRK,MRS,1329.5761584710265,large_airport,large_airport,Lufthansa,Business,1,One_way,1.0,250.0,891.0,6.0,Morning,Morning,4,5,0,1,0,1,5,0,1
3,2026-05-24,2026-05-27,d9617d052adc3048a001416ea86cc7bda7f849be99b5417f1fc17e6ef7bce871,KRK,MRS,1329.5761584710265,large_airport,large_airport,KLM,Business,1,One_way,1.0,290.0,934.0,11.0,Morning,Afternoon,4,5,0,1,0,1,5,0,1
3,2026-05-24,2026-05-27,f0e7a366b9207bed30f5bd17278dce96e16f8c4f77694c1f2eb54c6d9c17467c,KRK,MRS,1329.5761584710265,large_airport,large_airport,Air France,Business,1,One_way,1.0,325.0,1331.0,14.0,Afternoon,Evening,4,5,0,1,0,1,5,0,1
3,2026-05-24,2026-05-27,5804a2e9bb5866eac7c303bef2d8e057e25a6d1974264994d88a13d8f7481d8e,KRK,MRS,1329.5761584710265,large_airport,large_airport,Aegean,Business,1,One_way,1.0,1210.0,830.0,21.0,Night,Evening,4,5,0,1,0,1,5,0,1
3,2026-05-24,2026-05-27,f7d80a1f0c399a8745b407ce5d28e6717c95d89024a18a0929d76108e9d7c427,KRK,MRS,1329.5761584710265,large_airport,large_airport,"KLM, Air France",Business,1,One_way,2.0,470.0,838.0,14.0,Afternoon,Night,4,5,0,1,0,1,5,0,1
3,2026-05-24,2026-05-27,2504d3e9985723c2d8fd0ec56176513e4cef2049ce51d8edb44fb5aa1f60df8d,KRK,MRS,1329.5761584710265,large_airport,large_airport,"KLM, Air France",Business,1,One_way,2.0,1120.0,840.0,14.0,Afternoon,Morning,4,5,0,1,0,1,5,0,1
3,2026-05-24,2026-05-27,a4b47a04deb24d9b8a0a09d393e50f563277d6af837e8fddb5045eec82101058,KRK,MRS,1329.5761584710265,large_airport,large_airport,Brussels Airlines,Business,1,One_way,1.0,450.0,882.0,15.0,Afternoon,Night,4,5,0,1,0,1,5,0,1
3,2026-05-24,2026-05-27,1eb8cc12517d119085fac7d447cf8e0b1f5b7290124b86d009259d53bc61842e,KRK,MRS,1329.5761584710265,large_airport,large_airport,Lufthansa,Business,1,One_way,1.0,675.0,891.0,11.0,Morning,Night,4,5,0,1,0,1,5,0,1
3,2026-05-24,2026-05-27,ba19d57fe71c85fe73033f431b4c1c7835f2e27f8ded319ac8de4c75a586838d,KRK,MRS,1329.5761584710265,large_airport,large_airport,Lufthansa,Business,1,One_way,1.0,985.0,910.0,6.0,Morning,Night,4,5,0,1,0,1,5,0,1
3,2026-05-24,2026-05-27,9aa06829a8d7faebfd750eb3639304c2b473d492220ce5c1db99395e4388b730,KRK,MRS,1329.5761584710265,large_airport,large_airport,KLM,Business,1,One_way,1.0,655.0,934.0,11.0,Morning,Night,4,5,0,1,0,1,5,0,1
3,2026-05-24,2026-05-27,d383df6c4dda434663e6a8842b7eb956660e12fe1fd8cffaf56ae6d3903bdfdd,KRK,MRS,1329.5761584710265,large_airport,large_airport,KLM,Business,1,One_way,1.0,520.0,934.0,14.0,Afternoon,Night,4,5,0,1,0,1,5,0,1
3,2026-05-24,2026-05-27,4f0d496588b9774eaeab3658e5108e2116a2bc6345e70266b20c910e0592a018,KRK,MRS,1329.5761584710265,large_airport,large_airport,KLM,Business,1,One_way,1.0,290.0,934.0,17.0,Evening,Night,4,5,0,1,0,1,5,0,1
3,2026-05-24,2026-05-27,2387fe40e1bae8bd6987bd2fa4c1b2e2a2889825010a4f70b19ec006919ca124,KRK,MRS,1329.5761584710265,large_airport,large_airport,"Lufthansa, Brussels Airlines",Business,1,One_way,2.0,800.0,961.0,9.0,Morning,Night,4,5,0,1,0,1,5,0,1
3,2026-05-24,2026-05-27,a6f4c56720e093b2c8bca4819eacb095a2873aa448afd9bce4217524d69c4ffd,KRK,MRS,1329.5761584710265,large_airport,large_airport,"Lufthansa, Brussels Airlines",Business,1,One_way,2.0,570.0,961.0,13.0,Afternoon,Night,4,5,0,1,0,1,5,0,1
3,2026-05-24,2026-05-27,0ebdfc6283546737728e1cc1c0f84fda213bc31723d4eaa27b32fb0d6c06a8e4,KRK,MRS,1329.5761584710265,large_airport,large_airport,Lufthansa,Business,1,One_way,2.0,995.0,971.0,6.0,Morning,Night,4,5,0,1,0,1,5,0,1
3,2026-05-24,2026-05-27,86cf84c0913963d4ba1ab77248f5b9ea27b7818db26c33de6c8955dff4e8ad19,KRK,MRS,1329.5761584710265,large_airport,large_airport,"KLM, Air France",Business,1,One_way,2.0,470.0,1054.0,11.0,Morning,Evening,4,5,0,1,0,1,5,0,1
3,2026-05-24,2026-05-27,7deab77ecd81aaf878ce3229e16f8d268b0f0d9fcaf4da216f9d16c49dd945d4,KRK,MRS,1329.5761584710265,large_airport,large_airport,"KLM, Air France",Business,1,One_way,2.0,605.0,1054.0,11.0,Morning,Night,4,5,0,1,0,1,5,0,1
3,2026-05-24,2026-05-27,aaf1c6df25ac6acc5617eae8e69a811b5eeaaf81cb0698aa7bb646590fc98d76,KRK,MRS,1329.5761584710265,large_airport,large_airport,"KLM, Air France",Business,1,One_way,2.0,525.0,1054.0,14.0,Afternoon,Night,4,5,0,1,0,1,5,0,1
3,2026-05-24,2026-05-27,7ade55d7ef488bd3f7067a51e6e71049f2053dd9f720b53b21cef90952351de9,KRK,MRS,1329.5761584710265,large_airport,large_airport,Turkish Airlines,Business,1,One_way,1.0,505.0,1077.0,9.0,Morning,Evening,4,5,0,1,0,1,5,0,1
3,2026-05-24,2026-05-27,a2c58f4fe0863e31e94fef88e8ce5528c761b0fd425f07ff781aaf29aadd69ac,KRK,MRS,1329.5761584710265,large_airport,large_airport,Turkish Airlines,Business,1,One_way,1.0,1430.0,1077.0,9.0,Morning,Morning,4,5,0,1,0,1,5,0,1
3,2026-05-24,2026-05-27,bc5b72c1740761315c7e71fc5d30296e34a805ab8c0c1187abf856f4dfb69650,KRK,MRS,1329.5761584710265,large_airport,large_airport,"Austrian, Brussels Airlines",Business,1,One_way,2.0,485.0,1179.0,14.0,Afternoon,Night,4,5,0,1,0,1,5,0,1
3,2026-05-24,2026-05-27,43fbe437ffc8bde1e15fe0dd13d1508788ab2f26289848aeea92a01709c8c3be,KRK,MRS,1329.5761584710265,large_airport,large_airport,KLM,Business,1,One_way,1.0,300.0,1229.0,6.0,Morning,Morning,4,5,0,1,0,1,5,0,1
3,2026-05-24,2026-05-27,446d2321ad6c7cb4a54bdc1d474cafb2a0e09576c145db40ad6a3f155a8103d1,KRK,MRS,1329.5761584710265,large_airport,large_airport,KLM,Business,1,One_way,1.0,610.0,1229.0,6.0,Morning,Afternoon,4,5,0,1,0,1,5,0,1
3,2026-05-24,2026-05-27,6b08628960339472591261cd2b2ca2a0de2488f2abfc2331834866b42753d579,KRK,MRS,1329.5761584710265,large_airport,large_airport,KLM,Business,1,One_way,1.0,975.0,1229.0,6.0,Morning,Night,4,5,0,1,0,1,5,0,1
3,2026-05-24,2026-05-27,f8eedc2b5edf16c598b3fdf7b41b8d3bcaaac2c214d9679fde4975f6d6e5ff86,KRK,MRS,1329.5761584710265,large_airport,large_airport,"Lufthansa, Brussels Airlines",Business,1,One_way,2.0,605.0,1295.0,12.0,Afternoon,Night,4,5,0,1,0,1,5,0,1
3,2026-05-24,2026-05-27,49804d7c75434c6b8682a228055d630a3bac8dec1e351c12c780632db698a3e3,KRK,MRS,1329.5761584710265,large_airport,large_airport,Lufthansa,Business,1,One_way,2.0,780.0,1295.0,9.0,Morning,Night,4,5,0,1,0,1,5,0,1
3,2026-05-24,2026-05-27,7f6c57a4299aba571e5c0840634e4a1d6f6c94d582014cff5cd103ec676edfee,KRK,MRS,1329.5761584710265,large_airport,large_airport,Lufthansa,Business,1,One_way,2.0,550.0,1295.0,13.0,Afternoon,Night,4,5,0,1,0,1,5,0,1
3,2026-05-24,2026-05-27,2bd8cb85cf6a27d0299508f52456fd7100d3695a6b3a1ccf92a16f5ac2a713f9,KRK,MRS,1329.5761584710265,large_airport,large_airport,"Air Dolomiti, Lufthansa",Business,1,One_way,2.0,350.0,1295.0,16.0,Afternoon,Night,4,5,0,1,0,1,5,0,1
3,2026-05-24,2026-05-27,042aa21fe9be0338648589edd68ec64e921d1784310334ab196831188fe0fc36,KRK,MRS,1329.5761584710265,large_airport,large_airport,Air France,Business,1,One_way,1.0,460.0,1331.0,14.0,Afternoon,Night,4,5,0,1,0,1,5,0,1
3,2026-05-24,2026-05-27,ecd68ca59668407a5265041da6be1c0611a0f6e4da2ae584c94c60d86d1889c1,KRK,MRS,1329.5761584710265,large_airport,large_airport,"KLM, Air France",Business,1,One_way,2.0,465.0,1362.0,6.0,Morning,Afternoon,4,5,0,1,0,1,5,0,1
3,2026-05-24,2026-05-27,b49c3cbe9d661db502e92255c93a2aa2b54f6eeaf602b1413880a657cdb0bf49,KRK,MRS,1329.5761584710265,large_airport,large_airport,"KLM, Air France",Business,1,One_way,2.0,595.0,1362.0,6.0,Morning,Afternoon,4,5,0,1,0,1,5,0,1
3,2026-05-24,2026-05-27,e81aa98cf0141590d093bf70bd5ad553dcf62c5f76ba61a2096f0aaad89a7b39,KRK,MRS,1329.5761584710265,large_airport,large_airport,Lufthansa,Business,1,One_way,1.0,705.0,1659.0,6.0,Morning,Evening,4,5,0,1,0,1,5,0,1
3,2026-05-24,2026-05-27,5fc24364f5a12788944a00dcee82c4b94e0bfb219c357d35abdd16c384bf7192,KRK,MRS,1329.5761584710265,large_airport,large_airport,Lufthansa,Business,1,One_way,1.0,395.0,1659.0,11.0,Morning,Evening,4,5,0,1,0,1,5,0,1
3,2026-05-24,2026-05-27,7d337fc8b736d85c66d59925a14ce350ec97234b940e5d0d29b37af25ec00e00,KRK,MRS,1329.5761584710265,large_airport,large_airport,Lufthansa,Business,1,One_way,1.0,305.0,1659.0,12.0,Afternoon,Evening,4,5,0,1,0,1,5,0,1
3,2026-05-24,2026-05-27,22c75e367c87f8817b05e652d68992989c472982bcc77e0de80e50c7ad70541c,KRK,MRS,1329.5761584710265,large_airport,large_airport,Lufthansa,Business,1,One_way,1.0,585.0,1659.0,12.0,Afternoon,Night,4,5,0,1,0,1,5,0,1
3,2026-05-24,2026-05-27,fcbe5ff294dcc6e919df9ff2e1f6409050ac3a8c762e785b6ee4120999183bf7,KRK,MRS,1329.5761584710265,large_airport,large_airport,British Airways,Business,1,One_way,1.0,770.0,1713.0,21.0,Night,Morning,4,5,0,1,0,1,5,0,1
3,2026-05-24,2026-05-27,39046dd89516e80c7be7b44cc6ef7a8fc0c3edfa9f48adebca1f696a4ff908bf,KRK,MRS,1329.5761584710265,large_airport,large_airport,"Lufthansa, Brussels Airlines",Business,1,One_way,2.0,405.0,1729.0,6.0,Morning,Afternoon,4,5,0,1,0,1,5,0,1
3,2026-05-24,2026-05-27,fbd6e368c61695ea513e9475f8c9609c0d683a742a281893380a769b861daa2b,KRK,MRS,1329.5761584710265,large_airport,large_airport,"Lufthansa, Brussels Airlines",Business,1,One_way,2.0,395.0,1738.0,6.0,Morning,Afternoon,4,5,0,1,0,1,5,0,1
3,2026-05-24,2026-05-27,3d829511bae395476610c09a0228dbfdd77485977dbbc2e8b3e82a95906a24c9,KRK,MRS,1329.5761584710265,large_airport,large_airport,Air France,Business,1,One_way,1.0,515.0,1768.0,14.0,Afternoon,Night,4,5,0,1,0,1,5,0,1
3,2026-05-24,2026-05-27,61b04c8ac3b4a8616f44f4727fd89aa5239878282d40d0c02cf50754b8b97012,KRK,MRS,1329.5761584710265,large_airport,large_airport,"LOT, Brussels Airlines",Business,1,One_way,2.0,475.0,2189.0,15.0,Afternoon,Night,4,5,0,1,0,1,5,0,1
3,2026-05-24,2026-05-27,94d53281d50095daa27ed8b37ad87c57a0a1a711459b00887e68f20478e821e3,KRK,MRS,1329.5761584710265,large_airport,large_airport,"LOT, Brussels Airlines",Business,1,One_way,2.0,425.0,2198.0,5.0,Morning,Afternoon,4,5,0,1,0,1,5,0,1
3,2026-05-24,2026-05-27,6042d3fb114f948d1feaec46d31f4420f91d7dff435b3fea783f63626d80d851,KRK,MRS,1329.5761584710265,large_airport,large_airport,"LOT, Brussels Airlines",Business,1,One_way,2.0,480.0,2198.0,14.0,Afternoon,Night,4,5,0,1,0,1,5,0,1
3,2026-05-24,2026-05-27,91ffad3b7c9532333623b087ae8187cbfaa793ada4662cc6133d45ebf2c90820,KRK,NCE,1190.0981196938565,large_airport,large_airport,Luxair,Business,1,One_way,1.0,310.0,818.0,8.0,Morning,Afternoon,4,5,0,1,0,1,5,0,1
3,2026-05-24,2026-05-27,78c7697c9c02e25c2943a488724f08f06f107f2dfd80062eead132ad0bbd7e34,KRK,NCE,1190.0981196938565,large_airport,large_airport,KLM,Business,1,One_way,1.0,400.0,876.0,11.0,Morning,Evening,4,5,0,1,0,1,5,0,1
3,2026-05-24,2026-05-27,49875e5d1937badfe6acb4349b0c8154e78673b9de675b1ba000245642fce5c3,KRK,NCE,1190.0981196938565,large_airport,large_airport,Air France,Business,1,One_way,1.0,330.0,1252.0,14.0,Afternoon,Evening,4,5,0,1,0,1,5,0,1
3,2026-05-24,2026-05-27,959b1a796e0af7e0c218852746a37db8c1fef3796c2896f2187e48b665e4c5f7,KRK,NCE,1190.0981196938565,large_airport,large_airport,Scandinavian Airlines,Business,1,One_way,1.0,745.0,629.0,20.0,Evening,Morning,4,5,0,1,0,1,5,0,1
3,2026-05-24,2026-05-27,39fa100522c7c8efbada0235b6bd2d782be96102d9718ff75600681f702fa446,KRK,NCE,1190.0981196938565,large_airport,large_airport,Scandinavian Airlines,Business,1,One_way,1.0,890.0,629.0,20.0,Evening,Morning,4,5,0,1,0,1,5,0,1
3,2026-05-24,2026-05-27,92bab05b3820d02ea8682a400a6275f0d2404ac59f533c730783c7031c5afb9b,KRK,NCE,1190.0981196938565,large_airport,large_airport,Luxair,Business,1,One_way,1.0,690.0,818.0,8.0,Morning,Evening,4,5,0,1,0,1,5,0,1
3,2026-05-24,2026-05-27,e6e73d6c6315c9e3d19a2bf6f7925ba6f19ef39683cadc96dcee3479164acf6f,KRK,NCE,1190.0981196938565,large_airport,large_airport,KLM,Business,1,One_way,1.0,635.0,876.0,11.0,Morning,Night,4,5,0,1,0,1,5,0,1
3,2026-05-24,2026-05-27,15fbb2066f2665d1bfc1f4cb281c4e41dab76add8e8e73db30bb3fa24b0c73e1,KRK,NCE,1190.0981196938565,large_airport,large_airport,KLM,Business,1,One_way,1.0,500.0,876.0,14.0,Afternoon,Night,4,5,0,1,0,1,5,0,1
3,2026-05-24,2026-05-27,ace68d68ca9ba14c13f1bcb952b4fca8cda1193be5d70617b9868f7c35782259,KRK,NCE,1190.0981196938565,large_airport,large_airport,"KLM, Air France",Business,1,One_way,2.0,400.0,994.0,11.0,Morning,Evening,4,5,0,1,0,1,5,0,1
3,2026-05-24,2026-05-27,36a3549f9f2c833b884a78baa1a9afb887af283a1fe953aabed60cc494e3cc8d,KRK,NCE,1190.0981196938565,large_airport,large_airport,"KLM, Air France",Business,1,One_way,2.0,475.0,994.0,11.0,Morning,Evening,4,5,0,1,0,1,5,0,1
3,2026-05-24,2026-05-27,c46db18eddfedf4629cb907756a98fb8ef4905a2bed184b4ec0c465f637d4ab4,KRK,NCE,1190.0981196938565,large_airport,large_airport,"KLM, Air France",Business,1,One_way,2.0,580.0,994.0,11.0,Morning,Night,4,5,0,1,0,1,5,0,1
3,2026-05-24,2026-05-27,253d6f88fc7f38e102738fe870ddbda45dc43dc817b07ec8b3803f330c837372,KRK,NCE,1190.0981196938565,large_airport,large_airport,"KLM, Air France",Business,1,One_way,2.0,650.0,994.0,11.0,Morning,Night,4,5,0,1,0,1,5,0,1
3,2026-05-24,2026-05-27,f9b209d64c292ce7115008737701835834d8a8f5d159b2031fe6878ca1b932f7,KRK,NCE,1190.0981196938565,large_airport,large_airport,"KLM, Air France",Business,1,One_way,2.0,445.0,994.0,14.0,Afternoon,Night,4,5,0,1,0,1,5,0,1
3,2026-05-24,2026-05-27,2cdbe15ac39cdca6f8f0aec687c71a61d194d4abe5399883323a007df12af0e2,KRK,NCE,1190.0981196938565,large_airport,large_airport,"KLM, Air France",Business,1,One_way,2.0,515.0,994.0,14.0,Afternoon,Night,4,5,0,1,0,1,5,0,1
3,2026-05-24,2026-05-27,213730ead810218606a88af8794255899514c71e2f8ef1b6b7b06eb6cf26c6b0,KRK,NCE,1190.0981196938565,large_airport,large_airport,KLM,Business,1,One_way,1.0,595.0,1152.0,6.0,Morning,Afternoon,4,5,0,1,0,1,5,0,1
3,2026-05-24,2026-05-27,97ff51923b3363ffbbc87d9cb0f35ba050d467165ebe6a3460c13061885d5ed4,KRK,NCE,1190.0981196938565,large_airport,large_airport,KLM,Business,1,One_way,1.0,720.0,1152.0,6.0,Morning,Evening,4,5,0,1,0,1,5,0,1
3,2026-05-24,2026-05-27,247e78b7bc481a86d4e326aef4e97cda9c17076a43d68414c266076558f17c5f,KRK,NCE,1190.0981196938565,large_airport,large_airport,KLM,Business,1,One_way,1.0,955.0,1152.0,6.0,Morning,Night,4,5,0,1,0,1,5,0,1
3,2026-05-24,2026-05-27,909438ba4b651b160ed3fc25fcbdfbc0f8cbe0779af6543afa329c05385ddb1f,KRK,NCE,1190.0981196938565,large_airport,large_airport,LOT,Business,1,One_way,1.0,785.0,1193.0,5.0,Morning,Evening,4,5,0,1,0,1,5,0,1
3,2026-05-24,2026-05-27,7309f655959712049b19bd4226e582e0e39d747258d42e7e300adea844995a8f,KRK,NCE,1190.0981196938565,large_airport,large_airport,LOT,Business,1,One_way,1.0,595.0,1193.0,8.0,Morning,Evening,4,5,0,1,0,1,5,0,1
3,2026-05-24,2026-05-27,981cb2da12e456c77c5b7f45fc6e19696661d64c59735b7921d0fc6869331ec0,KRK,NCE,1190.0981196938565,large_airport,large_airport,LOT,Business,1,One_way,1.0,390.0,1193.0,12.0,Afternoon,Evening,4,5,0,1,0,1,5,0,1
3,2026-05-24,2026-05-27,e85d164c9e4fbee25f0dea04f6714acc2b0fdc4070ea7670dac3cdf0920ac6ee,KRK,NCE,1190.0981196938565,large_airport,large_airport,LOT,Business,1,One_way,1.0,925.0,1193.0,18.0,Evening,Morning,4,5,0,1,0,1,5,0,1
3,2026-05-24,2026-05-27,dc53d4727d5199e5885954be1cd00af8f57a40e303ef1da49f4fe1d67d46f82b,KRK,NCE,1190.0981196938565,large_airport,large_airport,LOT,Business,1,One_way,1.0,740.0,1193.0,21.0,Night,Morning,4,5,0,1,0,1,5,0,1
3,2026-05-24,2026-05-27,ed1bab94f329746c4ac516d71533f1d79af24306d5257540d8c38cb8555404bb,KRK,NCE,1190.0981196938565,large_airport,large_airport,"SWISS, Austrian",Business,1,One_way,2.0,670.0,1221.0,9.0,Morning,Evening,4,5,0,1,0,1,5,0,1
3,2026-05-24,2026-05-27,3a5eef4048cd354b833eb56efd802109ed53b4c2d4797bd40a3e88ab0506c711,KRK,NCE,1190.0981196938565,large_airport,large_airport,"Lufthansa, Eurowings",Business,1,One_way,2.0,510.0,1234.0,6.0,Morning,Afternoon,4,5,0,1,0,1,5,0,1
3,2026-05-24,2026-05-27,a26476def6530dffb9dc26230e5693d8c865aca380bd2b8096b7b80de01e0dd3,KRK,NCE,1190.0981196938565,large_airport,large_airport,"Lufthansa, Eurowings",Business,1,One_way,2.0,435.0,1244.0,6.0,Morning,Afternoon,4,5,0,1,0,1,5,0,1
3,2026-05-24,2026-05-27,f56175f3b7a599b4b7f25e6fb5d92b5b524ce5f387675153273ba47e5b55f5f7,KRK,NCE,1190.0981196938565,large_airport,large_airport,Air France,Business,1,One_way,1.0,435.0,1252.0,14.0,Afternoon,Night,4,5,0,1,0,1,5,0,1
3,2026-05-24,2026-05-27,f5f2cb39bf4b2da2ebc3b4f7741afff091fe7dbc71ecf8b66b46975a45971dd7,KRK,NCE,1190.0981196938565,large_airport,large_airport,Air France,Business,1,One_way,1.0,505.0,1252.0,14.0,Afternoon,Night,4,5,0,1,0,1,5,0,1
3,2026-05-24,2026-05-27,e9bcfe0a5f7ea485dd490f2cff271c1767f874f6fd9d7a1060f8913381c4560a,KRK,NCE,1190.0981196938565,large_airport,large_airport,"KLM, Air France",Business,1,One_way,2.0,470.0,1283.0,6.0,Morning,Afternoon,4,5,0,1,0,1,5,0,1
3,2026-05-24,2026-05-27,a1f8239f1bade1d1ebf5e1d81d47201066866be72789963826983afe455e7c61,KRK,NCE,1190.0981196938565,large_airport,large_airport,"KLM, Air France",Business,1,One_way,2.0,495.0,1283.0,6.0,Morning,Afternoon,4,5,0,1,0,1,5,0,1
3,2026-05-24,2026-05-27,7f442faeca4e3a0e68259471e0bb0eee9ede01306f8096af2a67bdb55f640f93,KRK,NCE,1190.0981196938565,large_airport,large_airport,Turkish Airlines,Business,1,One_way,1.0,520.0,1393.0,9.0,Morning,Evening,4,5,0,1,0,1,5,0,1
3,2026-05-24,2026-05-27,d77213bcb200855e8705ff29ca55a5c5d40cd7ebd3fa96d2a46ea512121903ec,KRK,NCE,1190.0981196938565,large_airport,large_airport,"Lufthansa, Brussels Airlines",Business,1,One_way,2.0,415.0,1393.0,6.0,Morning,Afternoon,4,5,0,1,0,1,5,0,1
3,2026-05-24,2026-05-27,1fb03c1506977b7c3464e261eecc00a33e06c721eb75309a491573f638f03cbe,KRK,NCE,1190.0981196938565,large_airport,large_airport,"Lufthansa, Brussels Airlines",Business,1,One_way,2.0,580.0,1393.0,6.0,Morning,Afternoon,4,5,0,1,0,1,5,0,1
3,2026-05-24,2026-05-27,25e78f53ed146c6fa4e5edf07746b8fccfeecff00337f3b8a0ddcd161d118c28,KRK,NCE,1190.0981196938565,large_airport,large_airport,"Lufthansa, Brussels Airlines",Business,1,One_way,2.0,365.0,1393.0,9.0,Morning,Afternoon,4,5,0,1,0,1,5,0,1
3,2026-05-24,2026-05-27,431740702b2516d1c4384a2203cadcd1a3288e393180292cb260a5c2a31342d3,KRK,NCE,1190.0981196938565,large_airport,large_airport,"Austrian, Lufthansa",Business,1,One_way,2.0,495.0,1435.0,14.0,Afternoon,Night,4,5,0,1,0,1,5,0,1
3,2026-05-24,2026-05-27,f5232b56cce397c37694d539fd83094a5bb834805543634e5d399ccdb9cb897c,KRK,NCE,1190.0981196938565,large_airport,large_airport,"Lufthansa, ITA",Business,1,One_way,2.0,510.0,1645.0,6.0,Morning,Afternoon,4,5,0,1,0,1,5,0,1
3,2026-05-24,2026-05-27,a28e5028b0c2f3a96b6b780a9b4fe8b0977f19fa696a5939340c66213bfa111c,KRK,NCE,1190.0981196938565,large_airport,large_airport,"Brussels Airlines, Lufthansa",Business,1,One_way,2.0,485.0,1685.0,15.0,Afternoon,Night,4,5,0,1,0,1,5,0,1
3,2026-05-24,2026-05-27,edc1bf95593a65669edc84bb1790d5622e4450ab3979ce6135f34fad588f092e,KRK,NCE,1190.0981196938565,large_airport,large_airport,Austrian,Business,1,One_way,1.0,350.0,1768.0,14.0,Afternoon,Evening,4,5,0,1,0,1,5,0,1
3,2026-05-24,2026-05-27,68a220eeaae4c179cc3de4b013be636a9378458e398e73927b04c012a489aa3c,KRK,NCE,1190.0981196938565,large_airport,large_airport,SWISS,Business,1,One_way,1.0,255.0,1771.0,9.0,Morning,Afternoon,4,5,0,1,0,1,5,0,1
3,2026-05-24,2026-05-27,239f0e750d25e36e3542923e32932e462a3a26d2733974aee8e81d1a0600183c,KRK,NCE,1190.0981196938565,large_airport,large_airport,SWISS,Business,1,One_way,1.0,530.0,1771.0,9.0,Morning,Evening,4,5,0,1,0,1,5,0,1
3,2026-05-24,2026-05-27,5b24eacf739d0c18b46f3033d229496b00947afbc458e8de87688e461156a387,KRK,NCE,1190.0981196938565,large_airport,large_airport,Lufthansa,Business,1,One_way,1.0,395.0,1772.0,6.0,Morning,Afternoon,4,5,0,1,0,1,5,0,1
3,2026-05-24,2026-05-27,479607278dc75c7b34b206d61c4fbbaa7c3e0ed07f145316626dff7519e4949f,KRK,NCE,1190.0981196938565,large_airport,large_airport,Lufthansa,Business,1,One_way,1.0,225.0,1772.0,13.0,Afternoon,Evening,4,5,0,1,0,1,5,0,1
3,2026-05-24,2026-05-27,37fb33b4e59fde6a9047f8bfe4db326581a8d2f2153a9f68426f22c9ba346465,KRK,NCE,1190.0981196938565,large_airport,large_airport,"Air Dolomiti, Lufthansa",Business,1,One_way,1.0,405.0,1772.0,16.0,Afternoon,Night,4,5,0,1,0,1,5,0,1
3,2026-05-24,2026-05-27,0e7b53ecccd1784e86cf73cf4effa146daa4c025dbbcd4e2d409874709ce51fc,KRK,NCE,1190.0981196938565,large_airport,large_airport,Lufthansa,Business,1,One_way,1.0,315.0,1781.0,12.0,Afternoon,Evening,4,5,0,1,0,1,5,0,1
3,2026-05-24,2026-05-27,99a9fd9f58aef7033d1d3ba646b8787c4938668eede87ec54f69b3fd3fd9c5a5,KRK,NCE,1190.0981196938565,large_airport,large_airport,Lufthansa,Business,1,One_way,2.0,810.0,1860.0,9.0,Morning,Night,4,5,0,1,0,1,5,0,1
3,2026-05-24,2026-05-27,13ecbe405d7d7c408875cbe791522ebe5b24ead98718ae7cdf57e5325da88bda,KRK,NCE,1190.0981196938565,large_airport,large_airport,Lufthansa,Business,1,One_way,2.0,640.0,1860.0,12.0,Afternoon,Night,4,5,0,1,0,1,5,0,1
3,2026-05-24,2026-05-27,0f1bf9b30599b3874cb44619f52f3cb1b8a1c286117e9c4e642beeab5d0b9966,KRK,NCE,1190.0981196938565,large_airport,large_airport,"Air Dolomiti, Lufthansa",Business,1,One_way,2.0,380.0,1860.0,16.0,Afternoon,Night,4,5,0,1,0,1,5,0,1
3,2026-05-24,2026-05-27,543e7ffee3e3976ad559599fffba33ad8bd4775b34ce5a8bd4ce425b217d52ca,KRK,NCE,1190.0981196938565,large_airport,large_airport,British Airways,Business,1,One_way,1.0,815.0,1992.0,21.0,Night,Morning,4,5,0,1,0,1,5,0,1
3,2026-05-24,2026-05-27,a3f464a4245cbf267af5481c334cae4731fef2370d40b5db65eb6c8e449f1d2f,KRK,NCE,1190.0981196938565,large_airport,large_airport,British Airways,Business,1,One_way,1.0,720.0,2374.0,21.0,Night,Morning,4,5,0,1,0,1,5,0,1
3,2026-05-24,2026-05-27,ac762d019bc90fe240ee82bf8c67a2513641b653c578181a136cc64b7ffbae7e,KRK,NCE,1190.0981196938565,large_airport,large_airport,KLM,Business,1,One_way,1.0,300.0,3063.0,6.0,Morning,Morning,4,5,0,1,0,1,5,0,1
3,2026-05-24,2026-05-27,87413c6744d0b510df032f6e731b7039188a4625605850de01da36672b86bb94,WAW,CDG,1342.3755951921296,large_airport,large_airport,Scandinavian Airlines,Premium economy,1,One_way,1.0,880.0,608.0,19.0,Evening,Morning,4,5,0,1,0,1,5,0,1
3,2026-05-24,2026-05-27,66048c1b81cb1754d16779d83ca6d6f34138c718d454a3cf65f6cd9e70819b87,WAW,CDG,1342.3755951921296,large_airport,large_airport,"LOT, Scandinavian Airlines",Premium economy,1,One_way,2.0,540.0,3388.0,10.0,Morning,Evening,4,5,0,1,0,1,5,0,1
3,2026-05-24,2026-05-27,7ea6851075f40c42ec44a2120bdf09250f8132806de14b1500170334a6434377,WAW,CDG,1342.3755951921296,large_airport,large_airport,"LOT, Scandinavian Airlines",Premium economy,1,One_way,2.0,370.0,3388.0,13.0,Afternoon,Evening,4,5,0,1,0,1,5,0,1
3,2026-05-24,2026-05-27,04b3fc9d2006c7149cb3fea3c3efa76c92210c7a04bdc5aacd939d50947b6e6e,WAW,CDG,1342.3755951921296,large_airport,large_airport,"Scandinavian Airlines, Lufthansa",Premium economy,1,One_way,2.0,460.0,3548.0,10.0,Morning,Evening,4,5,0,1,0,1,5,0,1
3,2026-05-24,2026-05-27,5da1f2715b00bc586e962ced30767efcc60adfda56ebbfe1da4599caa4ec44d7,WAW,CDG,1342.3755951921296,large_airport,large_airport,"Scandinavian Airlines, Lufthansa",Premium economy,1,One_way,2.0,515.0,3548.0,10.0,Morning,Evening,4,5,0,1,0,1,5,0,1
3,2026-05-24,2026-05-27,ac827cc9d6ab559a224a21a09838d878c88e05a2441c7d265d85ba1fbc427df7,WAW,CDG,1342.3755951921296,large_airport,large_airport,"Scandinavian Airlines, Lufthansa",Premium economy,1,One_way,2.0,450.0,3548.0,15.0,Afternoon,Night,4,5,0,1,0,1,5,0,1
3,2026-05-24,2026-05-27,1fb344ed2291b355a169c0c2992d65367891c293ee3ab880fe8b7d89b1df1e55,WAW,CDG,1342.3755951921296,large_airport,large_airport,"Scandinavian Airlines, Air France",Premium economy,1,One_way,2.0,580.0,6203.0,10.0,Morning,Evening,4,5,0,1,0,1,5,0,1
3,2026-05-24,2026-05-27,e5a178957f3ed83bc472a720580c02e854ef6b5305072e8e6d1d66017f49a430,WAW,ORY,1366.4198179189048,large_airport,large_airport,"British Airways, Vueling",Business,1,One_way,1.0,560.0,653.0,8.0,Morning,Evening,4,5,0,1,0,1,5,0,1
3,2026-05-24,2026-05-27,46bf9999e7fd3da55a130e7e7163d7b19e412cb4e49d97ee59cb57e23e72b0b4,WAW,ORY,1366.4198179189048,large_airport,large_airport,"LOT, Tap Air Portugal",Business,1,One_way,1.0,520.0,1294.0,10.0,Morning,Evening,4,5,0,1,0,1,5,0,1
3,2026-05-24,2026-05-27,44898828bd2c64e536c7bcd05cb99c1dbda3c10009289607c17437f9f09caa40,WAW,ORY,1366.4198179189048,large_airport,large_airport,LOT,Business,1,One_way,1.0,255.0,1387.0,15.0,Afternoon,Evening,4,5,0,1,0,1,5,0,1
3,2026-05-24,2026-05-27,5b235054ac18c0e897f8328cce04e32fd05a853f5aa432663eab1372e55821b6,WAW,ORY,1366.4198179189048,large_airport,large_airport,"British Airways, Vueling",Business,1,One_way,1.0,1405.0,849.0,18.0,Evening,Evening,4,5,0,1,0,1,5,0,1
3,2026-05-24,2026-05-27,3482d8c1fc7d3cdf0bd44a9e1b3c70a3462d432dde57482ac3daff34b8eb36db,WAW,ORY,1366.4198179189048,large_airport,large_airport,"LOT, Tap Air Portugal",Business,1,One_way,1.0,770.0,1060.0,10.0,Morning,Night,4,5,0,1,0,1,5,0,1
3,2026-05-24,2026-05-27,6f9586d9b6deb301b25e4006278091d330044870fb6546b044adf7b876d5816d,WAW,ORY,1366.4198179189048,large_airport,large_airport,LOT,Business,1,One_way,1.0,1425.0,1145.0,19.0,Evening,Evening,4,5,0,1,0,1,5,0,1
3,2026-05-24,2026-05-27,9200210a8f066f3515ae49808034a629d6daadd39f16642ed08c37cc19d091ea,WAW,ORY,1366.4198179189048,large_airport,large_airport,"LOT, Tap Air Portugal",Business,1,One_way,1.0,605.0,1189.0,10.0,Morning,Evening,4,5,0,1,0,1,5,0,1
3,2026-05-24,2026-05-27,18d8cf9e5370452f3fa1c2f13c8c79c13dd1ceba69e332df98e7cd571d98e39d,WAW,ORY,1366.4198179189048,large_airport,large_airport,"LOT, ITA",Business,1,One_way,2.0,670.0,1256.0,7.0,Morning,Evening,4,5,0,1,0,1,5,0,1
3,2026-05-24,2026-05-27,80fcf2c251e44ca2e0d6721b9780dd3c2bd30add16f315af19bb03d163106758,WAW,ORY,1366.4198179189048,large_airport,large_airport,"LOT, Tap Air Portugal",Business,1,One_way,1.0,685.0,1294.0,10.0,Morning,Night,4,5,0,1,0,1,5,0,1
3,2026-05-24,2026-05-27,8dca480343c529fdb24d71cf2433272717d1b6e6798795045473de67a660720e,WAW,ORY,1366.4198179189048,large_airport,large_airport,"LOT, Tap Air Portugal",Business,1,One_way,2.0,920.0,1313.0,7.0,Morning,Night,4,5,0,1,0,1,5,0,1
3,2026-05-24,2026-05-27,ca4b720c2d6d780f41d5cf7946cb0fc8c57b1b37ba59cfb06a10e154c05f66de,WAW,ORY,1366.4198179189048,large_airport,large_airport,"LOT, Tap Air Portugal",Business,1,One_way,2.0,900.0,1315.0,8.0,Morning,Night,4,5,0,1,0,1,5,0,1
3,2026-05-24,2026-05-27,244cfb33eeb5d0226bb4deecf76b41fe011d0b6c737bf4152752b0a3bf8a156e,WAW,ORY,1366.4198179189048,large_airport,large_airport,LOT,Business,1,One_way,1.0,545.0,1387.0,10.0,Morning,Evening,4,5,0,1,0,1,5,0,1
3,2026-05-24,2026-05-27,bfca309ac45054d5bd498a57999e1d9c4eafa58ae89afb9a57f8f2f2063d2081,WAW,ORY,1366.4198179189048,large_airport,large_airport,LOT,Business,1,One_way,1.0,380.0,1387.0,13.0,Afternoon,Evening,4,5,0,1,0,1,5,0,1
3,2026-05-24,2026-05-27,b2e4d772e3afc36831432233ba4c75b1f330c5685d49d3c5f195cc32a1524f22,WAW,ORY,1366.4198179189048,large_airport,large_airport,"LOT, Tap Air Portugal",Business,1,One_way,2.0,755.0,1442.0,7.0,Morning,Evening,4,5,0,1,0,1,5,0,1
3,2026-05-24,2026-05-27,c5c9e029d1ffebff1845a784b9ef926e2b3b7e98dce7933af226d2827974ebe5,WAW,ORY,1366.4198179189048,large_airport,large_airport,"LOT, Tap Air Portugal",Business,1,One_way,2.0,835.0,1547.0,7.0,Morning,Night,4,5,0,1,0,1,5,0,1
3,2026-05-24,2026-05-27,b57dbe559caaa61021b1c8196c6903c45c97694d5343d6b9204fc45caf11850e,WAW,ORY,1366.4198179189048,large_airport,large_airport,"LOT, Tap Air Portugal",Business,1,One_way,2.0,815.0,1549.0,8.0,Morning,Night,4,5,0,1,0,1,5,0,1
3,2026-05-24,2026-05-27,78644c01ece419b4966ff079d1bff6e69dc5837f4127cbe9657f61e5cbabfb97,WAW,ORY,1366.4198179189048,large_airport,large_airport,"Brussels Airlines, ITA",Business,1,One_way,2.0,895.0,1750.0,6.0,Morning,Night,4,5,0,1,0,1,5,0,1
3,2026-05-24,2026-05-27,0e3ea967d46ddad657dde79214dba924e491ebe271fdf0e864b3f160c0e669b8,WAW,ORY,1366.4198179189048,large_airport,large_airport,"Lufthansa, ITA",Business,1,One_way,2.0,725.0,1753.0,9.0,Morning,Night,4,5,0,1,0,1,5,0,1
3,2026-05-24,2026-05-27,e4135f30e5a2816d4bb735841da0df974994614bd965fac5180e915081b85288,WAW,ORY,1366.4198179189048,large_airport,large_airport,"Lufthansa, ITA",Business,1,One_way,2.0,450.0,1753.0,14.0,Afternoon,Night,4,5,0,1,0,1,5,0,1
3,2026-05-24,2026-05-27,bde1356573c30630e3a0a3f97b25922a6f153faa8560917610c2a1b0675cbcc3,WAW,ORY,1366.4198179189048,large_airport,large_airport,"British Airways, Iberia",Business,1,One_way,2.0,595.0,1819.0,8.0,Morning,Evening,4,5,0,1,0,1,5,0,1
3,2026-05-24,2026-05-27,ff565558bcf9d81c2acb386be465f5034d6e7481278bd3038c71c32a69d1df06,WAW,ORY,1366.4198179189048,large_airport,large_airport,"British Airways, Iberia",Business,1,One_way,2.0,710.0,1819.0,8.0,Morning,Evening,4,5,0,1,0,1,5,0,1
3,2026-05-24,2026-05-27,495f59763fbfa4e2b8b9216c2a8270167f5c8dfeed4f48034525f95e9a7b8a5c,WAW,ORY,1366.4198179189048,large_airport,large_airport,"Brussels Airlines, ITA",Business,1,One_way,2.0,700.0,1967.0,6.0,Morning,Evening,4,5,0,1,0,1,5,0,1
3,2026-05-24,2026-05-27,70801ae5afa373474db748257b986ca237074d4a5130fc3aba8014ac67e276ee,WAW,ORY,1366.4198179189048,large_airport,large_airport,"LOT, Lufthansa, ITA",Business,1,One_way,2.0,650.0,1969.0,7.0,Morning,Evening,4,5,0,1,0,1,5,0,1
3,2026-05-24,2026-05-27,422277e01e1ed7a11a522dcb4908224975e999133d8fa6793caea3598eb498ff,WAW,ORY,1366.4198179189048,large_airport,large_airport,"Lufthansa, ITA",Business,1,One_way,2.0,530.0,2821.0,9.0,Morning,Evening,4,5,0,1,0,1,5,0,1
3,2026-05-24,2026-05-27,62b8c16dca7b2de88da4209e5741090015889c48fb5c41d0ba50b7af0f926c4f,WAW,ORY,1366.4198179189048,large_airport,large_airport,Wizz Air,Economy,1,One_way,0.0,155.0,313.0,10.0,Morning,Afternoon,4,5,0,1,0,1,5,0,1
3,2026-05-24,2026-05-27,f99030650e05263e02c8fdef4610580598d15de767d9970eeb594a81e29c3089,WAW,ORY,1366.4198179189048,large_airport,large_airport,"British Airways, Vueling",Economy,1,One_way,1.0,560.0,517.0,8.0,Morning,Evening,4,5,0,1,0,1,5,0,1
3,2026-05-24,2026-05-27,0863e6e780cf8740b7e52758347a4fdee84f798b6ff7ce891a8d3f6695cfa497,WAW,ORY,1366.4198179189048,large_airport,large_airport,LOT,Economy,1,One_way,1.0,255.0,750.0,15.0,Afternoon,Evening,4,5,0,1,0,1,5,0,1
3,2026-05-24,2026-05-27,84c85deb7cbdc825403a79c3eaa97d097f14f977c95845111d60e01fba0cdc7c,WAW,ORY,1366.4198179189048,large_airport,large_airport,LOT,Economy,1,One_way,1.0,1610.0,585.0,16.0,Afternoon,Evening,4,5,0,1,0,1,5,0,1
3,2026-05-24,2026-05-27,61c0f9b14923e9dd5fd90708882f9a3d9e211ce1f9bd0174ff15e35fb63028dd,WAW,ORY,1366.4198179189048,large_airport,large_airport,LOT,Economy,1,One_way,1.0,545.0,612.0,10.0,Morning,Evening,4,5,0,1,0,1,5,0,1
3,2026-05-24,2026-05-27,63b6d62397f2f15e169b7cdad49def5767992c23367e9a6e135a1a963a31c17e,WAW,ORY,1366.4198179189048,large_airport,large_airport,LOT,Economy,1,One_way,1.0,380.0,680.0,13.0,Afternoon,Evening,4,5,0,1,0,1,5,0,1
3,2026-05-24,2026-05-27,6df220828237a72b7f99a251c05fbc4139d48c8c79f9b7c5d15eeaed0a6f81b9,WAW,ORY,1366.4198179189048,large_airport,large_airport,"British Airways, Vueling",Economy,1,One_way,1.0,1405.0,691.0,18.0,Evening,Evening,4,5,0,1,0,1,5,0,1
3,2026-05-24,2026-05-27,ec45d114b000e464d6871b7580d42bf4812bb1751ad5aa388011a429472ac63e,WAW,ORY,1366.4198179189048,large_airport,large_airport,LOT,Economy,1,One_way,1.0,1425.0,723.0,19.0,Evening,Evening,4,5,0,1,0,1,5,0,1
3,2026-05-24,2026-05-27,a58a23144e44a085dcd5ff33ea57b31baa204e1cbc6217c48e2d7cd08158bd4c,WAW,ORY,1366.4198179189048,large_airport,large_airport,Tap Air Portugal,Economy,1,One_way,1.0,945.0,736.0,17.0,Evening,Morning,4,5,0,1,0,1,5,0,1
3,2026-05-24,2026-05-27,7ac49934a2b1a949bf6c4a7ad406e5fad78ef18ce7dbbdece50b9ae7f03804b0,WAW,ORY,1366.4198179189048,large_airport,large_airport,Tap Air Portugal,Economy,1,One_way,2.0,935.0,775.0,17.0,Evening,Morning,4,5,0,1,0,1,5,0,1
3,2026-05-24,2026-05-27,af7fe238d4db8eb63b42ce7d120aebf0d1284ca1e88b807e6a1e386a0596fa88,WAW,ORY,1366.4198179189048,large_airport,large_airport,"LOT, Tap Air Portugal",Economy,1,One_way,1.0,770.0,873.0,10.0,Morning,Night,4,5,0,1,0,1,5,0,1
3,2026-05-24,2026-05-27,509850bb988c15f61c92b109c65f8923dbe5eb5dbd46823eae76af98ae2b189c,WAW,ORY,1366.4198179189048,large_airport,large_airport,"LOT, Tap Air Portugal",Economy,1,One_way,1.0,520.0,892.0,10.0,Morning,Evening,4,5,0,1,0,1,5,0,1
3,2026-05-24,2026-05-27,411e7294bf50a16fe4d1af6e56d3ce2c14ea29af2f35be20cea356426dac6b11,WAW,ORY,1366.4198179189048,large_airport,large_airport,"LOT, Tap Air Portugal",Economy,1,One_way,1.0,685.0,892.0,10.0,Morning,Night,4,5,0,1,0,1,5,0,1
3,2026-05-24,2026-05-27,165428244c2cc069a071ed6549234adee437578cdbf1e78e4e84201caaf8fc75,WAW,ORY,1366.4198179189048,large_airport,large_airport,Tap Air Portugal,Economy,1,One_way,1.0,1045.0,894.0,17.0,Evening,Morning,4,5,0,1,0,1,5,0,1
3,2026-05-24,2026-05-27,3f34cb3c7fc312b260d798d5b261a23d25f0dfd9d3d083bc5d34812c5755f96b,WAW,ORY,1366.4198179189048,large_airport,large_airport,Tap Air Portugal,Economy,1,One_way,1.0,1205.0,894.0,17.0,Evening,Afternoon,4,5,0,1,0,1,5,0,1
3,2026-05-24,2026-05-27,60d9c060a72710f6d709bb6bf504176ae9412edc708e9bb043cc9abfd11db22f,WAW,ORY,1366.4198179189048,large_airport,large_airport,"LOT, Tap Air Portugal",Economy,1,One_way,2.0,835.0,899.0,7.0,Morning,Night,4,5,0,1,0,1,5,0,1
3,2026-05-24,2026-05-27,e2284e57011f8517943a38b1e9e6f2a978b037f07e1c32a096447f0ce2f266d0,WAW,ORY,1366.4198179189048,large_airport,large_airport,"LOT, Tap Air Portugal",Economy,1,One_way,2.0,815.0,994.0,8.0,Morning,Night,4,5,0,1,0,1,5,0,1
3,2026-05-24,2026-05-27,66629b6ce510dab02bf9d3a1fba2e8d48fcbb46fd68f4ac0daf300f68aaa5aff,WAW,ORY,1366.4198179189048,large_airport,large_airport,"LOT, Tap Air Portugal",Economy,1,One_way,2.0,735.0,997.0,9.0,Morning,Night,4,5,0,1,0,1,5,0,1
3,2026-05-24,2026-05-27,6e1c7f622b338df8fff7ed3c6c292813c971e30151403f960c6e26cc47622fc6,WAW,ORY,1366.4198179189048,large_airport,large_airport,"LOT, Tap Air Portugal",Economy,1,One_way,1.0,605.0,1002.0,10.0,Morning,Evening,4,5,0,1,0,1,5,0,1
3,2026-05-24,2026-05-27,ab4df3adbb139e95f142e1142eab85827a7a6495f6d608d717078dbc09476fc4,WAW,ORY,1366.4198179189048,large_airport,large_airport,"British Airways, Iberia",Economy,1,One_way,2.0,595.0,1186.0,8.0,Morning,Evening,4,5,0,1,0,1,5,0,1
3,2026-05-24,2026-05-27,ece634f4883a7662dd381ee193c7161e9d2cd1007bc9b96572b7759e18421f1f,WAW,ORY,1366.4198179189048,large_airport,large_airport,"Lufthansa, ITA",Economy,1,One_way,2.0,450.0,1307.0,14.0,Afternoon,Night,4,5,0,1,0,1,5,0,1
3,2026-05-24,2026-05-27,fb8102c43929473e56f3f2bea1e3f4c4f58fc1396a885a8715aa5d81de889f8e,WAW,CDG,1342.3755951921296,large_airport,large_airport,Air France,Business,1,One_way,0.0,145.0,1317.0,12.0,Afternoon,Afternoon,4,5,0,1,0,1,5,0,1
3,2026-05-24,2026-05-27,e07c51bed0ded4266914764554419a12ec1bfadaa2b1db2a1e249edf224ab3f1,WAW,CDG,1342.3755951921296,large_airport,large_airport,Air France,Business,1,One_way,0.0,150.0,1317.0,16.0,Afternoon,Evening,4,5,0,1,0,1,5,0,1
3,2026-05-24,2026-05-27,3307080e02bc66ccaac4533d58e7051316b0104b6d042c48f24d9540fafe3598,WAW,CDG,1342.3755951921296,large_airport,large_airport,Air France,Business,1,One_way,0.0,145.0,1317.0,19.0,Evening,Night,4,5,0,1,0,1,5,0,1
3,2026-05-24,2026-05-27,90c46450ed245076b0be1d61a06c9317a8ce16e2c8c444ccffb9d801029d3d6e,WAW,CDG,1342.3755951921296,large_airport,large_airport,LOT,Business,1,One_way,0.0,145.0,1318.0,16.0,Afternoon,Evening,4,5,0,1,0,1,5,0,1
3,2026-05-24,2026-05-27,caff55179f3594f63cc113395595521a37ec226d39a147aac2eae8f454c3ad7c,WAW,CDG,1342.3755951921296,large_airport,large_airport,LOT,Business,1,One_way,0.0,150.0,1318.0,20.0,Evening,Night,4,5,0,1,0,1,5,0,1
3,2026-05-24,2026-05-27,0b6dd0f8d674e85f4d64ff20621b7975962bba76a6de68fd3862577825a19f12,WAW,CDG,1342.3755951921296,large_airport,large_airport,Scandinavian Airlines,Business,1,One_way,1.0,550.0,634.0,10.0,Morning,Evening,4,5,0,1,0,1,5,0,1
3,2026-05-24,2026-05-27,c27759d1723c602cb9868afce40013501f892436f9a1305b504f725b72e54fdc,WAW,CDG,1342.3755951921296,large_airport,large_airport,Scandinavian Airlines,Business,1,One_way,1.0,260.0,634.0,15.0,Afternoon,Evening,4,5,0,1,0,1,5,0,1
3,2026-05-24,2026-05-27,16aea2d0ba7c2c4f6b5954678a07a3c3f1e7cd1909f8f7d72fed966733730516,WAW,CDG,1342.3755951921296,large_airport,large_airport,Scandinavian Airlines,Business,1,One_way,1.0,880.0,637.0,19.0,Evening,Morning,4,5,0,1,0,1,5,0,1
3,2026-05-24,2026-05-27,a49d0c64a035fbd969fb6b673f5ac394362c205f8bf9fc96206ce4c23a68939f,WAW,CDG,1342.3755951921296,large_airport,large_airport,KLM,Business,1,One_way,1.0,460.0,836.0,6.0,Morning,Afternoon,4,5,0,1,0,1,5,0,1
3,2026-05-24,2026-05-27,cb92d19d26988ee26907bed57f0237c4a42c33b20e03fafc6588550db21f9970,WAW,CDG,1342.3755951921296,large_airport,large_airport,"KLM, Air France",Business,1,One_way,1.0,575.0,836.0,6.0,Morning,Afternoon,4,5,0,1,0,1,5,0,1
3,2026-05-24,2026-05-27,b836f1437ecb500138925f0ea552cdb9bedf783ee9dbdbe1fd703d5d78da5f2c,WAW,CDG,1342.3755951921296,large_airport,large_airport,"KLM, Air France",Business,1,One_way,1.0,600.0,836.0,6.0,Morning,Afternoon,4,5,0,1,0,1,5,0,1
3,2026-05-24,2026-05-27,44e26bf786dcf2f68ccef5210aa67ef5c378d2333c318b5b40db027d79bf1099,WAW,CDG,1342.3755951921296,large_airport,large_airport,British Airways,Business,1,One_way,1.0,320.0,850.0,8.0,Morning,Afternoon,4,5,0,1,0,1,5,0,1
3,2026-05-24,2026-05-27,65e6e0e83d8e3e4f6acc543a89abc90b1e4dddf22cd11b96433b768cc3bad86f,WAW,CDG,1342.3755951921296,large_airport,large_airport,British Airways,Business,1,One_way,1.0,680.0,850.0,8.0,Morning,Evening,4,5,0,1,0,1,5,0,1
3,2026-05-24,2026-05-27,68513a001bd9ca38e335971cd7be68aceed9967f8a6d6dee5c778434feef57dd,WAW,CDG,1342.3755951921296,large_airport,large_airport,British Airways,Business,1,One_way,1.0,775.0,850.0,8.0,Morning,Night,4,5,0,1,0,1,5,0,1
3,2026-05-24,2026-05-27,0d80d2f784ef3bad7a78d9e054e8fcc5a9ceb69216fcdb6b4db83e6d1a8cb158,WAW,CDG,1342.3755951921296,large_airport,large_airport,British Airways,Business,1,One_way,1.0,890.0,850.0,8.0,Morning,Night,4,5,0,1,0,1,5,0,1
3,2026-05-24,2026-05-27,074aa4c37e6985324c9997163ea6112f99dfbb3fa40a63dbf8bdc9cad06ad1ae,WAW,CDG,1342.3755951921296,large_airport,large_airport,British Airways,Business,1,One_way,1.0,295.0,850.0,18.0,Evening,Night,4,5,0,1,0,1,5,0,1
3,2026-05-24,2026-05-27,7cacc993b93f984d6cecf32a3d3fbae0160de3b6f21b8cc76e8a39c5069f540e,WAW,CDG,1342.3755951921296,large_airport,large_airport,"Lufthansa, Austrian",Business,1,One_way,2.0,520.0,983.0,6.0,Morning,Afternoon,4,5,0,1,0,1,5,0,1
3,2026-05-24,2026-05-27,d6a4d12fe2b9d95db410c00ee4c65ad26f5bc29459d25de572da37a35ba59675,WAW,CDG,1342.3755951921296,large_airport,large_airport,"Lufthansa, Austrian",Business,1,One_way,2.0,490.0,983.0,14.0,Afternoon,Night,4,5,0,1,0,1,5,0,1
3,2026-05-24,2026-05-27,3f897bbaf71975530af2bdac34c3fd3e3670be6e746c4a41c16eb1d67ea39f5b,WAW,CDG,1342.3755951921296,large_airport,large_airport,Aegean,Business,1,One_way,1.0,1125.0,993.0,18.0,Evening,Afternoon,4,5,0,1,0,1,5,0,1
3,2026-05-24,2026-05-27,ea85b3619caedc8eb31ee0f747d56d50a89f1ecfbd34a088a1f5c3d813087c72,WAW,CDG,1342.3755951921296,large_airport,large_airport,Air Baltic,Business,1,One_way,1.0,890.0,1032.0,18.0,Evening,Morning,4,5,0,1,0,1,5,0,1
3,2026-05-24,2026-05-27,46b94169fdfc7864e84db70d865196708c6d64344e3a014f63cc9ee1bf3baf52,WAW,CDG,1342.3755951921296,large_airport,large_airport,"KLM, Air France",Business,1,One_way,1.0,295.0,1074.0,6.0,Morning,Morning,4,5,0,1,0,1,5,0,1
3,2026-05-24,2026-05-27,65d19f950f0b472caa8c9f91ef58127b97995a24b318fdc1a88dea72ded1c2fa,WAW,CDG,1342.3755951921296,large_airport,large_airport,"KLM, Air France",Business,1,One_way,1.0,360.0,1074.0,6.0,Morning,Afternoon,4,5,0,1,0,1,5,0,1
3,2026-05-24,2026-05-27,fcf1f4008ee1e6f11bab0cea1d462f81baf32df7bd0af8ae4cd3e75130ab0515,WAW,CDG,1342.3755951921296,large_airport,large_airport,KLM,Business,1,One_way,1.0,705.0,1074.0,6.0,Morning,Evening,4,5,0,1,0,1,5,0,1
3,2026-05-24,2026-05-27,350e104c7677d6ff173289aebc9686f5dc00dbea6a9ef328163ac42dcc3b56d9,WAW,CDG,1342.3755951921296,large_airport,large_airport,KLM,Business,1,One_way,1.0,785.0,1074.0,6.0,Morning,Evening,4,5,0,1,0,1,5,0,1
3,2026-05-24,2026-05-27,71868192147f77f296cd1af685e31c9a257f26243c0db3efad2e43a9196fe01e,WAW,CDG,1342.3755951921296,large_airport,large_airport,"KLM, Air France",Business,1,One_way,1.0,845.0,1074.0,6.0,Morning,Evening,4,5,0,1,0,1,5,0,1
3,2026-05-24,2026-05-27,2dbaf7c9fc84df5bfc3bcbd8037923ed964f5e226a71cab93c31349b38c6ceb6,WAW,CDG,1342.3755951921296,large_airport,large_airport,KLM,Business,1,One_way,1.0,320.0,1074.0,12.0,Afternoon,Evening,4,5,0,1,0,1,5,0,1
3,2026-05-24,2026-05-27,3f960a5f3d04e5cae5896b8627b3d4050a75a868784311094815661869de5d7b,WAW,CDG,1342.3755951921296,large_airport,large_airport,KLM,Business,1,One_way,1.0,400.0,1074.0,12.0,Afternoon,Evening,4,5,0,1,0,1,5,0,1
3,2026-05-24,2026-05-27,307f74fdacb5e41cd2d87c4b7253d0ca38cc1d4ecc081a6caaa7bce09bf6ed27,WAW,CDG,1342.3755951921296,large_airport,large_airport,"KLM, Air France",Business,1,One_way,1.0,460.0,1074.0,12.0,Afternoon,Evening,4,5,0,1,0,1,5,0,1
3,2026-05-24,2026-05-27,9f654a585085aa8685cd2de61888b93e46552cf1fc69538c0d8c9adcb508cd9f,WAW,CDG,1342.3755951921296,large_airport,large_airport,"KLM, Air France",Business,1,One_way,1.0,565.0,1074.0,12.0,Afternoon,Night,4,5,0,1,0,1,5,0,1
3,2026-05-24,2026-05-27,4ddd9f6aa6cbba5caad2b0eb4cf41e680fb50dfad4dcdda965a9abdd55a64b67,WAW,CDG,1342.3755951921296,large_airport,large_airport,"KLM, Air France",Business,1,One_way,1.0,280.0,1074.0,17.0,Evening,Night,4,5,0,1,0,1,5,0,1
3,2026-05-24,2026-05-27,119565e989259b33ffaf25592d1c8051f310dd51192a110f73a4722c98a6e39d,WAW,CDG,1342.3755951921296,large_airport,large_airport,Aegean,Business,1,One_way,1.0,1560.0,1077.0,18.0,Evening,Evening,4,5,0,1,0,1,5,0,1
3,2026-05-24,2026-05-27,02f5a4ebc3a21f17d9262f9aec3bd0184a4864cb276a9c5bcf2e64e98a320e91,WAW,CDG,1342.3755951921296,large_airport,large_airport,Turkish Airlines,Business,1,One_way,1.0,480.0,1086.0,10.0,Morning,Evening,4,5,0,1,0,1,5,0,1
3,2026-05-24,2026-05-27,7284eb78b8d90d0893ce16feb66f4ac50669e7165e270cc4bd72b7a435181274,WAW,CDG,1342.3755951921296,large_airport,large_airport,Turkish Airlines,Business,1,One_way,1.0,745.0,1086.0,10.0,Morning,Night,4,5,0,1,0,1,5,0,1
3,2026-05-24,2026-05-27,75e8aacda43c5f69b959ad438dff0bf690e0aaf40d06c3d2d8c1b563cf38e26c,WAW,CDG,1342.3755951921296,large_airport,large_airport,Turkish Airlines,Business,1,One_way,1.0,880.0,1086.0,19.0,Evening,Morning,4,5,0,1,0,1,5,0,1
3,2026-05-24,2026-05-27,017b2b30ca1186cc360abd866bea03a9792dd84ab7a31ad50324e3c4affb6b74,WAW,CDG,1342.3755951921296,large_airport,large_airport,Turkish Airlines,Business,1,One_way,1.0,930.0,1086.0,19.0,Evening,Morning,4,5,0,1,0,1,5,0,1
3,2026-05-24,2026-05-27,86406040a0f2fcc5ebe06988c5f2511bfc0043df744b2c2d4fbc30d09940c2c4,WAW,CDG,1342.3755951921296,large_airport,large_airport,Turkish Airlines,Business,1,One_way,1.0,1050.0,1086.0,19.0,Evening,Afternoon,4,5,0,1,0,1,5,0,1
3,2026-05-24,2026-05-27,86d2643924b0d59cc604d868af78b44851a0ff8c4f50d59d320b0c91fbb31748,WAW,CDG,1342.3755951921296,large_airport,large_airport,Turkish Airlines,Business,1,One_way,1.0,1185.0,1086.0,19.0,Evening,Afternoon,4,5,0,1,0,1,5,0,1
3,2026-05-24,2026-05-27,62964799ff40df3283b14264d6f41fa9c229b4b2deae4df7a6c84cd6daa9a75d,WAW,CDG,1342.3755951921296,large_airport,large_airport,British Airways,Business,1,One_way,1.0,415.0,1134.0,8.0,Morning,Afternoon,4,5,0,1,0,1,5,0,1
3,2026-05-24,2026-05-27,4ca8072a05784b7126b48480fb35eed2eb306248c14c095e7850909d09669d84,WAW,CDG,1342.3755951921296,large_airport,large_airport,"LOT, Air Baltic",Business,1,One_way,1.0,600.0,1218.0,23.0,Night,Morning,4,5,0,1,0,1,5,0,1
3,2026-05-24,2026-05-27,a8d9b94e805c44a6e21fc0b6ade174745cf4b0d2925dfb318e24e3521b99de55,WAW,CDG,1342.3755951921296,large_airport,large_airport,"LOT, ITA",Business,1,One_way,1.0,355.0,1240.0,7.0,Morning,Afternoon,4,5,0,1,0,1,5,0,1
3,2026-05-24,2026-05-27,d38ebfe614adfa052ea1e9d3c92fd1dd0ab7d24697d87a14751113fdfa60ffd7,WAW,CDG,1342.3755951921296,large_airport,large_airport,"LOT, ITA",Business,1,One_way,1.0,600.0,1240.0,7.0,Morning,Evening,4,5,0,1,0,1,5,0,1
3,2026-05-24,2026-05-27,284830aa96122c96f34c84da4e33be5bb55460241b0f61328c0f8843f1d7047a,WAW,CDG,1342.3755951921296,large_airport,large_airport,"LOT, ITA",Business,1,One_way,1.0,980.0,1240.0,7.0,Morning,Night,4,5,0,1,0,1,5,0,1
3,2026-05-24,2026-05-27,8b66f782676678907b4537632e610effc456119391269d9775a1279264de9394,WAW,CDG,1342.3755951921296,large_airport,large_airport,"LOT, ITA",Business,1,One_way,1.0,485.0,1240.0,15.0,Afternoon,Night,4,5,0,1,0,1,5,0,1
3,2026-05-24,2026-05-27,8b6bb8ea0077b254b989c12474d7263cd8b39f05085b37b4cb279660f19ccbb0,WAW,CDG,1342.3755951921296,large_airport,large_airport,"LOT, ITA",Business,1,One_way,2.0,520.0,1256.0,7.0,Morning,Afternoon,4,5,0,1,0,1,5,0,1
3,2026-05-24,2026-05-27,8da3126dc600116572bcce011513ae63ec71e04d9cb0b811a0f6d97ea9b359cd,WAW,CDG,1342.3755951921296,large_airport,large_airport,"LOT, ITA",Business,1,One_way,2.0,800.0,1256.0,7.0,Morning,Evening,4,5,0,1,0,1,5,0,1
3,2026-05-24,2026-05-27,3455c3deb7659a03da09ffa20d030f545bf9e2133aac1688bdfa2bf8c8b70533,WAW,CDG,1342.3755951921296,large_airport,large_airport,Air France,Business,1,One_way,0.0,160.0,1317.0,6.0,Morning,Morning,4,5,0,1,0,1,5,0,1
3,2026-05-24,2026-05-27,b1d519740ae91bc6f973bd0160748688952ea1d88a2beffd748e5ee20743cd65,WAW,CDG,1342.3755951921296,large_airport,large_airport,LOT,Business,1,One_way,0.0,150.0,1318.0,7.0,Morning,Morning,4,5,0,1,0,1,5,0,1
3,2026-05-24,2026-05-27,417a22386a7b1f07fa01eaf343b09b977df042cb0fbc3175ce6387350d7220f8,WAW,CDG,1342.3755951921296,large_airport,large_airport,"Brussels Airlines, Lufthansa City Airlines",Business,1,One_way,2.0,410.0,1320.0,6.0,Morning,Afternoon,4,5,0,1,0,1,5,0,1
3,2026-05-24,2026-05-27,7b233173f40fe22699e3600060da73aa9d9ef36036cc74d824b6d0e1967e51d9,WAW,CDG,1342.3755951921296,large_airport,large_airport,British Airways,Business,1,One_way,1.0,465.0,1375.0,11.0,Morning,Evening,4,5,0,1,0,1,5,0,1
3,2026-05-24,2026-05-27,ec4cc1c07f39cd16db1d720565c4bce2fda6c028bf611fc9327a31455c3faa41,WAW,CDG,1342.3755951921296,large_airport,large_airport,British Airways,Business,1,One_way,1.0,560.0,1375.0,11.0,Morning,Night,4,5,0,1,0,1,5,0,1
3,2026-05-24,2026-05-27,92f6bdeed16d6978bffca1ef0bb177261fd427e3e3842fd6b88ac7469bc4bc31,WAW,CDG,1342.3755951921296,large_airport,large_airport,British Airways,Business,1,One_way,1.0,675.0,1375.0,11.0,Morning,Night,4,5,0,1,0,1,5,0,1
3,2026-05-24,2026-05-27,d5e095853f1596ef7ad75dd98b6fa98af70c453189dde83a3709177df9b1f207,WAW,CDG,1342.3755951921296,large_airport,large_airport,British Airways,Business,1,One_way,1.0,920.0,1382.0,18.0,Evening,Morning,4,5,0,1,0,1,5,0,1
3,2026-05-24,2026-05-27,8ddee97143136abeb59ab223815938d40ba80a0940c4c2c5e2ce849e9dd47b2a,WAW,CDG,1342.3755951921296,large_airport,large_airport,British Airways,Business,1,One_way,1.0,1155.0,1382.0,18.0,Evening,Afternoon,4,5,0,1,0,1,5,0,1
3,2026-05-24,2026-05-27,c78c08d928f8f65e71eee45699cbcdc308cee4c8389ad3883e97792105c7a74e,WAW,CDG,1342.3755951921296,large_airport,large_airport,"Scandinavian Airlines, Air France",Business,1,One_way,1.0,750.0,1726.0,19.0,Evening,Morning,4,5,0,1,0,1,5,0,1
3,2026-05-24,2026-05-27,4820757bc07ba644fcceac8c948909d8681b83001d0665e37e330773d96568f3,WAW,CDG,1342.3755951921296,large_airport,large_airport,"LOT, Austrian",Business,1,One_way,1.0,475.0,1840.0,7.0,Morning,Afternoon,4,5,0,1,0,1,5,0,1
3,2026-05-24,2026-05-27,9b007234c5b8a74bc84e3a6630bcb9a02a8f0fa54348aa300b900a9c3df248eb,WAW,CDG,1342.3755951921296,large_airport,large_airport,Austrian,Business,1,One_way,1.0,400.0,1840.0,8.0,Morning,Afternoon,4,5,0,1,0,1,5,0,1
3,2026-05-24,2026-05-27,e33d3783d454ffe72300877613e3453bd9e2fd9de9d35f53ed4015bbbacaff77,WAW,CDG,1342.3755951921296,large_airport,large_airport,Austrian,Business,1,One_way,1.0,260.0,1840.0,15.0,Afternoon,Evening,4,5,0,1,0,1,5,0,1
3,2026-05-24,2026-05-27,ce14fa1d8720cf42d9c8177d62a3b77d0fe350dcbe5c39f26a79d2bec4e2c050,WAW,CDG,1342.3755951921296,large_airport,large_airport,Austrian,Business,1,One_way,1.0,445.0,1840.0,15.0,Afternoon,Night,4,5,0,1,0,1,5,0,1
3,2026-05-24,2026-05-27,4beef7de4657311305a94184c2bcfa682ac68a6c23124cdbb1fe520d278178b9,WAW,CDG,1342.3755951921296,large_airport,large_airport,"LOT, Austrian",Business,1,One_way,1.0,305.0,1840.0,17.0,Evening,Night,4,5,0,1,0,1,5,0,1
3,2026-05-24,2026-05-27,3df0b72e469e78af0d9a9b65fe7317544a808b69d064568b1c258437e3401ec1,WAW,CDG,1342.3755951921296,large_airport,large_airport,"LOT, SWISS",Business,1,One_way,1.0,385.0,1843.0,7.0,Morning,Afternoon,4,5,0,1,0,1,5,0,1
3,2026-05-24,2026-05-27,5d1069158d097a48273f0f3bb613f1f128e4a2c6ac2769de9b2612de8392d703,WAW,CDG,1342.3755951921296,large_airport,large_airport,SWISS,Business,1,One_way,1.0,250.0,1843.0,9.0,Morning,Afternoon,4,5,0,1,0,1,5,0,1
3,2026-05-24,2026-05-27,f85ee341d76baadf2f6cda3b29cdaffc87dd1c53f6933ec862031b6e14dd15bc,WAW,CDG,1342.3755951921296,large_airport,large_airport,SWISS,Business,1,One_way,1.0,540.0,1843.0,9.0,Morning,Evening,4,5,0,1,0,1,5,0,1
3,2026-05-24,2026-05-27,1d8355faa8ac4011a258c1d31ea32a6b4e4e45fb6f86002778bd015529067445,WAW,CDG,1342.3755951921296,large_airport,large_airport,SWISS,Business,1,One_way,1.0,520.0,1843.0,14.0,Afternoon,Night,4,5,0,1,0,1,5,0,1
3,2026-05-24,2026-05-27,41bb6ee3cf638ce06aa01df2ff2703ca2823caa9e425e5b3b72299df80e29c90,WAW,CDG,1342.3755951921296,large_airport,large_airport,"LOT, SWISS",Business,1,One_way,1.0,390.0,1843.0,17.0,Evening,Night,4,5,0,1,0,1,5,0,1
3,2026-05-24,2026-05-27,822b836d47d910caf88c636af5965b32c739e575982380c6deed57329c57982c,WAW,CDG,1342.3755951921296,large_airport,large_airport,Lufthansa,Business,1,One_way,1.0,315.0,1845.0,6.0,Morning,Morning,4,5,0,1,0,1,5,0,1
3,2026-05-24,2026-05-27,1815c0129984c30849ff9de468cca1ec9866a4ebf26373a6c3048a593a34ef15,WAW,CDG,1342.3755951921296,large_airport,large_airport,Lufthansa,Business,1,One_way,1.0,240.0,1845.0,13.0,Afternoon,Evening,4,5,0,1,0,1,5,0,1
3,2026-05-24,2026-05-27,28ea9cc1e7a400945bcccf92efe3edf949195de9aa51f2ae96cf723ac85524fd,WAW,CDG,1342.3755951921296,large_airport,large_airport,Lufthansa,Business,1,One_way,1.0,250.0,1854.0,6.0,Morning,Morning,4,5,0,1,0,1,5,0,1
3,2026-05-24,2026-05-27,f6430f80d02a55024d0aedc2efbba1dc3a2d8918db1d5d16d15b0d1dc64f10ff,WAW,CDG,1342.3755951921296,large_airport,large_airport,Lufthansa,Business,1,One_way,1.0,245.0,1854.0,9.0,Morning,Afternoon,4,5,0,1,0,1,5,0,1
3,2026-05-24,2026-05-27,73cc73e39d6fd8c916d91297eb32d589038fe9f745adb82a57b18d3b64f683c1,WAW,CDG,1342.3755951921296,large_airport,large_airport,"LOT, Lufthansa",Business,1,One_way,2.0,680.0,1934.0,7.0,Morning,Evening,4,5,0,1,0,1,5,0,1
3,2026-05-24,2026-05-27,a09724a842e56538f9b9ff851ab24a724ec1e5490a3c4450e55e00c032f706fd,WAW,CDG,1342.3755951921296,large_airport,large_airport,"LOT, Lufthansa City Airlines",Business,1,One_way,1.0,700.0,2062.0,20.0,Evening,Morning,4,5,0,1,0,1,5,0,1
3,2026-05-24,2026-05-27,2624b95f933b487c40cbdb822cdec4e9fa2aa51cdc1af733a4c5e559bbb02863,WAW,CDG,1342.3755951921296,large_airport,large_airport,"LOT, TAROM",Business,1,One_way,1.0,465.0,2543.0,11.0,Morning,Evening,4,5,0,1,0,1,5,0,1
3,2026-05-24,2026-05-27,b5b11242831f1323d47da6f43ea6bb46fe0e5788fb6b6476181e4920a6957344,WAW,MRS,1519.59622663519,large_airport,large_airport,Turkish Airlines,Economy,1,One_way,1.0,470.0,316.0,10.0,Morning,Evening,4,5,0,1,0,1,5,0,1
3,2026-05-24,2026-05-27,912a2bf19aecc7115f0b44fac842f2ac7ad1a940a401b3361f13584b9b2596a1,WAW,MRS,1519.59622663519,large_airport,large_airport,KLM,Economy,1,One_way,1.0,335.0,482.0,17.0,Evening,Night,4,5,0,1,0,1,5,0,1
3,2026-05-24,2026-05-27,2363ad6ca9c4f6ce61ea01d6af488cf8b58ff9cc1d7445097c2c56a465170aaf,WAW,MRS,1519.59622663519,large_airport,large_airport,Brussels Airlines,Economy,1,One_way,1.0,290.0,483.0,18.0,Evening,Night,4,5,0,1,0,1,5,0,1
3,2026-05-24,2026-05-27,bfb7873e92905293dbcb93add8a8160c917078fe1a27019ca935dd632fb3b798,WAW,MRS,1519.59622663519,large_airport,large_airport,Turkish Airlines,Economy,1,One_way,1.0,1395.0,275.0,10.0,Morning,Morning,4,5,0,1,0,1,5,0,1
3,2026-05-24,2026-05-27,ec3d147faf8dc1d3185badc88eca9e30a1c809526890f0d51965b81019eecc0f,WAW,MRS,1519.59622663519,large_airport,large_airport,Turkish Airlines,Economy,1,One_way,1.0,840.0,275.0,19.0,Evening,Morning,4,5,0,1,0,1,5,0,1
3,2026-05-24,2026-05-27,ba1c2034d7cebb4f4c47c7e810a15df1f8604cbfe8fce7dd99b608ba1bdd3b33,WAW,MRS,1519.59622663519,large_airport,large_airport,Turkish Airlines,Economy,1,One_way,1.0,1355.0,479.0,19.0,Evening,Evening,4,5,0,1,0,1,5,0,1
3,2026-05-24,2026-05-27,ede48ddec7f51e88d9ff0c919f5bccc626dffb6b7582e4d540b54bef088050d9,WAW,MRS,1519.59622663519,large_airport,large_airport,Brussels Airlines,Economy,1,One_way,1.0,965.0,483.0,6.0,Morning,Night,4,5,0,1,0,1,5,0,1
3,2026-05-24,2026-05-27,40d77e303a26eb5bea89e236d490db3d0a5d0cb84f09b22dd38a69d9345d0f54,WAW,MRS,1519.59622663519,large_airport,large_airport,KLM,Economy,1,One_way,1.0,620.0,517.0,12.0,Afternoon,Night,4,5,0,1,0,1,5,0,1
3,2026-05-24,2026-05-27,0e3567469f873d1d554cdabfe056aa8559ddd9a6e2867182e38bce06bc280068,WAW,MRS,1519.59622663519,large_airport,large_airport,SWISS,Economy,1,One_way,1.0,1400.0,556.0,19.0,Evening,Evening,4,5,0,1,0,1,5,0,1
3,2026-05-24,2026-05-27,1d4db97ae978f9e7003725b2c256a6d59ee648a87e1cc2b164d01291564e2770,WAW,MRS,1519.59622663519,large_airport,large_airport,"Austrian, Brussels Airlines",Economy,1,One_way,2.0,870.0,559.0,8.0,Morning,Night,4,5,0,1,0,1,5,0,1
3,2026-05-24,2026-05-27,06928d9989c59ea3337068847d64120301b3b0dfde73737f8b32213fcdc0e74f,WAW,MRS,1519.59622663519,large_airport,large_airport,Air France,Economy,1,One_way,2.0,595.0,574.0,12.0,Afternoon,Night,4,5,0,1,0,1,5,0,1
3,2026-05-24,2026-05-27,20ba1a7fb8b151b9b7b08a9409f629f235c6d2a2004d1f2dc76cd2d59407a585,WAW,MRS,1519.59622663519,large_airport,large_airport,Air France,Economy,1,One_way,1.0,805.0,601.0,19.0,Evening,Morning,4,5,0,1,0,1,5,0,1
3,2026-05-24,2026-05-27,37b76493d68c1759bfb3241402069cd8de799f7232378d554281fba6382d5f1e,WAW,MRS,1519.59622663519,large_airport,large_airport,Air France,Economy,1,One_way,1.0,1055.0,603.0,19.0,Evening,Afternoon,4,5,0,1,0,1,5,0,1
3,2026-05-24,2026-05-27,c34e083467dfbd7ccc4f2fa364f0492e1709d04582d5b36da4e7a9ede7fdea14,WAW,MRS,1519.59622663519,large_airport,large_airport,KLM,Economy,1,One_way,1.0,330.0,617.0,6.0,Morning,Morning,4,5,0,1,0,1,5,0,1
3,2026-05-24,2026-05-27,b9c8ed353bd62424a12b9234b937214aede4975f4a346eca51abb46a3bfb5eff,WAW,MRS,1519.59622663519,large_airport,large_airport,British Airways,Economy,1,One_way,1.0,500.0,644.0,8.0,Morning,Afternoon,4,5,0,1,0,1,5,0,1
3,2026-05-24,2026-05-27,2abbf6ccb78067a280dafa53ecea02bcf29068f31e4bc51590ab6f26346d5e2c,WAW,MRS,1519.59622663519,large_airport,large_airport,British Airways,Economy,1,One_way,1.0,595.0,644.0,8.0,Morning,Evening,4,5,0,1,0,1,5,0,1
3,2026-05-24,2026-05-27,00820d18fca95c6962ea0b0ee2f770b6292221bdb052ea308c33580f1b718ec6,WAW,MRS,1519.59622663519,large_airport,large_airport,British Airways,Economy,1,One_way,1.0,870.0,644.0,8.0,Morning,Night,4,5,0,1,0,1,5,0,1
3,2026-05-24,2026-05-27,7c55086c990c7cbb861165c5c9b2347cc0df175991754c551d52b77a5cf59f36,WAW,MRS,1519.59622663519,large_airport,large_airport,Air France,Economy,1,One_way,1.0,995.0,672.0,19.0,Evening,Morning,4,5,0,1,0,1,5,0,1
3,2026-05-24,2026-05-27,03916e5483a9dfb1f7c189d57ffd545620f45d692b4abd8e8f503e91ab131d03,WAW,MRS,1519.59622663519,large_airport,large_airport,KLM,Economy,1,One_way,1.0,640.0,745.0,6.0,Morning,Afternoon,4,5,0,1,0,1,5,0,1
3,2026-05-24,2026-05-27,9fd36f8b5e08cf092d704b53b3e6c5d53a5ad70d77b2f238f907570fcb15a2f0,WAW,MRS,1519.59622663519,large_airport,large_airport,"Austrian, Brussels Airlines",Economy,1,One_way,2.0,475.0,763.0,15.0,Afternoon,Night,4,5,0,1,0,1,5,0,1
3,2026-05-24,2026-05-27,123bce881bf2a69f9eef769fb902ce2846e5669a76d265789939aa82dd7333e8,WAW,MRS,1519.59622663519,large_airport,large_airport,Lufthansa,Economy,1,One_way,1.0,500.0,765.0,14.0,Afternoon,Night,4,5,0,1,0,1,5,0,1
3,2026-05-24,2026-05-27,77c8794f8b82734018053fbc55ceb023691a5e7798fff8a912e58bffe433f68f,WAW,MRS,1519.59622663519,large_airport,large_airport,Air France,Economy,1,One_way,1.0,350.0,782.0,6.0,Morning,Morning,4,5,0,1,0,1,5,0,1
3,2026-05-24,2026-05-27,f0fd09ff65366bdb02d245d5c9bcce1e6b510e52e744be73a1aa6857fe1f6038,WAW,MRS,1519.59622663519,large_airport,large_airport,Air France,Economy,1,One_way,1.0,325.0,797.0,16.0,Afternoon,Night,4,5,0,1,0,1,5,0,1
3,2026-05-24,2026-05-27,5cd8f0a3878ee8ff825e0e2c5bce4d80dba3bc3d4b9b7ac84bfebb7c97ae49b3,WAW,MRS,1519.59622663519,large_airport,large_airport,Air France,Economy,1,One_way,1.0,435.0,805.0,12.0,Afternoon,Evening,4,5,0,1,0,1,5,0,1
3,2026-05-24,2026-05-27,2864e70d8eb953e081457ffd3d159e2772a666bb7d5b1a601934448a1e317717,WAW,MRS,1519.59622663519,large_airport,large_airport,Air France,Economy,1,One_way,1.0,570.0,805.0,12.0,Afternoon,Night,4,5,0,1,0,1,5,0,1
3,2026-05-24,2026-05-27,a0ea07959fba873c157cd1ea83e9b5434a5f6a4c2a880200704b14f52b46fa6d,WAW,MRS,1519.59622663519,large_airport,large_airport,Air France,Economy,1,One_way,1.0,410.0,805.0,6.0,Morning,Afternoon,4,5,0,1,0,1,5,0,1
3,2026-05-24,2026-05-27,97b6b74504b48e0247b0a7a4b7bf178315a3c435d9fb6054714e294b70f5434f,WAW,MRS,1519.59622663519,large_airport,large_airport,Brussels Airlines,Economy,1,One_way,1.0,355.0,858.0,6.0,Morning,Afternoon,4,5,0,1,0,1,5,0,1
3,2026-05-24,2026-05-27,b8b54b31002d9914f4da3da07fbaa7ba177ced990c9a8516f7ebea3ce5ef7040,WAW,MRS,1519.59622663519,large_airport,large_airport,Lufthansa,Economy,1,One_way,1.0,495.0,872.0,9.0,Morning,Evening,4,5,0,1,0,1,5,0,1
3,2026-05-24,2026-05-27,b2325357301dfef5471b96be4eb651483318fea16d6741a1a31982830a4656e7,WAW,MRS,1519.59622663519,large_airport,large_airport,"LOT, SWISS",Economy,1,One_way,1.0,375.0,904.0,7.0,Morning,Afternoon,4,5,0,1,0,1,5,0,1
3,2026-05-24,2026-05-27,d2f27a162a372ccf47110e5ea2f57cdca184d97fa4324b3ed275d0109a290141,WAW,MRS,1519.59622663519,large_airport,large_airport,British Airways,Economy,1,One_way,1.0,380.0,912.0,11.0,Morning,Evening,4,5,0,1,0,1,5,0,1
3,2026-05-24,2026-05-27,e3570f08858ca477dc2e631c837bde4c293d92189c29fbd2ae12da9ddcada576,WAW,MRS,1519.59622663519,large_airport,large_airport,"LOT, Lufthansa",Economy,1,One_way,1.0,335.0,915.0,17.0,Evening,Night,4,5,0,1,0,1,5,0,1
3,2026-05-24,2026-05-27,6a75792ae0f0b52df6ecc125ace6a14c63476f254469ed2c1ec7c1f87bcefbed,WAW,MRS,1519.59622663519,large_airport,large_airport,Air France,Economy,1,One_way,1.0,310.0,975.0,6.0,Morning,Morning,4,5,0,1,0,1,5,0,1
3,2026-05-24,2026-05-27,aaea6c95976df796fe577ec26d620b38e15e9ef0a505bc03252af4c4f38bc2ba,WAW,MRS,1519.59622663519,large_airport,large_airport,Air France,Economy,1,One_way,1.0,490.0,1318.0,6.0,Morning,Afternoon,4,5,0,1,0,1,5,0,1
3,2026-05-24,2026-05-27,78eba40ffc191f7d454eb52068fcd7ca1c1213f47b4d2753d009981589505c75,WAW,MRS,1519.59622663519,large_airport,large_airport,Air France,Economy,1,One_way,1.0,520.0,1318.0,6.0,Morning,Afternoon,4,5,0,1,0,1,5,0,1
3,2026-05-24,2026-05-27,7413b4b9e5c2f96b061e36e1693d54a9e95ee311f23fdf210dd258e585bf9a4a,WAW,CDG,1342.3755951921296,large_airport,large_airport,LOT,Economy,1,One_way,0.0,150.0,381.0,20.0,Evening,Night,4,5,0,1,0,1,5,0,1
3,2026-05-24,2026-05-27,9ec97313e510b178a35073625fa20c60f2d8cba344cbc20c8ec91ce551322503,WAW,CDG,1342.3755951921296,large_airport,large_airport,Air France,Economy,1,One_way,0.0,145.0,481.0,12.0,Afternoon,Afternoon,4,5,0,1,0,1,5,0,1
3,2026-05-24,2026-05-27,27c3085b6e49682df66ad1b66e25948838e82448ff4a3ab41828907bb7c397c8,WAW,CDG,1342.3755951921296,large_airport,large_airport,Air France,Economy,1,One_way,0.0,150.0,481.0,16.0,Afternoon,Evening,4,5,0,1,0,1,5,0,1
3,2026-05-24,2026-05-27,50c7065eeefd3183c2cef59e1cfe7e2b49cae6ac86a768bd0576221bd5648dbf,WAW,CDG,1342.3755951921296,large_airport,large_airport,Air France,Economy,1,One_way,0.0,145.0,481.0,19.0,Evening,Night,4,5,0,1,0,1,5,0,1
3,2026-05-24,2026-05-27,130abb71a330ee25020f92f181b12d3c8e22a2fb47cf53600c8fb5bcc215dd7e,WAW,CDG,1342.3755951921296,large_airport,large_airport,LOT,Economy,1,One_way,0.0,145.0,543.0,16.0,Afternoon,Evening,4,5,0,1,0,1,5,0,1
3,2026-05-24,2026-05-27,795055c44d7a31d00073611d6774a0498bb8f2a7289048343fb99efcbbef223e,WAW,CDG,1342.3755951921296,large_airport,large_airport,Turkish Airlines,Economy,1,One_way,1.0,880.0,275.0,19.0,Evening,Morning,4,5,0,1,0,1,5,0,1
3,2026-05-24,2026-05-27,2cce44934687b3b3cc7df80f21322281d61d12310778555003ace7b26a8af2d7,WAW,CDG,1342.3755951921296,large_airport,large_airport,Turkish Airlines,Economy,1,One_way,1.0,930.0,275.0,19.0,Evening,Morning,4,5,0,1,0,1,5,0,1
3,2026-05-24,2026-05-27,94cae8746523018717cf4e3da3374ed47a5606044c31c66807677c8abe21ff11,WAW,CDG,1342.3755951921296,large_airport,large_airport,Turkish Airlines,Economy,1,One_way,1.0,1050.0,275.0,19.0,Evening,Afternoon,4,5,0,1,0,1,5,0,1
3,2026-05-24,2026-05-27,3617261ee16c886ef8e63f700801d614924e6c923ee9db8fd1e23340fe212e9c,WAW,CDG,1342.3755951921296,large_airport,large_airport,Turkish Airlines,Economy,1,One_way,1.0,745.0,316.0,10.0,Morning,Night,4,5,0,1,0,1,5,0,1
3,2026-05-24,2026-05-27,66b991615406bac5b1dee3b0245c6acfd6086067dbcb3918235527a603739b7f,WAW,CDG,1342.3755951921296,large_airport,large_airport,Norwegian,Economy,1,One_way,1.0,515.0,324.0,12.0,Afternoon,Evening,4,5,0,1,0,1,5,0,1
3,2026-05-24,2026-05-27,ad66e19f892e3a14276b86f876d915820bf745c000658114ced03bcfbbd1755f,WAW,CDG,1342.3755951921296,large_airport,large_airport,British Airways,Economy,1,One_way,1.0,295.0,368.0,18.0,Evening,Night,4,5,0,1,0,1,5,0,1
3,2026-05-24,2026-05-27,e45540c70e5cd552b38f3f81c9e8e7ed29d963b9e301c3afac60cb77bfe3a816,WAW,CDG,1342.3755951921296,large_airport,large_airport,"Lufthansa, Austrian",Economy,1,One_way,2.0,520.0,403.0,6.0,Morning,Afternoon,4,5,0,1,0,1,5,0,1
3,2026-05-24,2026-05-27,60e3429dbc68c5d625c76b32456809a83b2d97dce0f6722645b41908d50a2b97,WAW,CDG,1342.3755951921296,large_airport,large_airport,LOT,Economy,1,One_way,0.0,150.0,412.0,7.0,Morning,Morning,4,5,0,1,0,1,5,0,1
3,2026-05-24,2026-05-27,9f2c3a4fd871ca30125a67b6f817fba67b861076ae8ae9f41306c305bbc336aa,WAW,CDG,1342.3755951921296,large_airport,large_airport,Turkish Airlines,Economy,1,One_way,1.0,480.0,418.0,10.0,Morning,Evening,4,5,0,1,0,1,5,0,1
3,2026-05-24,2026-05-27,a9f11ab1742849cfb4cb83b7f44e23282784c3fe56ad01eebc1fde9437d8467a,WAW,CDG,1342.3755951921296,large_airport,large_airport,KLM,Economy,1,One_way,1.0,320.0,420.0,12.0,Afternoon,Evening,4,5,0,1,0,1,5,0,1
3,2026-05-24,2026-05-27,4195fafd52b3407aebfb52eca28e3b7223f59a40fb8900cae29233ce1eb04c8b,WAW,CDG,1342.3755951921296,large_airport,large_airport,KLM,Economy,1,One_way,1.0,400.0,420.0,12.0,Afternoon,Evening,4,5,0,1,0,1,5,0,1
3,2026-05-24,2026-05-27,8d5464525dd1ec32a11eb38e21d67da5bc219ff3d7c220833b44ea6fb4fda228,WAW,CDG,1342.3755951921296,large_airport,large_airport,"KLM, Air France",Economy,1,One_way,1.0,460.0,420.0,12.0,Afternoon,Evening,4,5,0,1,0,1,5,0,1
3,2026-05-24,2026-05-27,59abde70a357471f99cdf4952546ca11bf4e1dd4f7447308096760e2bc5a4aee,WAW,CDG,1342.3755951921296,large_airport,large_airport,"KLM, Air France",Economy,1,One_way,1.0,565.0,420.0,12.0,Afternoon,Night,4,5,0,1,0,1,5,0,1
3,2026-05-24,2026-05-27,732a9f3a2371555c9234068a007d1cc8898f71eaa00ab82d9c1f91883c9aba59,WAW,CDG,1342.3755951921296,large_airport,large_airport,"KLM, Air France",Economy,1,One_way,1.0,280.0,420.0,17.0,Evening,Night,4,5,0,1,0,1,5,0,1
3,2026-05-24,2026-05-27,437cfc8619cadde309d28e29e2f7aaad2c7763323a5cc84748b23c285789f42c,WAW,CDG,1342.3755951921296,large_airport,large_airport,Scandinavian Airlines,Economy,1,One_way,1.0,880.0,436.0,19.0,Evening,Morning,4,5,0,1,0,1,5,0,1
3,2026-05-24,2026-05-27,f94cb93a0b49cceec561161eb1f0384d8f3645a80f865160b39ea25d6db2169d,WAW,CDG,1342.3755951921296,large_airport,large_airport,"KLM, Air France",Economy,1,One_way,1.0,575.0,444.0,6.0,Morning,Afternoon,4,5,0,1,0,1,5,0,1
3,2026-05-24,2026-05-27,08be1e757752f198edb396e20d2472ce8c5181c2eae4c75982a6e34a1b067277,WAW,CDG,1342.3755951921296,large_airport,large_airport,KLM,Economy,1,One_way,1.0,705.0,444.0,6.0,Morning,Evening,4,5,0,1,0,1,5,0,1
3,2026-05-24,2026-05-27,38bc392f44509e7776fddf1d21b922169ea6b08f752335d7a23efbf263a9b1d6,WAW,CDG,1342.3755951921296,large_airport,large_airport,KLM,Economy,1,One_way,1.0,785.0,444.0,6.0,Morning,Evening,4,5,0,1,0,1,5,0,1
3,2026-05-24,2026-05-27,369e5ec77cbd42af849b122810ee5d8236d4a30b05b839d0147c4dee52fe04e5,WAW,CDG,1342.3755951921296,large_airport,large_airport,"KLM, Air France",Economy,1,One_way,1.0,845.0,444.0,6.0,Morning,Evening,4,5,0,1,0,1,5,0,1
3,2026-05-24,2026-05-27,e0ef5e3d0385dd7de6d5ff711ccb9ac0f8861617152ce4685c2c83b6ed0a3954,WAW,CDG,1342.3755951921296,large_airport,large_airport,Aegean,Economy,1,One_way,1.0,945.0,444.0,18.0,Evening,Morning,4,5,0,1,0,1,5,0,1
3,2026-05-24,2026-05-27,a49fcc03b314b388aaa63ec8b00a05d96489749d0dd559d792916594e7acace3,WAW,CDG,1342.3755951921296,large_airport,large_airport,Turkish Airlines,Economy,1,One_way,1.0,1185.0,479.0,19.0,Evening,Afternoon,4,5,0,1,0,1,5,0,1
3,2026-05-24,2026-05-27,28da10593cd6cbcf8d8ba83e289fb4cba4911c33d3be61c48b527c5526890969,WAW,CDG,1342.3755951921296,large_airport,large_airport,Scandinavian Airlines,Economy,1,One_way,1.0,550.0,482.0,10.0,Morning,Evening,4,5,0,1,0,1,5,0,1
3,2026-05-24,2026-05-27,b48baaf3846d86d582e0cdfb84e9105935e2d0d7f071a7e7d7f50c35b04865ec,WAW,CDG,1342.3755951921296,large_airport,large_airport,Scandinavian Airlines,Economy,1,One_way,1.0,260.0,482.0,15.0,Afternoon,Evening,4,5,0,1,0,1,5,0,1
3,2026-05-24,2026-05-27,32846ef86bfdc0b09df747c0af0ee8fb80b048bafe8ccb040ffdd474a77ade82,WAW,CDG,1342.3755951921296,large_airport,large_airport,"KLM, Air France",Economy,1,One_way,1.0,600.0,527.0,6.0,Morning,Afternoon,4,5,0,1,0,1,5,0,1
3,2026-05-24,2026-05-27,930e8499ad783735a751c6eea18120b7aebda9b0d998ead97cbdc5cd7e4d972a,WAW,CDG,1342.3755951921296,large_airport,large_airport,Air France,Economy,1,One_way,0.0,160.0,541.0,6.0,Morning,Morning,4,5,0,1,0,1,5,0,1
3,2026-05-24,2026-05-27,9485d801b58f45f8c8124aaffbac4e082314a9b14da4c0028b9cba0f789a6340,WAW,CDG,1342.3755951921296,large_airport,large_airport,British Airways,Economy,1,One_way,1.0,320.0,568.0,8.0,Morning,Afternoon,4,5,0,1,0,1,5,0,1
3,2026-05-24,2026-05-27,427a7204ed18f838f27802c0bcf0dec7806b254e9b76d7df3a4162ac52e8f90d,WAW,CDG,1342.3755951921296,large_airport,large_airport,British Airways,Economy,1,One_way,1.0,680.0,568.0,8.0,Morning,Evening,4,5,0,1,0,1,5,0,1
3,2026-05-24,2026-05-27,9bae9bac8e33b0b3ef9232f4b4cac338ec8e01d8510392c4101dea9679ed9609,WAW,CDG,1342.3755951921296,large_airport,large_airport,British Airways,Economy,1,One_way,1.0,775.0,568.0,8.0,Morning,Night,4,5,0,1,0,1,5,0,1
3,2026-05-24,2026-05-27,32a23aab029bdc8ad27d4a9342b57e3f6a32cfef32a050825c4b782efde86550,WAW,CDG,1342.3755951921296,large_airport,large_airport,British Airways,Economy,1,One_way,1.0,890.0,568.0,8.0,Morning,Night,4,5,0,1,0,1,5,0,1
3,2026-05-24,2026-05-27,2db4ac5c54f6ddd7fff3f24e9e4dd44bb049b04aa5e047e8a9f16631cd6eb43a,WAW,CDG,1342.3755951921296,large_airport,large_airport,Austrian,Economy,1,One_way,1.0,495.0,576.0,6.0,Morning,Afternoon,4,5,0,1,0,1,5,0,1
3,2026-05-24,2026-05-27,5d060015ac703d86b8ebdd7d3ad6d375d06671df6373432c5f4d2a944ae3f35d,WAW,CDG,1342.3755951921296,large_airport,large_airport,Austrian,Economy,1,One_way,1.0,610.0,576.0,6.0,Morning,Evening,4,5,0,1,0,1,5,0,1
3,2026-05-24,2026-05-27,599e028dc76c77572ebcf072f5b270634537b0ccd66256d213f31b9e721ddcf5,WAW,CDG,1342.3755951921296,large_airport,large_airport,Austrian,Economy,1,One_way,1.0,750.0,576.0,6.0,Morning,Evening,4,5,0,1,0,1,5,0,1
3,2026-05-24,2026-05-27,4e14ae698bb47373d6c9c0675aa88242475c6a57f655e481985119a494d1225b,WAW,CDG,1342.3755951921296,large_airport,large_airport,Austrian,Economy,1,One_way,1.0,935.0,576.0,6.0,Morning,Night,4,5,0,1,0,1,5,0,1
3,2026-05-24,2026-05-27,9188be252750f47192a8022bc452679cb0494e9c7e48c547c4f0bf7169d07b95,WAW,CDG,1342.3755951921296,large_airport,large_airport,Austrian,Economy,1,One_way,1.0,400.0,576.0,8.0,Morning,Afternoon,4,5,0,1,0,1,5,0,1
3,2026-05-24,2026-05-27,f36dcfe9592bb6ba2e070facc5e154397bc145d3fa13740ee1951e81277a7d45,WAW,CDG,1342.3755951921296,large_airport,large_airport,Austrian,Economy,1,One_way,1.0,515.0,576.0,8.0,Morning,Evening,4,5,0,1,0,1,5,0,1
3,2026-05-24,2026-05-27,cd1972fe96fdc6ba6cafbed29e836bed953b5eea7c92d9bd1c7b253dc2cfa9fe,WAW,CDG,1342.3755951921296,large_airport,large_airport,Austrian,Economy,1,One_way,1.0,655.0,576.0,8.0,Morning,Evening,4,5,0,1,0,1,5,0,1
3,2026-05-24,2026-05-27,8975ee9c687bf661d01fe507417fe26856146302ea1673d0152d1317ce27107d,WAW,CDG,1342.3755951921296,large_airport,large_airport,Austrian,Economy,1,One_way,1.0,840.0,576.0,8.0,Morning,Night,4,5,0,1,0,1,5,0,1
3,2026-05-24,2026-05-27,65ffff40d51268ca43b091045b82016ba5a0a44ea080ba150adcc110ea9d11e2,WAW,CDG,1342.3755951921296,large_airport,large_airport,SWISS,Economy,1,One_way,1.0,820.0,578.0,9.0,Morning,Night,4,5,0,1,0,1,5,0,1
3,2026-05-24,2026-05-27,4ac863bc8c1daaaa2cbbdc8b4e1e9805eb2f14711ec8885bf5ad0cb53c855f45,WAW,CDG,1342.3755951921296,large_airport,large_airport,SWISS,Economy,1,One_way,1.0,520.0,578.0,14.0,Afternoon,Night,4,5,0,1,0,1,5,0,1
3,2026-05-24,2026-05-27,68f3996360b3957f6c591b7f52bc9c5679de44f1271fe1622c2b5a70b6a7dbaa,WAW,CDG,1342.3755951921296,large_airport,large_airport,"Lufthansa, Lufthansa City Airlines",Economy,1,One_way,1.0,460.0,580.0,6.0,Morning,Afternoon,4,5,0,1,0,1,5,0,1
3,2026-05-24,2026-05-27,7568e880599edfd5110ea57699e6af568be6ed1c1def35dd377a60ec180ea4fb,WAW,CDG,1342.3755951921296,large_airport,large_airport,Lufthansa,Economy,1,One_way,1.0,675.0,580.0,6.0,Morning,Evening,4,5,0,1,0,1,5,0,1
3,2026-05-24,2026-05-27,05938ce95ad4924a36cb9ec95531fffabf5eb3bf46aa237904baaad1a49c6c14,WAW,CDG,1342.3755951921296,large_airport,large_airport,Lufthansa,Economy,1,One_way,1.0,855.0,580.0,6.0,Morning,Evening,4,5,0,1,0,1,5,0,1
3,2026-05-24,2026-05-27,4d29650c14887c575b1f7c17d23a542536e89c97f81a3e3e117b63a2229052d4,WAW,CDG,1342.3755951921296,large_airport,large_airport,Lufthansa,Economy,1,One_way,1.0,240.0,580.0,13.0,Afternoon,Evening,4,5,0,1,0,1,5,0,1
3,2026-05-24,2026-05-27,381a0a365a2b1f8af5cb5de6b654388fc47f8a14f4f34711b25c2d4018a4b3a4,WAW,CDG,1342.3755951921296,large_airport,large_airport,Lufthansa,Economy,1,One_way,1.0,420.0,580.0,13.0,Afternoon,Evening,4,5,0,1,0,1,5,0,1
3,2026-05-24,2026-05-27,1a36be82898d8aa56a4850af002fd74df9e6af55f352ca482d9707655e73ae92,WAW,CDG,1342.3755951921296,large_airport,large_airport,"Lufthansa, Lufthansa City Airlines",Economy,1,One_way,1.0,620.0,580.0,13.0,Afternoon,Night,4,5,0,1,0,1,5,0,1
3,2026-05-24,2026-05-27,d1599c00303ebc49f7bc574778dfda40c2ef45168e8809892506730f84d43cdb,WAW,CDG,1342.3755951921296,large_airport,large_airport,"Lufthansa, Lufthansa City Airlines",Economy,1,One_way,1.0,340.0,580.0,17.0,Evening,Night,4,5,0,1,0,1,5,0,1
3,2026-05-24,2026-05-27,c6ad2352c4905fef8c95852699453827555453fc3f22a4a78bf754f80beb550d,WAW,CDG,1342.3755951921296,large_airport,large_airport,Lufthansa,Economy,1,One_way,1.0,250.0,589.0,6.0,Morning,Morning,4,5,0,1,0,1,5,0,1
3,2026-05-24,2026-05-27,6c68cf54d73d0eacdf88227b037bf485604d3fa8379d049bbc996451d7a9ab65,WAW,CDG,1342.3755951921296,large_airport,large_airport,Lufthansa,Economy,1,One_way,1.0,440.0,589.0,6.0,Morning,Afternoon,4,5,0,1,0,1,5,0,1
3,2026-05-24,2026-05-27,5b80f2bcc99f25978c3920968d16ef384980b25af4028f01e99573447ab02e31,WAW,CDG,1342.3755951921296,large_airport,large_airport,Lufthansa,Economy,1,One_way,1.0,690.0,589.0,6.0,Morning,Evening,4,5,0,1,0,1,5,0,1
3,2026-05-24,2026-05-27,a0d0950da06c5177b283bb451f75170e614ccc55b22338b2b59791cd4d8369b4,WAW,CDG,1342.3755951921296,large_airport,large_airport,Lufthansa,Economy,1,One_way,1.0,745.0,589.0,6.0,Morning,Evening,4,5,0,1,0,1,5,0,1
3,2026-05-24,2026-05-27,9cfe1db94cdedf3b51dbe3bdd06e07a47f3f5431748d8eb6ea43da925d5922a1,WAW,CDG,1342.3755951921296,large_airport,large_airport,"Lufthansa, Lufthansa City Airlines",Economy,1,One_way,1.0,1055.0,598.0,6.0,Morning,Night,4,5,0,1,0,1,5,0,1
3,2026-05-24,2026-05-27,b301f8b3fbaf013a230208a9f9d7941499b2bc358976187b46589c657216f17a,WAW,CDG,1342.3755951921296,large_airport,large_airport,Lufthansa,Economy,1,One_way,1.0,970.0,608.0,6.0,Morning,Night,4,5,0,1,0,1,5,0,1
3,2026-05-24,2026-05-27,3f5312110342689f6ad94c203cadea368e6eef265b3c4dc52555b8f1baf645a9,WAW,CDG,1342.3755951921296,large_airport,large_airport,"Scandinavian Airlines, Air France",Economy,1,One_way,1.0,750.0,611.0,19.0,Evening,Morning,4,5,0,1,0,1,5,0,1
3,2026-05-24,2026-05-27,4c4ee46c5d9ae3934279ae403bd143639cf6ca29970870ef96c1d63aaf21d76a,WAW,CDG,1342.3755951921296,large_airport,large_airport,"KLM, Air France",Economy,1,One_way,1.0,295.0,629.0,6.0,Morning,Morning,4,5,0,1,0,1,5,0,1
3,2026-05-24,2026-05-27,eacd472557c30a61422dd41df4b68ab65c87961924fa69a466912ee0ad074651,WAW,CDG,1342.3755951921296,large_airport,large_airport,"KLM, Air France",Economy,1,One_way,1.0,360.0,629.0,6.0,Morning,Afternoon,4,5,0,1,0,1,5,0,1
3,2026-05-24,2026-05-27,dc1dfe08c93bf831cc7a34337ed625e458baed218cbdd5066191e5afa60e5b9b,WAW,CDG,1342.3755951921296,large_airport,large_airport,KLM,Economy,1,One_way,1.0,460.0,629.0,6.0,Morning,Afternoon,4,5,0,1,0,1,5,0,1
3,2026-05-24,2026-05-27,25a4cbec1edf0a371d8fc3cc3763cd60fb99e2ee98fdfb289424d36b086ed37b,WAW,CDG,1342.3755951921296,large_airport,large_airport,Austrian,Economy,1,One_way,1.0,260.0,637.0,15.0,Afternoon,Evening,4,5,0,1,0,1,5,0,1
3,2026-05-24,2026-05-27,83a7f8e2fc9353940ee0964716980591d61f5641c361e5f4a0a7ff92a5491425,WAW,CDG,1342.3755951921296,large_airport,large_airport,"Brussels Airlines, Lufthansa City Airlines",Economy,1,One_way,2.0,410.0,639.0,6.0,Morning,Afternoon,4,5,0,1,0,1,5,0,1
3,2026-05-24,2026-05-27,1e59675167969c9bcb6e768c75d5201abb85860459f4d2dc82d378242cbf0620,WAW,CDG,1342.3755951921296,large_airport,large_airport,"LOT, Austrian",Economy,1,One_way,1.0,475.0,641.0,7.0,Morning,Afternoon,4,5,0,1,0,1,5,0,1
3,2026-05-24,2026-05-27,4675aaabe034be0922ce907ff433ecdd84b34d83437ad1f700d705439d89ef7c,WAW,CDG,1342.3755951921296,large_airport,large_airport,"LOT, Austrian",Economy,1,One_way,1.0,590.0,641.0,7.0,Morning,Evening,4,5,0,1,0,1,5,0,1
3,2026-05-24,2026-05-27,1cce9574a22ca1a8ad889b68658ac449e5f5722c548a6849ea483853eb25ada1,WAW,CDG,1342.3755951921296,large_airport,large_airport,"LOT, SWISS",Economy,1,One_way,1.0,390.0,643.0,17.0,Evening,Night,4,5,0,1,0,1,5,0,1
3,2026-05-24,2026-05-27,7ffca15281dc6ff538e12192b6eb5bd48f675f1cba8b092854d94fed21c3e676,WAW,CDG,1342.3755951921296,large_airport,large_airport,"LOT, Lufthansa",Economy,1,One_way,1.0,585.0,645.0,7.0,Morning,Evening,4,5,0,1,0,1,5,0,1
3,2026-05-24,2026-05-27,5d514da3553c8adb88b2ae88e83bc1b72631007ecd1ab7675e1b894ffd9b12a7,WAW,CDG,1342.3755951921296,large_airport,large_airport,"LOT, Lufthansa City Airlines",Economy,1,One_way,1.0,385.0,645.0,17.0,Evening,Night,4,5,0,1,0,1,5,0,1
3,2026-05-24,2026-05-27,1064302446c9135506c399c393ca43b46d31945783456fe69ed938683f9ac724,WAW,CDG,1342.3755951921296,large_airport,large_airport,Lufthansa,Economy,1,One_way,1.0,275.0,645.0,14.0,Afternoon,Evening,4,5,0,1,0,1,5,0,1
3,2026-05-24,2026-05-27,6d72151a7ab93526bdb97feb8f0b95f82756f014d2cf7f50359a336a2759f1e2,WAW,CDG,1342.3755951921296,large_airport,large_airport,"LOT, Lufthansa",Economy,1,One_way,1.0,335.0,654.0,17.0,Evening,Night,4,5,0,1,0,1,5,0,1
3,2026-05-24,2026-05-27,e2053acdb64287a1fe536cac90aba1ad0b6013d4f2bcd15956e7dc4207ddb51a,WAW,CDG,1342.3755951921296,large_airport,large_airport,"Scandinavian Airlines, Air France",Economy,1,One_way,1.0,585.0,654.0,10.0,Morning,Evening,4,5,0,1,0,1,5,0,1
3,2026-05-24,2026-05-27,f8c23b36cee8c091f7d39debec6d543054e62459aadc8cf6141d89c9e5ca6529,WAW,CDG,1342.3755951921296,large_airport,large_airport,"LOT, SWISS",Economy,1,One_way,1.0,385.0,657.0,7.0,Morning,Afternoon,4,5,0,1,0,1,5,0,1
3,2026-05-24,2026-05-27,58bec3b3d0933a3cd4782d6fb026fe39550b1b8afc7f9c6de685abd87d581a78,WAW,CDG,1342.3755951921296,large_airport,large_airport,Austrian,Economy,1,One_way,1.0,805.0,664.0,19.0,Evening,Morning,4,5,0,1,0,1,5,0,1
3,2026-05-24,2026-05-27,20637ca67e90510cea4f5db4d52cdd94d5ba893320ae92aa4050898615608b5e,WAW,CDG,1342.3755951921296,large_airport,large_airport,Austrian,Economy,1,One_way,1.0,1165.0,664.0,19.0,Evening,Afternoon,4,5,0,1,0,1,5,0,1
3,2026-05-24,2026-05-27,59312d45ff9636481c69c3d2bc87f5b6aac0d4931f4d235e3d36beaee57ddaaa,WAW,CDG,1342.3755951921296,large_airport,large_airport,"Lufthansa, Lufthansa City Airlines",Economy,1,One_way,1.0,865.0,677.0,17.0,Evening,Morning,4,5,0,1,0,1,5,0,1
3,2026-05-24,2026-05-27,c7c674544c2ad80630987acd3968daec05ae7e35f717a214ce142027b4108ef4,WAW,CDG,1342.3755951921296,large_airport,large_airport,"LOT, Lufthansa City Airlines",Economy,1,One_way,1.0,700.0,677.0,20.0,Evening,Morning,4,5,0,1,0,1,5,0,1
3,2026-05-24,2026-05-27,cd96525beba04f12fbf846187c45a5f93b72da1fe73e3ee1e5162ad08712c5f5,WAW,CDG,1342.3755951921296,large_airport,large_airport,Lufthansa,Economy,1,One_way,1.0,825.0,686.0,19.0,Evening,Morning,4,5,0,1,0,1,5,0,1
3,2026-05-24,2026-05-27,d9e24ce189fee5d46efdcc8c473a73ef272ba4d4d7a8af0d450aef0cce846903,WAW,CDG,1342.3755951921296,large_airport,large_airport,Austrian,Economy,1,One_way,1.0,445.0,692.0,15.0,Afternoon,Night,4,5,0,1,0,1,5,0,1
3,2026-05-24,2026-05-27,e3546061aec5a23aae35516c61e9649dad251dd1877ae517c0decae96096508b,WAW,CDG,1342.3755951921296,large_airport,large_airport,SWISS,Economy,1,One_way,1.0,250.0,694.0,9.0,Morning,Afternoon,4,5,0,1,0,1,5,0,1
3,2026-05-24,2026-05-27,3be57802ae8b16acda45aa68e0b0d372b0bad4b1cc9eff0dd28ee704492c4358,WAW,CDG,1342.3755951921296,large_airport,large_airport,Lufthansa,Economy,1,One_way,1.0,245.0,706.0,9.0,Morning,Afternoon,4,5,0,1,0,1,5,0,1
3,2026-05-24,2026-05-27,23d3909cdf39efea392deb48f0cc62502d0c3fc0592dbc4b6aab47c7603af7c6,WAW,CDG,1342.3755951921296,large_airport,large_airport,Lufthansa,Economy,1,One_way,1.0,495.0,706.0,9.0,Morning,Evening,4,5,0,1,0,1,5,0,1
3,2026-05-24,2026-05-27,7285c079c2503271f495a7b627e401ff5efba93e635f2ffe7e35f91c2b0237b1,WAW,CDG,1342.3755951921296,large_airport,large_airport,"LOT, Austrian",Economy,1,One_way,2.0,710.0,709.0,10.0,Morning,Night,4,5,0,1,0,1,5,0,1
3,2026-05-24,2026-05-27,ee77464aff344b90a4a799d0eb8cf2f68e17f2a35381942c747ba3f27faaa468,WAW,CDG,1342.3755951921296,large_airport,large_airport,"LOT, Lufthansa",Economy,1,One_way,2.0,680.0,730.0,7.0,Morning,Evening,4,5,0,1,0,1,5,0,1
3,2026-05-24,2026-05-27,5a2de5cfdd3d981a1a776e9b98d92a367958d4aaffbbd22de0ad875c7203c1bf,WAW,CDG,1342.3755951921296,large_airport,large_airport,Air Baltic,Economy,1,One_way,1.0,890.0,742.0,18.0,Evening,Morning,4,5,0,1,0,1,5,0,1
3,2026-05-24,2026-05-27,05d6fa2ce0723d5074b61603fed9da9b72cf1ba7778c836c643c23c9ee463b87,WAW,CDG,1342.3755951921296,large_airport,large_airport,"LOT, Lufthansa",Economy,1,One_way,2.0,400.0,745.0,10.0,Morning,Evening,4,5,0,1,0,1,5,0,1
3,2026-05-24,2026-05-27,6c6868f0a9c983c379ee0c9845e75f89371afa68a0dab37ccfafc3857cf9fc9f,WAW,CDG,1342.3755951921296,large_airport,large_airport,"LOT, Austrian",Economy,1,One_way,1.0,305.0,757.0,17.0,Evening,Night,4,5,0,1,0,1,5,0,1
3,2026-05-24,2026-05-27,8f560e28d2eb52e4170b14542ada8f35c5c5c14191820b02ed68bfe302e4fb8a,WAW,CDG,1342.3755951921296,large_airport,large_airport,"LOT, Lufthansa City Airlines",Economy,1,One_way,1.0,370.0,761.0,7.0,Morning,Afternoon,4,5,0,1,0,1,5,0,1
3,2026-05-24,2026-05-27,9325303a9ea16a9fcd53cd2b54f96396fbeae99262380fb003c867d5903226e6,WAW,CDG,1342.3755951921296,large_airport,large_airport,"LOT, Lufthansa",Economy,1,One_way,1.0,365.0,771.0,7.0,Morning,Afternoon,4,5,0,1,0,1,5,0,1
3,2026-05-24,2026-05-27,4c24d1d7959693d7e3e5b0d46a5760784f2fca2e3177a50a48bb2e8a13b1fb0e,WAW,CDG,1342.3755951921296,large_airport,large_airport,British Airways,Economy,1,One_way,1.0,415.0,776.0,8.0,Morning,Afternoon,4,5,0,1,0,1,5,0,1
3,2026-05-24,2026-05-27,5e9d1a8c53b899c92246f3a662a09c73cfe5a236fe0017f113b00fea94359fcd,WAW,CDG,1342.3755951921296,large_airport,large_airport,"Scandinavian Airlines, Air France",Economy,1,One_way,1.0,295.0,807.0,15.0,Afternoon,Evening,4,5,0,1,0,1,5,0,1
3,2026-05-24,2026-05-27,e756b07dafa934cdc0dff83800022a2be0b31e3d58b33ae09a5b7fb6c9d527e4,WAW,CDG,1342.3755951921296,large_airport,large_airport,Lufthansa,Economy,1,One_way,1.0,315.0,810.0,6.0,Morning,Morning,4,5,0,1,0,1,5,0,1
3,2026-05-24,2026-05-27,2ebc83c775957d5aad1c8cd5c5fd95e8c7a5c133fee6ea338727a5d972917a23,WAW,CDG,1342.3755951921296,large_airport,large_airport,Lufthansa,Economy,1,One_way,1.0,1125.0,817.0,19.0,Evening,Afternoon,4,5,0,1,0,1,5,0,1
3,2026-05-24,2026-05-27,477235f014796134fc46604131846e716c33eb1aee4d2ab9617d71150786f6e4,WAW,CDG,1342.3755951921296,large_airport,large_airport,SWISS,Economy,1,One_way,1.0,540.0,833.0,9.0,Morning,Evening,4,5,0,1,0,1,5,0,1
3,2026-05-24,2026-05-27,0d2117fa0f62228737dd3742e472bc05a220efa198c57d3c299c347df0306558,WAW,CDG,1342.3755951921296,large_airport,large_airport,"Lufthansa, Austrian",Economy,1,One_way,2.0,490.0,961.0,14.0,Afternoon,Night,4,5,0,1,0,1,5,0,1
3,2026-05-24,2026-05-27,fc112af3f84c5e9589b7daa39956d58184dd8eedad96e0565046b34581183a7d,WAW,CDG,1342.3755951921296,large_airport,large_airport,"LOT, ITA",Economy,1,One_way,1.0,355.0,1019.0,7.0,Morning,Afternoon,4,5,0,1,0,1,5,0,1
3,2026-05-24,2026-05-27,26702b56a8ac42c65981adaf4e0ae88f3678f95a77c98987fd4e6d8ac0d6ac55,WAW,CDG,1342.3755951921296,large_airport,large_airport,British Airways,Economy,1,One_way,1.0,1155.0,1031.0,18.0,Evening,Afternoon,4,5,0,1,0,1,5,0,1
3,2026-05-24,2026-05-27,b8a8939d61eb361ebe99ad4292a15189789dcbe39b279da8a1b58dafeb3a7138,WAW,CDG,1342.3755951921296,large_airport,large_airport,"LOT, ITA",Economy,1,One_way,2.0,520.0,1036.0,7.0,Morning,Afternoon,4,5,0,1,0,1,5,0,1
3,2026-05-24,2026-05-27,a1fbeb1575ca895d7b156a2a94343f28d541152846bb967fb8346aa5fa552a51,WAW,CDG,1342.3755951921296,large_airport,large_airport,"LOT, ITA",Economy,1,One_way,1.0,600.0,1193.0,7.0,Morning,Evening,4,5,0,1,0,1,5,0,1
3,2026-05-24,2026-05-27,d8d6c44aff3bf300bcf63d94a4da8103bede029ccf365b5db2525b0162e74d59,WAW,CDG,1342.3755951921296,large_airport,large_airport,"LOT, ITA",Economy,1,One_way,1.0,485.0,1193.0,15.0,Afternoon,Night,4,5,0,1,0,1,5,0,1
3,2026-05-24,2026-05-27,27d11bb335449e0a171377ec735d1ad91c3ee0b6dcde131045375a27ef47335f,WAW,MRS,1519.59622663519,large_airport,large_airport,Air France,Business,1,One_way,1.0,325.0,902.0,16.0,Afternoon,Night,4,5,0,1,0,1,5,0,1
3,2026-05-24,2026-05-27,26281594b920204c309c063c4c01273b29e21302abdefddfbba96bec25cf9199,WAW,MRS,1519.59622663519,large_airport,large_airport,Turkish Airlines,Business,1,One_way,1.0,470.0,1086.0,10.0,Morning,Evening,4,5,0,1,0,1,5,0,1
3,2026-05-24,2026-05-27,b265f283df9fba10d86a6de237ba86daf1deb575665f4352c99425c766eab09d,WAW,MRS,1519.59622663519,large_airport,large_airport,British Airways,Business,1,One_way,1.0,380.0,1324.0,11.0,Morning,Evening,4,5,0,1,0,1,5,0,1
3,2026-05-24,2026-05-27,820e861dbce14c114d90652446f11fe32dc27ffbc4871a5eaac97d1f19df94dc,WAW,MRS,1519.59622663519,large_airport,large_airport,KLM,Business,1,One_way,1.0,335.0,1382.0,17.0,Evening,Night,4,5,0,1,0,1,5,0,1
3,2026-05-24,2026-05-27,a0bfd7e9b768f53e5277886062ce03a695917316d26c6e2930642d95fea7ac15,WAW,MRS,1519.59622663519,large_airport,large_airport,Brussels Airlines,Business,1,One_way,1.0,290.0,1445.0,18.0,Evening,Night,4,5,0,1,0,1,5,0,1
3,2026-05-24,2026-05-27,416e159ec727a0772b0321bae107d9f1153e02000b04b67acaefe019498b0035,WAW,MRS,1519.59622663519,large_airport,large_airport,KLM,Business,1,One_way,1.0,640.0,821.0,6.0,Morning,Afternoon,4,5,0,1,0,1,5,0,1
3,2026-05-24,2026-05-27,b78286ebbe4ba5b6eaec26be0a9746ae93fa3f3ad23f4103ca31b5b404d96a8e,WAW,MRS,1519.59622663519,large_airport,large_airport,Air France,Business,1,One_way,1.0,350.0,902.0,6.0,Morning,Morning,4,5,0,1,0,1,5,0,1
3,2026-05-24,2026-05-27,e2f40b6c5026a0e8c4fecd83d430fad0c22c1cebcb115a0f002d16a946f127c9,WAW,MRS,1519.59622663519,large_airport,large_airport,Air France,Business,1,One_way,1.0,815.0,902.0,6.0,Morning,Evening,4,5,0,1,0,1,5,0,1
3,2026-05-24,2026-05-27,2b7abaec77e09dd9b6a0fb6f1915a731704bfd4869bcff9dcb0df904d3b097f1,WAW,MRS,1519.59622663519,large_airport,large_airport,Air France,Business,1,One_way,1.0,805.0,902.0,19.0,Evening,Morning,4,5,0,1,0,1,5,0,1
3,2026-05-24,2026-05-27,3fddffa9f4cf83fe888db0f936863fb3bba7910f3a08585f189282624e25b4ab,WAW,MRS,1519.59622663519,large_airport,large_airport,Air France,Business,1,One_way,1.0,940.0,902.0,19.0,Evening,Morning,4,5,0,1,0,1,5,0,1
3,2026-05-24,2026-05-27,8237e33a0fe15efedb68bc4faf0232b6bbe9f67a8cf203e2f81ad4b7f9b27483,WAW,MRS,1519.59622663519,large_airport,large_airport,Air France,Business,1,One_way,1.0,975.0,904.0,16.0,Afternoon,Morning,4,5,0,1,0,1,5,0,1
3,2026-05-24,2026-05-27,98fd2d8e1e2dce87ebf589291e7b72ced2c046eb8bcccb2f139d1a29e806b82c,WAW,MRS,1519.59622663519,large_airport,large_airport,Air France,Business,1,One_way,1.0,995.0,904.0,19.0,Evening,Morning,4,5,0,1,0,1,5,0,1
3,2026-05-24,2026-05-27,df54117d344dc6760205a82513b9744648bec9cd8fc15ad0d4cab2d54ba58221,WAW,MRS,1519.59622663519,large_airport,large_airport,Air France,Business,1,One_way,2.0,595.0,911.0,12.0,Afternoon,Night,4,5,0,1,0,1,5,0,1
3,2026-05-24,2026-05-27,bef5f140611224ff31fbabeb27c673fa68ef2a552bbe45aad672a491c5b207c2,WAW,MRS,1519.59622663519,large_airport,large_airport,Air France,Business,1,One_way,2.0,975.0,915.0,6.0,Morning,Night,4,5,0,1,0,1,5,0,1
3,2026-05-24,2026-05-27,2251d5c84a87f4639e120bdd168b36924793970ac74214d7873fc7381c170af9,WAW,MRS,1519.59622663519,large_airport,large_airport,British Airways,Business,1,One_way,1.0,500.0,1028.0,8.0,Morning,Afternoon,4,5,0,1,0,1,5,0,1
3,2026-05-24,2026-05-27,50620126fdc16951cc29db3fa6dea3b653d96b70731838645d2104cf59e6c24b,WAW,MRS,1519.59622663519,large_airport,large_airport,British Airways,Business,1,One_way,1.0,595.0,1028.0,8.0,Morning,Evening,4,5,0,1,0,1,5,0,1
3,2026-05-24,2026-05-27,d1817c975f17e0133cc30d875bb37ca02349802e25025ba43ca52cc35e8e9138,WAW,MRS,1519.59622663519,large_airport,large_airport,British Airways,Business,1,One_way,1.0,870.0,1028.0,8.0,Morning,Night,4,5,0,1,0,1,5,0,1
3,2026-05-24,2026-05-27,c4d78a92dacb960650df3cde5c04b554f4269980372dbd6b37f6a81be75c9248,WAW,MRS,1519.59622663519,large_airport,large_airport,KLM,Business,1,One_way,1.0,620.0,1053.0,12.0,Afternoon,Night,4,5,0,1,0,1,5,0,1
3,2026-05-24,2026-05-27,45f7194032c29e287461248612bf15a16705b3b2cdb837d12317d6a135d28adb,WAW,MRS,1519.59622663519,large_airport,large_airport,Turkish Airlines,Business,1,One_way,1.0,1395.0,1086.0,10.0,Morning,Morning,4,5,0,1,0,1,5,0,1
3,2026-05-24,2026-05-27,4248f1b440566f822bbad17ad17f6ba17736b2eb09673047be33004e59b066b2,WAW,MRS,1519.59622663519,large_airport,large_airport,Turkish Airlines,Business,1,One_way,1.0,840.0,1086.0,19.0,Evening,Morning,4,5,0,1,0,1,5,0,1
3,2026-05-24,2026-05-27,d5399c895dcb8a10949d4fd51bdc08f01bd72919e43c69ecffd840527dd2ed30,WAW,MRS,1519.59622663519,large_airport,large_airport,Turkish Airlines,Business,1,One_way,1.0,1355.0,1086.0,19.0,Evening,Evening,4,5,0,1,0,1,5,0,1
3,2026-05-24,2026-05-27,057e499ff7af940148fc32b1d01f108b1e0818e37cb971bb779ed79930857b68,WAW,MRS,1519.59622663519,large_airport,large_airport,Air France,Business,1,One_way,1.0,490.0,1145.0,6.0,Morning,Afternoon,4,5,0,1,0,1,5,0,1
3,2026-05-24,2026-05-27,e2c660c20557eeaf6db70d56be5f6f72c52e56ad18d2b6ba3f30c2d10c38eb6e,WAW,MRS,1519.59622663519,large_airport,large_airport,Air France,Business,1,One_way,1.0,950.0,1145.0,6.0,Morning,Night,4,5,0,1,0,1,5,0,1
3,2026-05-24,2026-05-27,adac30b7a0d9ac695d1115ebac52dfb44f6804c967363c2916c3832285f3333f,WAW,MRS,1519.59622663519,large_airport,large_airport,Air France,Business,1,One_way,1.0,435.0,1145.0,12.0,Afternoon,Evening,4,5,0,1,0,1,5,0,1
3,2026-05-24,2026-05-27,749af05ad505acba131efbe96a016cf1460297edf01dddc391761b43335f4197,WAW,MRS,1519.59622663519,large_airport,large_airport,Air France,Business,1,One_way,1.0,570.0,1145.0,12.0,Afternoon,Night,4,5,0,1,0,1,5,0,1
3,2026-05-24,2026-05-27,ce2a80079b9df18ac39f1b3344c35eb68b8ded2eddcc2fcfa81bd36ac4dbde44,WAW,MRS,1519.59622663519,large_airport,large_airport,Air France,Business,1,One_way,1.0,380.0,1145.0,16.0,Afternoon,Night,4,5,0,1,0,1,5,0,1
3,2026-05-24,2026-05-27,8ebc4a8062460668d39b0e2ecadbf3bfb0f1d776ec1c41a31f4fd58fed1d25d0,WAW,MRS,1519.59622663519,large_airport,large_airport,Air France,Business,1,One_way,1.0,310.0,1145.0,6.0,Morning,Morning,4,5,0,1,0,1,5,0,1
3,2026-05-24,2026-05-27,8580da814616354762946ab80c8349c9c70d7e1e13b915fdb4a43c119f746579,WAW,MRS,1519.59622663519,large_airport,large_airport,"LOT, Tap Air Portugal",Business,1,One_way,1.0,820.0,1209.0,10.0,Morning,Night,4,5,0,1,0,1,5,0,1
3,2026-05-24,2026-05-27,cfa4586c8f30563d0a18d150116c05ce6db2ae9c1f770a2b5b32c20ae001fe6a,WAW,MRS,1519.59622663519,large_airport,large_airport,Aegean,Business,1,One_way,1.0,1385.0,1213.0,18.0,Evening,Evening,4,5,0,1,0,1,5,0,1
3,2026-05-24,2026-05-27,af5166dd8dc467d83e0dc567dd3ab7b6808dd72679d19172de9c192aed58609c,WAW,MRS,1519.59622663519,large_airport,large_airport,British Airways,Business,1,One_way,1.0,655.0,1324.0,11.0,Morning,Night,4,5,0,1,0,1,5,0,1
3,2026-05-24,2026-05-27,0cf5646ec92964ce3b7d4cead4ec0ab37477ddf073f9060b573cebd3c8bbec4b,WAW,MRS,1519.59622663519,large_airport,large_airport,British Airways,Business,1,One_way,1.0,1330.0,1332.0,11.0,Morning,Morning,4,5,0,1,0,1,5,0,1
3,2026-05-24,2026-05-27,5da4be7d85b37b13646f8e06b27338d67bde064bcc48a2cc42a7767e068a0049,WAW,MRS,1519.59622663519,large_airport,large_airport,British Airways,Business,1,One_way,1.0,950.0,1332.0,18.0,Evening,Morning,4,5,0,1,0,1,5,0,1
3,2026-05-24,2026-05-27,4602a4552e3f9e4dc30549f25edcd9ee1f7138084d10109fa0dea83b47910535,WAW,MRS,1519.59622663519,large_airport,large_airport,KLM,Business,1,One_way,1.0,330.0,1382.0,6.0,Morning,Morning,4,5,0,1,0,1,5,0,1
3,2026-05-24,2026-05-27,27dff0bb274d42930c0742d445b5e8de71d56b476ffbb9cb8348319d91bf72eb,WAW,MRS,1519.59622663519,large_airport,large_airport,Brussels Airlines,Business,1,One_way,1.0,965.0,1445.0,6.0,Morning,Night,4,5,0,1,0,1,5,0,1
3,2026-05-24,2026-05-27,5f8f1ed550ea198ebfd42c9ee714f61e5ea6334e41b0720ebca105e2d482e36e,WAW,MRS,1519.59622663519,large_airport,large_airport,British Airways,Business,1,One_way,1.0,1325.0,1453.0,18.0,Evening,Afternoon,4,5,0,1,0,1,5,0,1
3,2026-05-24,2026-05-27,17049e452536fad66a14aee72976f228c554d5487e372d82ab2e4cf64069436d,WAW,MRS,1519.59622663519,large_airport,large_airport,Lufthansa,Business,1,One_way,1.0,775.0,1458.0,9.0,Morning,Night,4,5,0,1,0,1,5,0,1
3,2026-05-24,2026-05-27,434f61279c1274b083e2ad98a8869aa43940121380853b287a834ae0d21c543b,WAW,MRS,1519.59622663519,large_airport,large_airport,Lufthansa,Business,1,One_way,1.0,500.0,1458.0,14.0,Afternoon,Night,4,5,0,1,0,1,5,0,1
3,2026-05-24,2026-05-27,35c14aa7cb3eb8eb17fcc9b92e3907e632492ec8c5d71ceb3ff4a671aea344de,WAW,MRS,1519.59622663519,large_airport,large_airport,"Austrian, Brussels Airlines",Business,1,One_way,2.0,965.0,1473.0,6.0,Morning,Night,4,5,0,1,0,1,5,0,1
3,2026-05-24,2026-05-27,75ec242bc086a54a86be24ba0988bddf23cffa7f56ec4bcb55c0e489aed1f308,WAW,MRS,1519.59622663519,large_airport,large_airport,Lufthansa,Business,1,One_way,1.0,970.0,1476.0,6.0,Morning,Night,4,5,0,1,0,1,5,0,1
3,2026-05-24,2026-05-27,0c2dcc512861e4018c92176950c709920412d2d088de3395f872b37a98dc92e6,WAW,MRS,1519.59622663519,large_airport,large_airport,Air France,Business,1,One_way,1.0,410.0,1488.0,6.0,Morning,Afternoon,4,5,0,1,0,1,5,0,1
3,2026-05-24,2026-05-27,f9cfbde9ef6b3d1bc379988c029f0b95b136396ba8809e99aa423a9f701ea26f,WAW,MRS,1519.59622663519,large_airport,large_airport,Air France,Business,1,One_way,1.0,620.0,1488.0,6.0,Morning,Afternoon,4,5,0,1,0,1,5,0,1
3,2026-05-24,2026-05-27,d7490ebe8978da560ff63c859747342e02f4e8a06f95b5187137519aa564c27b,WAW,MRS,1519.59622663519,large_airport,large_airport,Air France,Business,1,One_way,1.0,625.0,1488.0,12.0,Afternoon,Night,4,5,0,1,0,1,5,0,1
3,2026-05-24,2026-05-27,a5193038777742ebc9cf5d708915756bcb2491d5ac43d3e7569533c53328b961,WAW,MRS,1519.59622663519,large_airport,large_airport,Air France,Business,1,One_way,1.0,1055.0,1490.0,19.0,Evening,Afternoon,4,5,0,1,0,1,5,0,1
3,2026-05-24,2026-05-27,5a5ba92f25265131a978c1f3fdca7ee556b5a6211c28f9167a81d8ef12fea771,WAW,MRS,1519.59622663519,large_airport,large_airport,Lufthansa,Business,1,One_way,2.0,560.0,1538.0,13.0,Afternoon,Night,4,5,0,1,0,1,5,0,1
3,2026-05-24,2026-05-27,51b276e01ef73251f82853b7b27fdea58f13e80be8c827232f5ebfb3a55a0f96,WAW,MRS,1519.59622663519,large_airport,large_airport,"LOT, Lufthansa",Business,1,One_way,1.0,335.0,1547.0,17.0,Evening,Night,4,5,0,1,0,1,5,0,1
3,2026-05-24,2026-05-27,edcd0b56d8df0746e8252a5a6a2b9c80c7f6b72228f81106e09af7932a1a78e4,WAW,MRS,1519.59622663519,large_airport,large_airport,Lufthansa,Business,1,One_way,1.0,1645.0,1701.0,19.0,Evening,Night,4,5,0,1,0,1,5,0,1
3,2026-05-24,2026-05-27,99a1dab924209d2e5cc4002a538fb9c8d5578d4c28539544c379367376a38b02,WAW,MRS,1519.59622663519,large_airport,large_airport,"Austrian, Brussels Airlines",Business,1,One_way,2.0,870.0,1773.0,8.0,Morning,Night,4,5,0,1,0,1,5,0,1
3,2026-05-24,2026-05-27,6b7b509b65734deb0c3d8033992dff25c49f246a66ff71eb12b2e51107e56e15,WAW,MRS,1519.59622663519,large_airport,large_airport,"LOT, SWISS",Business,1,One_way,2.0,905.0,1999.0,22.0,Night,Afternoon,4,5,0,1,0,1,5,0,1
3,2026-05-24,2026-05-27,8e05a0f9d8596c33211ee2f181972ee06252ce3fddff69d5942991336116b3db,WAW,MRS,1519.59622663519,large_airport,large_airport,Brussels Airlines,Business,1,One_way,1.0,355.0,2014.0,6.0,Morning,Afternoon,4,5,0,1,0,1,5,0,1
3,2026-05-24,2026-05-27,f3a3603feb9c84f131504da36ef1aa636e9663feede5362961cedacff4649563,WAW,MRS,1519.59622663519,large_airport,large_airport,Brussels Airlines,Business,1,One_way,1.0,1120.0,2028.0,18.0,Evening,Afternoon,4,5,0,1,0,1,5,0,1
3,2026-05-24,2026-05-27,8e3850dff59e9f545a6db3288cda87ba64625f878dea412c7ae45cebf51bb5bc,WAW,MRS,1519.59622663519,large_airport,large_airport,Lufthansa,Business,1,One_way,1.0,495.0,2028.0,9.0,Morning,Evening,4,5,0,1,0,1,5,0,1
3,2026-05-24,2026-05-27,083d7fe3602b692eb5c48566da96ee6c743085948489b5ba86fd16a5720548a9,WAW,MRS,1519.59622663519,large_airport,large_airport,Lufthansa,Business,1,One_way,2.0,715.0,2107.0,6.0,Morning,Evening,4,5,0,1,0,1,5,0,1
3,2026-05-24,2026-05-27,733b80199581b942f1b309b0cdb10a8bcfe583186396419cf8e65da6845cb92c,WAW,MRS,1519.59622663519,large_airport,large_airport,"LOT, Lufthansa",Business,1,One_way,2.0,905.0,2107.0,7.0,Morning,Night,4,5,0,1,0,1,5,0,1
3,2026-05-24,2026-05-27,16b8c92324834d3a229d4624a66db517d709e4e3d06ca6adaa4f0a07fc68c600,WAW,MRS,1519.59622663519,large_airport,large_airport,"LOT, Turkish Airlines",Business,1,One_way,1.0,520.0,2140.0,9.0,Morning,Evening,4,5,0,1,0,1,5,0,1
3,2026-05-24,2026-05-27,1615aad4d2980de4e03717010f61e186bc84f00ed63af4ea1bc1400477563b25,WAW,MRS,1519.59622663519,large_airport,large_airport,"LOT, Turkish Airlines",Business,1,One_way,1.0,795.0,2140.0,20.0,Evening,Morning,4,5,0,1,0,1,5,0,1
3,2026-05-24,2026-05-27,bea4f7b5b79d4a9924a5921b424ca307850729831f33d7ece82f6d4319dab4a9,WAW,MRS,1519.59622663519,large_airport,large_airport,"Austrian, Brussels Airlines",Business,1,One_way,2.0,475.0,2418.0,15.0,Afternoon,Night,4,5,0,1,0,1,5,0,1
3,2026-05-24,2026-05-27,448337da9f14ec89461d8f765833f2dd567bf42cd358a229bb40c0114f718bfd,WAW,MRS,1519.59622663519,large_airport,large_airport,"LOT, Brussels Airlines",Business,1,One_way,1.0,330.0,3939.0,7.0,Morning,Afternoon,4,5,0,1,0,1,5,0,1
3,2026-05-24,2026-05-27,ba46bf12c7a4596e70986477d3e16deb9f753db20b71fb595136eb693eba2893,WAW,MRS,1519.59622663519,large_airport,large_airport,"LOT, Brussels Airlines",Business,1,One_way,1.0,380.0,3939.0,16.0,Afternoon,Night,4,5,0,1,0,1,5,0,1
3,2026-05-24,2026-05-27,5d847e8dd70127a2ddbb113eb49322d6f464c7b58d012cf13753249664d78c53,WAW,NCE,1390.481590073946,large_airport,large_airport,"LOT, Scandinavian Airlines",Premium economy,1,One_way,2.0,725.0,3816.0,22.0,Night,Morning,4,5,0,1,0,1,5,0,1
3,2026-05-24,2026-05-27,cab8f8ffa120a13c0708cba2a0d06b195409cc78f1866c2459df9084260bc7d6,WAW,NCE,1390.481590073946,large_airport,large_airport,"LOT, Scandinavian Airlines",Premium economy,1,One_way,1.0,800.0,5908.0,20.0,Evening,Morning,4,5,0,1,0,1,5,0,1
3,2026-05-24,2026-05-27,4c16055c4529111ee3b42fa911443692258eedd8c03d83d8720a62f68a7df2e8,WAW,NCE,1390.481590073946,large_airport,large_airport,"LOT, Scandinavian Airlines",Premium economy,1,One_way,2.0,865.0,5956.0,20.0,Evening,Morning,4,5,0,1,0,1,5,0,1
3,2026-05-24,2026-05-27,af9a4700a900cb6a126bd3876c1d4e18721ee9e4cd49919edde97437257c50d3,WAW,NCE,1390.481590073946,large_airport,large_airport,,Premium economy,1,One_way,,,0.0,,,,4,5,0,1,0,1,5,0,1
3,2026-05-24,2026-05-27,4f0db70381ebd1cd0f59480f6f1b48dcb44bd412d173d618ed704575173ae754,WAW,NCE,1390.481590073946,large_airport,large_airport,Wizz Air,Economy,1,One_way,0.0,155.0,110.0,5.0,Morning,Morning,4,5,0,1,0,1,5,0,1
3,2026-05-24,2026-05-27,70143f53ca4216f71f700155c9ad457d6c7d6ac826483b442ce6e2af9e1fbdf2,WAW,NCE,1390.481590073946,large_airport,large_airport,Turkish Airlines,Economy,1,One_way,1.0,485.0,275.0,10.0,Morning,Evening,4,5,0,1,0,1,5,0,1
3,2026-05-24,2026-05-27,327fb895a3f188be7586d3e06a868602d2f7aed27fd418d6910a886b0c6aeebb,WAW,NCE,1390.481590073946,large_airport,large_airport,KLM,Economy,1,One_way,1.0,315.0,340.0,17.0,Evening,Night,4,5,0,1,0,1,5,0,1
3,2026-05-24,2026-05-27,8e2531acbb7fd293e49b1a6011ebf99ebf693661fa1a574da6700b28fdb28129,WAW,NCE,1390.481590073946,large_airport,large_airport,LOT,Economy,1,One_way,0.0,150.0,534.0,16.0,Afternoon,Evening,4,5,0,1,0,1,5,0,1
3,2026-05-24,2026-05-27,923c0b5ca720b2fb7519ec012335b9f2dd81696c6b370253d73157f74865d992,WAW,NCE,1390.481590073946,large_airport,large_airport,Turkish Airlines,Economy,1,One_way,1.0,830.0,275.0,19.0,Evening,Morning,4,5,0,1,0,1,5,0,1
3,2026-05-24,2026-05-27,c28ca39d91e2d8f6fc3e402f3e42ea240ca3ca674e7aa89d835a6e553b46965a,WAW,NCE,1390.481590073946,large_airport,large_airport,Norwegian,Economy,1,One_way,1.0,490.0,330.0,12.0,Afternoon,Evening,4,5,0,1,0,1,5,0,1
3,2026-05-24,2026-05-27,7d9f797471ae962a1d38816c96ff0c146e7bf9092ca94ede5d4f7f0442abe64f,WAW,NCE,1390.481590073946,large_airport,large_airport,KLM,Economy,1,One_way,1.0,365.0,415.0,12.0,Afternoon,Evening,4,5,0,1,0,1,5,0,1
3,2026-05-24,2026-05-27,ac91435d38d8f37873d941337c6bdb3959b34bdd15e29464545a609939a66593,WAW,NCE,1390.481590073946,large_airport,large_airport,KLM,Economy,1,One_way,1.0,600.0,415.0,12.0,Afternoon,Night,4,5,0,1,0,1,5,0,1
3,2026-05-24,2026-05-27,1639a610ee956739724179e58d0cd2dfbbf4f1dcd38d7ade44125d907a4d124e,WAW,NCE,1390.481590073946,large_airport,large_airport,"LOT, ITA",Economy,1,One_way,1.0,430.0,424.0,7.0,Morning,Afternoon,4,5,0,1,0,1,5,0,1
3,2026-05-24,2026-05-27,22fcc9acfaedd04c41223a1f7dfd33426c74be6d577f60389d55de03c71ec2b7,WAW,NCE,1390.481590073946,large_airport,large_airport,Lufthansa,Economy,1,One_way,1.0,440.0,515.0,6.0,Morning,Afternoon,4,5,0,1,0,1,5,0,1
3,2026-05-24,2026-05-27,9418860f1c806cdd5c1cd68f42ef56ce75b5b87f03a988b7f33e9042ee3a0132,WAW,NCE,1390.481590073946,large_airport,large_airport,"LOT, ITA",Economy,1,One_way,2.0,415.0,540.0,7.0,Morning,Afternoon,4,5,0,1,0,1,5,0,1
3,2026-05-24,2026-05-27,1eb4a495a37d66009428fb870ddffa949c5612d42d784d9bc8e555ddafed9d7b,WAW,NCE,1390.481590073946,large_airport,large_airport,Air France,Economy,1,One_way,1.0,370.0,566.0,16.0,Afternoon,Night,4,5,0,1,0,1,5,0,1
3,2026-05-24,2026-05-27,b70fb0fd4081c02367549689e344dd11d5d7980d64a9b73893e383b001968fc3,WAW,NCE,1390.481590073946,large_airport,large_airport,Brussels Airlines,Economy,1,One_way,1.0,365.0,574.0,6.0,Morning,Afternoon,4,5,0,1,0,1,5,0,1
3,2026-05-24,2026-05-27,3e70af59a621638030d40c6c3cc7657610e47a0849f0a61a061c42acb2145a96,WAW,NCE,1390.481590073946,large_airport,large_airport,Brussels Airlines,Economy,1,One_way,1.0,530.0,615.0,6.0,Morning,Afternoon,4,5,0,1,0,1,5,0,1
3,2026-05-24,2026-05-27,e069e64c1120533594bc08d684b52b53ddccb06c00bc1a02875ea95f5f2091c9,WAW,NCE,1390.481590073946,large_airport,large_airport,Air France,Economy,1,One_way,1.0,300.0,670.0,16.0,Afternoon,Night,4,5,0,1,0,1,5,0,1
3,2026-05-24,2026-05-27,123fbde7aef2fb388a6f2c81bc8d303efcf25e3244e858d8f008f91178ca8c1d,WAW,NCE,1390.481590073946,large_airport,large_airport,Austrian,Economy,1,One_way,1.0,340.0,781.0,15.0,Afternoon,Evening,4,5,0,1,0,1,5,0,1
3,2026-05-24,2026-05-27,a453e740ee0a70ef7fe67b8e2a4456c72091c725239aaeb2d47cf4747c1e9c44,WAW,NCE,1390.481590073946,large_airport,large_airport,Lufthansa,Economy,1,One_way,1.0,235.0,784.0,13.0,Afternoon,Evening,4,5,0,1,0,1,5,0,1
3,2026-05-24,2026-05-27,79f70fd9f3fcfbcf0770c845681c8843e1c82e49d2b7903325bf2cbb5ce9ae22,WAW,NCE,1390.481590073946,large_airport,large_airport,Air France,Business,1,One_way,1.0,300.0,902.0,16.0,Afternoon,Night,4,5,0,1,0,1,5,0,1
3,2026-05-24,2026-05-27,03404fdc62991d1be8faaa97a541c38f81ec0f73eeaf455c5f2d0b13e4e998b9,WAW,NCE,1390.481590073946,large_airport,large_airport,LOT,Business,1,One_way,0.0,150.0,994.0,16.0,Afternoon,Evening,4,5,0,1,0,1,5,0,1
3,2026-05-24,2026-05-27,0758120729bd57c6ffbbbabf9dd691b32be24ceb7b913c01219a10aae5ecfe1f,WAW,NCE,1390.481590073946,large_airport,large_airport,KLM,Business,1,One_way,1.0,315.0,1052.0,17.0,Evening,Night,4,5,0,1,0,1,5,0,1
3,2026-05-24,2026-05-27,9f142978fc2d362719294c8d3b6087569e683c19be934b9bdeeeca81666b2262,WAW,NCE,1390.481590073946,large_airport,large_airport,Scandinavian Airlines,Business,1,One_way,1.0,770.0,637.0,19.0,Evening,Morning,4,5,0,1,0,1,5,0,1
3,2026-05-24,2026-05-27,2b299510504f92122b0b5d7902691609955798caf19c069eed9b5301f70c405b,WAW,NCE,1390.481590073946,large_airport,large_airport,Scandinavian Airlines,Business,1,One_way,1.0,915.0,637.0,19.0,Evening,Morning,4,5,0,1,0,1,5,0,1
3,2026-05-24,2026-05-27,4f5d706b2115b07901fba5c7c544fca4868854e97fe15c3f46104df758345e67,WAW,NCE,1390.481590073946,large_airport,large_airport,KLM,Business,1,One_way,1.0,625.0,821.0,6.0,Morning,Afternoon,4,5,0,1,0,1,5,0,1
3,2026-05-24,2026-05-27,fab29d5e8408a2320c2ad8396a25154d7f33fe78f96c8b27527b4d04667edbb4,WAW,NCE,1390.481590073946,large_airport,large_airport,KLM,Business,1,One_way,1.0,750.0,821.0,6.0,Morning,Evening,4,5,0,1,0,1,5,0,1
3,2026-05-24,2026-05-27,b483ec75e8e31a563c22c4d0748f1fd7ef1cebf5d612260346bc46556d8d28e4,WAW,NCE,1390.481590073946,large_airport,large_airport,"LOT, ITA",Business,1,One_way,1.0,430.0,867.0,7.0,Morning,Afternoon,4,5,0,1,0,1,5,0,1
3,2026-05-24,2026-05-27,91fc9dc64291584cbbd7b5645eae108db177f1d0c839054108d18331e6b8f919,WAW,NCE,1390.481590073946,large_airport,large_airport,Air France,Business,1,One_way,1.0,660.0,902.0,6.0,Morning,Evening,4,5,0,1,0,1,5,0,1
3,2026-05-24,2026-05-27,85c287d0c9c5127d647baf379825566f8316210bd0722d307f0b7c6e3deeb0ce,WAW,NCE,1390.481590073946,large_airport,large_airport,Air France,Business,1,One_way,1.0,745.0,902.0,6.0,Morning,Evening,4,5,0,1,0,1,5,0,1
3,2026-05-24,2026-05-27,0d2bbe85ab4a82ff138a0d3e971b783be2a6d8ecd7c0cbd8e0cc42f2fa9e96c5,WAW,NCE,1390.481590073946,large_airport,large_airport,Air France,Business,1,One_way,1.0,365.0,902.0,12.0,Afternoon,Evening,4,5,0,1,0,1,5,0,1
3,2026-05-24,2026-05-27,e129933008394ad5844b8f96c7fc87ecebee569bd9fbc4091ec10d15a1721677,WAW,NCE,1390.481590073946,large_airport,large_airport,Air France,Business,1,One_way,1.0,615.0,902.0,12.0,Afternoon,Night,4,5,0,1,0,1,5,0,1
3,2026-05-24,2026-05-27,b4e54c58310c64ed05f0ae2cb8b293b158119abaf9e3dd7b28d8827c781a8ef0,WAW,NCE,1390.481590073946,large_airport,large_airport,Air France,Business,1,One_way,1.0,370.0,902.0,16.0,Afternoon,Night,4,5,0,1,0,1,5,0,1
3,2026-05-24,2026-05-27,36207fa7ad7cc3a6ee6105ac259609ba62e904baaf41ecee081575e28fa437b7,WAW,NCE,1390.481590073946,large_airport,large_airport,Air France,Business,1,One_way,1.0,945.0,902.0,16.0,Afternoon,Morning,4,5,0,1,0,1,5,0,1
3,2026-05-24,2026-05-27,0892519120247ca660d9b1499edb373993708ec669843e9d220321b602eb6193,WAW,NCE,1390.481590073946,large_airport,large_airport,Air France,Business,1,One_way,1.0,775.0,902.0,19.0,Evening,Morning,4,5,0,1,0,1,5,0,1
3,2026-05-24,2026-05-27,53484c01b275b295220a958707b7550d59af92f50b00d353524a5fdb39469ee1,WAW,NCE,1390.481590073946,large_airport,large_airport,Air France,Business,1,One_way,1.0,810.0,902.0,19.0,Evening,Morning,4,5,0,1,0,1,5,0,1
3,2026-05-24,2026-05-27,26fb9202ca752982a84f63dd8b45c9925e52acdb2abb3c93753298bf30708a06,WAW,NCE,1390.481590073946,large_airport,large_airport,Air France,Business,1,One_way,1.0,880.0,902.0,19.0,Evening,Morning,4,5,0,1,0,1,5,0,1
3,2026-05-24,2026-05-27,b073f5e4d317c26bae9c335560a11b95e6d2d05c9f03bfe53537d2570c0b947f,WAW,NCE,1390.481590073946,large_airport,large_airport,Air France,Business,1,One_way,1.0,910.0,902.0,19.0,Evening,Morning,4,5,0,1,0,1,5,0,1
3,2026-05-24,2026-05-27,9d96171464c08048127f65067380355323f5e5c781ec98fc0ada4642ad0d5d27,WAW,NCE,1390.481590073946,large_airport,large_airport,Air France,Business,1,One_way,1.0,965.0,902.0,19.0,Evening,Morning,4,5,0,1,0,1,5,0,1
3,2026-05-24,2026-05-27,cf3eff99fdf1fbc0c82fcba0dd52430b23e197b082303bd8a2cdd179bb68b155,WAW,NCE,1390.481590073946,large_airport,large_airport,Air France,Business,1,One_way,1.0,995.0,904.0,6.0,Morning,Night,4,5,0,1,0,1,5,0,1
3,2026-05-24,2026-05-27,d45062fb63fe58b5ed714f066d661487fb0d880b86b76e45df49eb492aed9566,WAW,NCE,1390.481590073946,large_airport,large_airport,Air France,Business,1,One_way,1.0,1060.0,904.0,19.0,Evening,Afternoon,4,5,0,1,0,1,5,0,1
3,2026-05-24,2026-05-27,485ff9bd7a63b72bfece10853b8daa3aef1449f61d8cd5ea38bb4c7473a211b7,WAW,NCE,1390.481590073946,large_airport,large_airport,Air France,Business,1,One_way,2.0,610.0,911.0,12.0,Afternoon,Night,4,5,0,1,0,1,5,0,1
3,2026-05-24,2026-05-27,a0dd7bb57dffb51ca5f4979e5a7cf1dc32e62cd2492808f5380ecb7e6c9514dd,WAW,NCE,1390.481590073946,large_airport,large_airport,British Airways,Business,1,One_way,1.0,715.0,1021.0,8.0,Morning,Evening,4,5,0,1,0,1,5,0,1
3,2026-05-24,2026-05-27,83bbd5d7436eecd80a826ffc0b3629d238ae1e707bed870890da6d256f3228fd,WAW,NCE,1390.481590073946,large_airport,large_airport,"LOT, Tap Air Portugal",Business,1,One_way,1.0,835.0,1021.0,10.0,Morning,Night,4,5,0,1,0,1,5,0,1
3,2026-05-24,2026-05-27,67612f8a7003cc85417f018875217542aa54a008a9fe033a15e39a417bd4265d,WAW,NCE,1390.481590073946,large_airport,large_airport,KLM,Business,1,One_way,1.0,365.0,1052.0,12.0,Afternoon,Evening,4,5,0,1,0,1,5,0,1
3,2026-05-24,2026-05-27,21fc1e882e152c29ebe75429c3d05927e3e90369fe1e2b4540d9d69cd54b9c7b,WAW,NCE,1390.481590073946,large_airport,large_airport,KLM,Business,1,One_way,1.0,600.0,1052.0,12.0,Afternoon,Night,4,5,0,1,0,1,5,0,1
3,2026-05-24,2026-05-27,eaf296d9605ce048e1608df08fc74bea462c8065ba83cc3915025e3e7b2dc918,WAW,NCE,1390.481590073946,large_airport,large_airport,Air France,Business,1,One_way,1.0,320.0,1145.0,6.0,Morning,Morning,4,5,0,1,0,1,5,0,1
3,2026-05-24,2026-05-27,9c2fc423d7fd4a9a599d1c0f5294877be9c6a3a8e40112e7924cf4047dc9fb5f,WAW,NCE,1390.481590073946,large_airport,large_airport,Air France,Business,1,One_way,1.0,495.0,1145.0,6.0,Morning,Afternoon,4,5,0,1,0,1,5,0,1
3,2026-05-24,2026-05-27,39d4b9256229d9177307589cd7cd050455ff82d0782498c926deddc74978c4db,WAW,NCE,1390.481590073946,large_airport,large_airport,Air France,Business,1,One_way,1.0,585.0,1145.0,6.0,Morning,Afternoon,4,5,0,1,0,1,5,0,1
3,2026-05-24,2026-05-27,68afb57fd8125496a5ca9417f3c5965a2959ef5086a37de557d3df285180a68e,WAW,NCE,1390.481590073946,large_airport,large_airport,Air France,Business,1,One_way,1.0,820.0,1145.0,6.0,Morning,Evening,4,5,0,1,0,1,5,0,1
3,2026-05-24,2026-05-27,d679e4d1124fc1ea5856b88782a853ac99780f7ddc4eb8c79755828f8a73e934,WAW,NCE,1390.481590073946,large_airport,large_airport,Air France,Business,1,One_way,1.0,440.0,1145.0,12.0,Afternoon,Evening,4,5,0,1,0,1,5,0,1
3,2026-05-24,2026-05-27,1541644f54d8ba3e5960b401e764ed39a1e0acc4e41f951d01840ab9a6c8d180,WAW,NCE,1390.481590073946,large_airport,large_airport,Air France,Business,1,One_way,1.0,545.0,1145.0,12.0,Afternoon,Night,4,5,0,1,0,1,5,0,1
3,2026-05-24,2026-05-27,aa8f76b3bfd4399a41c3a65c97a1da07a831a6352c73279cc5b899350229ab7e,WAW,NCE,1390.481590073946,large_airport,large_airport,"LOT, Lufthansa",Business,1,One_way,1.0,380.0,1200.0,17.0,Evening,Night,4,5,0,1,0,1,5,0,1
3,2026-05-24,2026-05-27,4c876af785401692448208dceeb91179901e90e570236eb93fc3ff05113c27cd,WAW,NCE,1390.481590073946,large_airport,large_airport,"LOT, ITA",Business,1,One_way,1.0,1135.0,1240.0,15.0,Afternoon,Morning,4,5,0,1,0,1,5,0,1
3,2026-05-24,2026-05-27,4274b80da5a17815cc7ae7c0779fdb0c212022e28e0a1bc0ad82ed78a41c5aae,WAW,NCE,1390.481590073946,large_airport,large_airport,Turkish Airlines,Business,1,One_way,1.0,485.0,1401.0,10.0,Morning,Evening,4,5,0,1,0,1,5,0,1
3,2026-05-24,2026-05-27,aca133fe04d3e79233fb4ed7fab865a8ed275afb3593b88418e888ff8db6924b,WAW,NCE,1390.481590073946,large_airport,large_airport,British Airways,Business,1,One_way,1.0,750.0,1417.0,8.0,Morning,Evening,4,5,0,1,0,1,5,0,1
3,2026-05-24,2026-05-27,68cea2bf225c073181cc6ce829e96852c982744c8033c600bc9e233ec8da6fb7,WAW,NCE,1390.481590073946,large_airport,large_airport,Air France,Business,1,One_way,1.0,415.0,1488.0,6.0,Morning,Afternoon,4,5,0,1,0,1,5,0,1
3,2026-05-24,2026-05-27,8fad93261dd10e775e4831f12f8c21ba0deb7478db40d1094da4d982ff597031,WAW,NCE,1390.481590073946,large_airport,large_airport,Air France,Business,1,One_way,1.0,520.0,1488.0,6.0,Morning,Afternoon,4,5,0,1,0,1,5,0,1
3,2026-05-24,2026-05-27,88bdef81c7662be3b7e8de61fbf2e9659c9dbc2abb4340b9de191f7e86638fdc,WAW,NCE,1390.481590073946,large_airport,large_airport,Austrian,Business,1,One_way,1.0,735.0,1659.0,8.0,Morning,Evening,4,5,0,1,0,1,5,0,1
3,2026-05-24,2026-05-27,81f26e10165c0c4bf12fb6024ac52ae7b317d866aa92a6a5e8af3dc59088e7e9,WAW,NCE,1390.481590073946,large_airport,large_airport,Austrian,Business,1,One_way,1.0,340.0,1659.0,15.0,Afternoon,Evening,4,5,0,1,0,1,5,0,1
3,2026-05-24,2026-05-27,6eca8b4d740ee239adc89d4b3355122384b96a35255e854eadf5e98d32beacfe,WAW,NCE,1390.481590073946,large_airport,large_airport,Brussels Airlines,Business,1,One_way,1.0,365.0,1659.0,6.0,Morning,Afternoon,4,5,0,1,0,1,5,0,1
3,2026-05-24,2026-05-27,5f687118fc532ec6c18b304c49514d35472256cc181c82041d1e81c296cd66b5,WAW,NCE,1390.481590073946,large_airport,large_airport,Brussels Airlines,Business,1,One_way,1.0,530.0,1659.0,6.0,Morning,Afternoon,4,5,0,1,0,1,5,0,1
3,2026-05-24,2026-05-27,73a8fde8b0a9cc4ab1f3bf0bd8d814d773f46a0dc786764ab7acaf1f350ab722,WAW,NCE,1390.481590073946,large_airport,large_airport,"LOT, SWISS",Business,1,One_way,1.0,370.0,1662.0,7.0,Morning,Afternoon,4,5,0,1,0,1,5,0,1
3,2026-05-24,2026-05-27,e921a5b9487a287ee3b7d79445532fb829889d9c8ced8f8ae3f47ecb87bdfe44,WAW,NCE,1390.481590073946,large_airport,large_airport,SWISS,Business,1,One_way,1.0,510.0,1662.0,9.0,Morning,Evening,4,5,0,1,0,1,5,0,1
3,2026-05-24,2026-05-27,12812407725500ca4b9138d23e1d6f0ee8853b94f6a01a54e3ca64e952317e8f,WAW,NCE,1390.481590073946,large_airport,large_airport,Lufthansa,Business,1,One_way,1.0,395.0,1664.0,6.0,Morning,Afternoon,4,5,0,1,0,1,5,0,1
3,2026-05-24,2026-05-27,5da321edae688a20d0636d9f1f4593f35cfeb47c184c12b2fd6bb600eb0e1d82,WAW,NCE,1390.481590073946,large_airport,large_airport,Lufthansa,Business,1,One_way,1.0,235.0,1664.0,13.0,Afternoon,Evening,4,5,0,1,0,1,5,0,1
3,2026-05-24,2026-05-27,580795c98e4d1524a706704b6ef1a4f0a14e3d62b4d04f9d8395d579ccac7b7d,WAW,NCE,1390.481590073946,large_airport,large_airport,Lufthansa,Business,1,One_way,1.0,335.0,1664.0,17.0,Evening,Night,4,5,0,1,0,1,5,0,1
3,2026-05-24,2026-05-27,e09f53bb26163623ebb2a33e0d93efd57ed79e3f748ee28f33196da54871530c,WAW,NCE,1390.481590073946,large_airport,large_airport,"LOT, Lufthansa",Business,1,One_way,1.0,365.0,1673.0,7.0,Morning,Afternoon,4,5,0,1,0,1,5,0,1
3,2026-05-24,2026-05-27,a29252003100960f75b10ba6f7fa80e78a3648bf989b9db92230682d96461461,WAW,NCE,1390.481590073946,large_airport,large_airport,British Airways,Business,1,One_way,1.0,500.0,1720.0,11.0,Morning,Evening,4,5,0,1,0,1,5,0,1
3,2026-05-24,2026-05-27,1b94be6a8452b9556dd9444a02186f7046d58cc4d05dfce13ec764558e207be5,WAW,NCE,1390.481590073946,large_airport,large_airport,"LOT, Lufthansa",Business,1,One_way,2.0,935.0,1752.0,7.0,Morning,Night,4,5,0,1,0,1,5,0,1
3,2026-05-24,2026-05-27,90b5dc9ae9d8dec42e177c5ebfc91bfaa57149989dc06915aacf1046d08ecc6e,WAW,NCE,1390.481590073946,large_airport,large_airport,"LOT, Lufthansa",Business,1,One_way,2.0,390.0,1752.0,17.0,Evening,Night,4,5,0,1,0,1,5,0,1
3,2026-05-24,2026-05-27,2dffee7ce856ca3eff6bdf738bf85360a7d40700770c3d7f5195e45baa915d3f,WAW,NCE,1390.481590073946,large_airport,large_airport,KLM,Business,1,One_way,1.0,330.0,3043.0,6.0,Morning,Morning,4,5,0,1,0,1,5,0,1
3,2026-05-24,2026-05-27,23a6851ea4392b481e6c7108501af36e5f9a20aaa6e3fde307aa77a81997c86f,KTW,CDG,1196.1514103215857,large_airport,large_airport,LOT,Economy,1,One_way,1.0,250.0,289.0,5.0,Morning,Morning,4,5,0,1,0,1,5,0,1
3,2026-05-24,2026-05-27,731225e3d2cb6d71e2ccae741c05d7095f2e3f0f2920d92761e8cfa154ff0ffe,KTW,CDG,1196.1514103215857,large_airport,large_airport,LOT,Economy,1,One_way,1.0,415.0,289.0,11.0,Morning,Evening,4,5,0,1,0,1,5,0,1
3,2026-05-24,2026-05-27,c44a1713acf0ada467040204e563018b2790084171e287c6d7da2efe05c0b11b,KTW,CDG,1196.1514103215857,large_airport,large_airport,"Air Dolomiti, Lufthansa",Economy,1,One_way,1.0,250.0,302.0,14.0,Afternoon,Evening,4,5,0,1,0,1,5,0,1
3,2026-05-24,2026-05-27,5b126a789b11222d278050a9f90610869916356425fe50fa9140ce3da1f9c413,KTW,CDG,1196.1514103215857,large_airport,large_airport,LOT,Economy,1,One_way,1.0,855.0,289.0,8.0,Morning,Night,4,5,0,1,0,1,5,0,1
3,2026-05-24,2026-05-27,5e517063e4d45d63c0d84c7a54545d7ab4bd586e27cf2018f64108147276dcbc,KTW,CDG,1196.1514103215857,large_airport,large_airport,LOT,Economy,1,One_way,1.0,650.0,289.0,11.0,Morning,Night,4,5,0,1,0,1,5,0,1
3,2026-05-24,2026-05-27,e80c36c6709031546f351680c5823c00688828554f2e49adddeb3bd273135ae1,KTW,CDG,1196.1514103215857,large_airport,large_airport,LOT,Economy,1,One_way,1.0,455.0,289.0,15.0,Afternoon,Night,4,5,0,1,0,1,5,0,1
3,2026-05-24,2026-05-27,e124063ccd0d4ed87f4e5c1d7ff8daa80f80b7bda5ba7d321a7b29ff1e351f51,KTW,CDG,1196.1514103215857,large_airport,large_airport,"Air Dolomiti, Lufthansa",Economy,1,One_way,1.0,275.0,302.0,6.0,Morning,Morning,4,5,0,1,0,1,5,0,1
3,2026-05-24,2026-05-27,95adb41632ee1bd4708dbac9dda9244517747c309a3c99cbef143679c2260ce6,KTW,CDG,1196.1514103215857,large_airport,large_airport,"Air Dolomiti, Lufthansa",Economy,1,One_way,1.0,715.0,302.0,6.0,Morning,Evening,4,5,0,1,0,1,5,0,1
3,2026-05-24,2026-05-27,776b674a9f0877935d52ff17f34349dd67623caa0dff603575bd348c26715006,KTW,CDG,1196.1514103215857,large_airport,large_airport,"Air Dolomiti, Lufthansa",Economy,1,One_way,1.0,770.0,302.0,6.0,Morning,Evening,4,5,0,1,0,1,5,0,1
3,2026-05-24,2026-05-27,2c9990b76affa9e120b8fc91324d9ca712c1c617748cad48b7c52eaf713dece4,KTW,CDG,1196.1514103215857,large_airport,large_airport,"Air Dolomiti, Lufthansa",Economy,1,One_way,1.0,475.0,302.0,14.0,Afternoon,Night,4,5,0,1,0,1,5,0,1
3,2026-05-24,2026-05-27,3cc2da92eac34c85a66a332d4423e569d6b626ab550a1865f9f2f52924e28ec0,KTW,CDG,1196.1514103215857,large_airport,large_airport,"Air Dolomiti, Lufthansa",Economy,1,One_way,1.0,995.0,320.0,6.0,Morning,Night,4,5,0,1,0,1,5,0,1
3,2026-05-24,2026-05-27,7a0747ec28a32af534bfa625e7cfa59275c6c17ec2f4a345b495e5ce1d1bb04d,KTW,CDG,1196.1514103215857,large_airport,large_airport,LOT,Economy,1,One_way,1.0,1025.0,330.0,5.0,Morning,Night,4,5,0,1,0,1,5,0,1
3,2026-05-24,2026-05-27,fdd9fbe763923b7a790f499d51c209aeea5a95e70b9973b6598cf73a985ca557,KTW,CDG,1196.1514103215857,large_airport,large_airport,"Air Dolomiti, Lufthansa",Economy,1,One_way,1.0,465.0,349.0,6.0,Morning,Afternoon,4,5,0,1,0,1,5,0,1
3,2026-05-24,2026-05-27,7d26a7feea42d867c44322857ca736f8ed5d860fa0683af777df0442df5761ac,KTW,CDG,1196.1514103215857,large_airport,large_airport,"Air Dolomiti, Lufthansa",Economy,1,One_way,2.0,675.0,360.0,6.0,Morning,Evening,4,5,0,1,0,1,5,0,1
3,2026-05-24,2026-05-27,1bb3389a09577525a1e51b26463c79aa77c2834f3c94bed6272a243471de10c5,KTW,CDG,1196.1514103215857,large_airport,large_airport,"Air Dolomiti, Lufthansa",Economy,1,One_way,2.0,855.0,360.0,6.0,Morning,Evening,4,5,0,1,0,1,5,0,1
3,2026-05-24,2026-05-27,920f0b69c3ca58ed672941f7e994b1d0c87c1dab0ef8b5e6b6580f6eadc47ca1,KTW,CDG,1196.1514103215857,large_airport,large_airport,"Air Dolomiti, Lufthansa, Lufthansa City Airlines",Economy,1,One_way,2.0,535.0,360.0,14.0,Afternoon,Night,4,5,0,1,0,1,5,0,1
3,2026-05-24,2026-05-27,a4d761af95c282cd61f78be119c175f26f2ce50f5d1c79b7b47c53c33140d6c3,KTW,CDG,1196.1514103215857,large_airport,large_airport,"Air Dolomiti, Austrian",Economy,1,One_way,2.0,545.0,389.0,6.0,Morning,Afternoon,4,5,0,1,0,1,5,0,1
3,2026-05-24,2026-05-27,ff636f5f910249d04e397885797a24a22bd5f0a8a242c9744a1891deeef1cdc3,KTW,CDG,1196.1514103215857,large_airport,large_airport,"Air Dolomiti, Austrian",Economy,1,One_way,2.0,660.0,389.0,6.0,Morning,Evening,4,5,0,1,0,1,5,0,1
3,2026-05-24,2026-05-27,b8cf3f62df58f85c7bd84ef6b84e01dc9f2b7fff77db86c7589de84be0440033,KTW,CDG,1196.1514103215857,large_airport,large_airport,"Air Dolomiti, Austrian",Economy,1,One_way,2.0,800.0,389.0,6.0,Morning,Evening,4,5,0,1,0,1,5,0,1
3,2026-05-24,2026-05-27,75aa5660b34abf318400462bc80b16471986be1da8cc0f679020db128abf3ab9,KTW,CDG,1196.1514103215857,large_airport,large_airport,"Air Dolomiti, Lufthansa",Economy,1,One_way,1.0,1615.0,394.0,6.0,Morning,Morning,4,5,0,1,0,1,5,0,1
3,2026-05-24,2026-05-27,6259ab70a125aea97fd39e6a228bab1cde6d4a1a662594f6152ef35f6803670b,KTW,CDG,1196.1514103215857,large_airport,large_airport,"Air Dolomiti, Lufthansa",Economy,1,One_way,1.0,1095.0,394.0,14.0,Afternoon,Morning,4,5,0,1,0,1,5,0,1
3,2026-05-24,2026-05-27,2c9cb2499d27450fe4d5b5aacf4ea2852d20deda247ff80bbd8358782195ede3,KTW,CDG,1196.1514103215857,large_airport,large_airport,"Air Dolomiti, Lufthansa",Economy,1,One_way,1.0,1140.0,394.0,14.0,Afternoon,Morning,4,5,0,1,0,1,5,0,1
